"ObjectID","Mapped","Crash Date","City/Town","Address","AOT Route","Crash Type","Collision Direction","Weather","Road Group","Report Number","Reporting Agency","Road Group ID","AOT Actual Milepoint","Animal","Time of Day","Intersection With","Impairment","Involving","Non Reportable Address","Reporting Agency ID","Road Characteristics","Road Condition","Street Address","Surface Condition","AOT Route ID","Coordinates"
"8010785","","March 29, 2025 at 8:03 AM","Burlington","Farrington Pkwy","FARRINGTON PKWY","Property Damage Only","Rear End","Freezing Precipitation","Street or Town Highways in FA Urban Area","25BU006268","Burlington PD","5","999.99","None/Other","Day","Hinesburg Rd","None","Heavy Truck","","VT0040100","Not at a Junction","Road Surface Condition(wet, icy, snow, slush, etc)","Farrington Pkwy","Snow","0000","44.512241424132,-73.24461094035713"
"8014199","","March 29, 2025 at 12:52 PM","Burlington","212 N Champlain St","N CHAMPLAIN ST.","Property Damage Only","","","Federal Aid Urban System (Class 2 TH's and 3 TH's only)","25BU006286","Burlington PD","2","0.428","None/Other","Day","Poplar St","None","None","","VT0040100","Not at a Junction","","212 N Champlain St","","U5028","44.486522638760285,-73.2178804917083"
"8011372","","March 29, 2025 at 9:13 PM","Burlington","S Willard St","US-7","Property Damage Only","","","State Highway numbered route, Class 1 TH","25BU006313","Burlington PD","11","2.209","None/Other","Night","College St","None","None","","VT0040100","Four-way Intersection","","S Willard St","","0070","44.47745240304347,-73.20555825864481"
"8014819","","March 29, 2025 at 11:45 PM","Burlington","65 Turf Rd","TURF RD","Property Damage Only","Single Vehicle Crash","Cloudy","Private Property (Driveways)","25BU006317","Burlington PD","8","999.99","None/Other","Night","Plattsburgh Ave","Alcohol","None","","VT0040100","Other - Explain in Narrative","Other - Explain in Narrative","65 Turf Rd","Wet","0000","44.51954052269425,-73.25820071212615"
"8013733","","March 30, 2025 at 12:00 AM","Burlington","443 S Willard St","US-7","Property Damage Only","","","State Highway numbered route, Class 1 TH","25BU006332","Burlington PD","11","1.545","None/Other","","Howard St","None","None","","VT0040100","Not at a Junction","","443 S Willard St","","0070","44.46796892981866,-73.20569968494463"
"8012528","","March 30, 2025 at 1:03 AM","Burlington","100-200 Colchester Ave","COLCHESTER AVE","Injury","Head On","Rain","Federal Aid Urban System (Class 2 TH's and 3 TH's only)","25BU006321","Burlington PD","2","0.271","None/Other","Night","Fletcher Pl","Alcohol","None","","VT0040100","Not at a Junction","Road Surface Condition(wet, icy, snow, slush, etc)","100-200 Colchester Ave","Wet","0000","44.481034106704215,-73.19543281596287"
"8011992","","March 30, 2025 at 9:49 AM","Burlington","1427 North Ave","NORTH AVE.","Property Damage Only","","","Federal Aid Urban System (Class 2 TH's and 3 TH's only)","25BU006331","Burlington PD","2","2.816","None/Other","Day","","None","None","","VT0040100","Not at a Junction","","1427 North Ave","","U5026","44.512868422980574,-73.25287939857549"
"8014009","","March 30, 2025 at 8:01 PM","Burlington","454 Riverside Ave","Unknown","Property Damage Only","","","Other Public Roadway (Rest Areas, Shopping Center - anything open to public)","25BU006362","Burlington PD","9","999.99","None/Other","Night","454 Riverside Ave","None","None","","VT0040100","Parking Lot","","454 Riverside Ave","","0000","44.488176862076756,-73.20052958347979"
"8011948","","March 31, 2025 at 8:52 AM","Burlington","500 Pine St","PINE ST","Injury","Head On","Cloudy","Federal Aid Urban System (Class 2 TH's and 3 TH's only)","25BU006388","Burlington PD","2","0.684","None/Other","Day","Dealer.com","None","None","","VT0040100","Not at a Junction","None","500 Pine St","Wet","0000","44.46540575716979,-73.21486443750139"
"8013851","","April 1, 2025 at 8:07 AM","Burlington","555 Shelburne St","US-7","Injury","Left Turn and Thru, Angle Broadside -->v--","Clear","State Highway numbered route, Class 1 TH","25BU006478","Burlington PD","11","0.167","None/Other","Day","Interstate I89 W","None","None","","VT0040100","T - Intersection","None","555 Shelburne St","Dry","0070","44.44835191985894,-73.20922755119118"
"8015518","","April 1, 2025 at 4:03 PM","Burlington","421 Saint Paul St","ALTERNATE US-7","Property Damage Only","","","State Highway numbered route, Class 1 TH","25BU006522","Burlington PD","11","0.157","None/Other","Day","","None","None","","VT0040100","Not at a Junction","","421 Saint Paul St","","9993","44.465746072490035,-73.20830477143258"
"8012485","","April 2, 2025 at 11:42 AM","Burlington","174 Pearl St","Unknown","Property Damage Only","","","Other Public Roadway (Rest Areas, Shopping Center - anything open to public)","25BU006574","Burlington PD","9","999.99","None/Other","Day","174 Pearl St","None","None","","VT0040100","Parking Lot","","174 Pearl St","","0000","44.48068159075311,-73.21196678000416"
"8012252","","April 3, 2025 at 4:34 PM","Burlington","111 Colchester Ave","Unknown","Property Damage Only","Left Turn and Thru, Angle Broadside -->v--","Clear","Other Public Roadway (Rest Areas, Shopping Center - anything open to public)","25BU006681","Burlington PD","9","999.99","None/Other","Day","UVMMC","None","Heavy Truck","","VT0040100","Other - Explain in Narrative","None","111 Colchester Ave","Dry","0000","44.48038801769806,-73.19534545780371"
"8012582","","April 4, 2025 at 7:53 AM","Burlington","Park St","PARK ST.","Property Damage Only","","","Federal Aid Urban System (Class 2 TH's and 3 TH's only)","25BU006732","Burlington PD","2","0.401","None/Other","Day","Poplar St","None","None","","VT0040100","T - Intersection","","Park St","","U5036","44.48622102171217,-73.2193796908607"
"8012353","","April 4, 2025 at 8:49 PM","Burlington","S Willard St","US-7","Property Damage Only","","","State Highway numbered route, Class 1 TH","25BU006804","Burlington PD","11","1.957","None/Other","Night","Maple St","None","None","","VT0040100","Four-way Intersection","","S Willard St","","0070","44.47383339306817,-73.205312401045"
"8013350","","April 6, 2025 at 1:13 AM","Burlington","234 Penny Ln","PENNY LN","Injury","Single Vehicle Crash","Clear","Other Public Roadway (Rest Areas, Shopping Center - anything open to public)","25BU006907","Burlington PD","9","999.99","None/Other","Night","","None","None","","VT0040100","Other - Explain in Narrative","None","234 Penny Ln","Dry","0000","44.48138193704984,-73.22367831486827"
"8013000","","April 7, 2025 at 12:57 PM","Burlington","111 Colchester Ave","Unknown","Injury","Other - Explain in Narrative","","Other Public Roadway (Rest Areas, Shopping Center - anything open to public)","25BU007013","Burlington PD","9","999.99","None/Other","Day","ACC Circle","None","Pedestrian","","VT0040100","Other - Explain in Narrative","Not reported","111 Colchester Ave","Unknown","0000","44.478967753692615,-73.19359394872309"
"8014212","","April 7, 2025 at 2:56 PM","Burlington","North Ave","NORTH AVE.","Property Damage Only","","","Federal Aid Urban System (Class 2 TH's and 3 TH's only)","25BU007029","Burlington PD","2","1.86","None/Other","Day","Village Green","None","None","","VT0040100","Four-way Intersection","","North Ave","","U5026","44.50334860267714,-73.24000747185362"
"8012077","","April 7, 2025 at 4:44 PM","Burlington","Barrett St","BARRETT ST.","Property Damage Only","Single Vehicle Crash","Clear","Federal Aid Urban System (Class 2 TH's and 3 TH's only)","25BU007041","Burlington PD","2","0.001","None/Other","Day","Chase St","None","None","","VT0040100","T - Intersection","None","Barrett St","Dry","U5004","44.487675145496745,-73.18412311734672"
"8012308","","April 8, 2025 at 11:00 AM","Burlington","82 S Winooski Ave","Unknown","Property Damage Only","","","Other Public Roadway (Rest Areas, Shopping Center - anything open to public)","25BU007270","Burlington PD","9","999.99","None/Other","Day","82 S Winooski Ave","None","None","","VT0040100","Parking Lot","","82 S Winooski Ave","","0000","44.47790143950064,-73.21041204586432"
"8012936","","April 8, 2025 at 5:17 PM","Burlington","North Ave","NORTH AVE.","Property Damage Only","","","Federal Aid Urban System (Class 2 TH's and 3 TH's only)","25BU007119","Burlington PD","2","2.195","None/Other","Day","Cooperative Way","None","None","","VT0040100","Four-way Intersection","","North Ave","","U5026","44.506736167626414,-73.24458445710448"
"8013119","","April 9, 2025 at 9:37 AM","Burlington","40 Intervale Rd","INTERVALE RD","Injury","Left Turn and Thru, Angle Broadside -->v--","Clear","Street or Town Highways in FA Urban Area","25BU007172","Burlington PD","5","999.99","None/Other","Day","Duncan's Auto","None","None","","VT0040100","Not at a Junction","None","40 Intervale Rd","Dry","0000","44.49043065315427,-73.20281957925575"
"8013863","","April 9, 2025 at 2:01 PM","Burlington","Canfield St","CANFIELD ST","Injury","No Turns, Thru moves only, Broadside ^<","Clear","Street or Town Highways in FA Urban Area","25BU007195","Burlington PD","5","999.99","None/Other","Day","North Ave","None","Bicycle","","VT0040100","T - Intersection","None","Canfield St","Dry","0000","44.4852199416179,-73.2230092077905"
"8015091","","April 10, 2025 at 8:48 AM","Burlington","Spear St","US-2","Property Damage Only","Rear End","Cloudy","State Highway numbered route, Class 1 TH","25BU007268","Burlington PD","11","0.752","None/Other","Day","Spear St","None","None","","VT0040100","Four-way Intersection","None","Spear St","Dry","0020","44.47306974235804,-73.19137389684052"
"8012841","","April 11, 2025 at 9:31 AM","Burlington","Pearl St","PEARL ST.","Property Damage Only","No Turns, Thru moves only, Broadside ^<","Clear","Federal Aid Urban System (Class 2 TH's and 3 TH's only)","25BU007360","Burlington PD","2","0.501","None/Other","Day","N Union St","None","None","","VT0040100","T - Intersection","None","Pearl St","Dry","U5038","44.48055761820118,-73.20933251929486"
"8015213","","April 11, 2025 at 1:13 PM","Burlington","33 Colchester Ave","Unknown","Property Damage Only","","","Other Public Roadway (Rest Areas, Shopping Center - anything open to public)","25UV002797","UVM Police","9","999.99","None/Other","Day","Votey Hall Lot","None","None","","VT0041100","Parking Lot","","33 Colchester Ave","","0000","44.4800728053894,-73.19833339591744"
"8012174","","April 12, 2025 at 11:11 AM","Burlington","23 Ferguson Ave","FERGUSON AVE","Property Damage Only","Other - Explain in Narrative","Clear","Private Property (Driveways)","25BU007467","Burlington PD","8","999.99","None/Other","Day","Driveway To 23 Ferguson Ave","None","None","","VT0040100","Driveway","None","23 Ferguson Ave","Dry","0000","44.45449058832288,-73.2166868709609"
"8011760","","April 12, 2025 at 1:45 PM","Burlington","555 Shelburne St","US-7","Property Damage Only","","","State Highway numbered route, Class 1 TH","25BU007477","Burlington PD","11","0.328","None/Other","Day","","None","None","","VT0040100","Not at a Junction","","555 Shelburne St","","0070","44.45063158802681,-73.20900075882655"
"8010905","","April 12, 2025 at 3:28 PM","Burlington","454 Riverside Ave","Unknown","Property Damage Only","","","Other Public Roadway (Rest Areas, Shopping Center - anything open to public)","25BU007482","Burlington PD","9","999.99","None/Other","Day","Riverside Ave","None","None","","VT0040100","Parking Lot","","454 Riverside Ave","","0000","44.48815894161009,-73.20051679714909"
"8014588","","April 12, 2025 at 5:05 PM","Burlington","S Winooski Ave","MAPLE ST. BURLINGTON","Property Damage Only","No Turns, Thru moves only, Broadside ^<","Rain","Federal Aid Urban System (Class 2 TH's and 3 TH's only)","25BU007492","Burlington PD","2","0.378","None/Other","Day","Maple St","None","None","","VT0040100","Four-way Intersection","None","S Winooski Ave","Wet","U5066","44.473781795566715,-73.21073067857402"
"8014129","","April 12, 2025 at 5:36 PM","Burlington","30 Gazo Ave","GAZO AVE","Property Damage Only","Same Direction Sideswipe","Clear","Street or Town Highways in FA Urban Area","25BU007494","Burlington PD","5","999.99","None/Other","Day","","Alcohol","None","","VT0040100","Not at a Junction","None","30 Gazo Ave","Dry","0000","44.517356601543504,-73.24268874332324"
"8014007","","April 12, 2025 at 8:42 PM","Burlington","Main St","US-2","Property Damage Only","","","State Highway numbered route, Class 1 TH","25BU007505","Burlington PD","11","0.44","None/Other","Night","University Terrace","None","None","","VT0040100","T - Intersection","","Main St","","0020","44.47550923299003,-73.19680026565199"
"8013274","","April 13, 2025 at 7:05 PM","Burlington","Pearl St","PEARL ST.","Property Damage Only","","","Federal Aid Urban System (Class 2 TH's and 3 TH's only)","25BU007563","Burlington PD","2","0.198","None/Other","Night","George St","None","None","","VT0040100","T - Intersection","","Pearl St","","U5038","44.480371172985784,-73.21513913949957"
"8011323","","April 14, 2025 at 11:03 AM","Burlington","Shelburne St","US-7","Property Damage Only","","","State Highway numbered route, Class 1 TH","25BU007622","Burlington PD","11","0.879","None/Other","Day","Clymer St","None","None","","VT0040100","T - Intersection","","Shelburne St","","0070","44.458436795944706,-73.20829035082981"
"8013850","","April 14, 2025 at 1:49 PM","Burlington","532-570 Shelburne St","SHELBURNE ST","Property Damage Only","","","Street or Town Highways in FA Urban Area","25BU007636","Burlington PD","5","999.99","None/Other","Day","Home Ave","None","None","","VT0040100","Four-way Intersection","","532-570 Shelburne St","","0000","44.45073176238735,-73.20900211212829"
"8011491","","April 14, 2025 at 4:42 PM","Burlington","S Union St","S UNION ST.","Property Damage Only","Rear End","Clear","Federal Aid Urban System (Class 2 TH's and 3 TH's only)","25BU007649","Burlington PD","2","0.002","None/Other","Day","Main St","None","Heavy Truck","","VT0040100","T - Intersection","None","S Union St","Dry","U5052","44.46514160065835,-73.20776342395067"
"8014270","","April 15, 2025 at 7:53 AM","Burlington","Riverside Ave","MANHATTAN DR.","Property Damage Only","Same Direction Sideswipe","Cloudy","Federal Aid Urban System (Class 2 TH's and 3 TH's only)","25BU007704","Burlington PD","2","0.727","None/Other","Day","N Winooski Ave","None","None","","VT0040100","Not at a Junction","None","Riverside Ave","Dry","U5056","44.48966542099396,-73.20585396994304"
"8011553","","April 15, 2025 at 1:30 PM","Burlington","S Winooski Ave","ALTERNATE US-7","Property Damage Only","Same Direction Sideswipe","Cloudy","State Highway numbered route, Class 1 TH","25BU007740","Burlington PD","11","0.802","None/Other","Day","King St","None","None","","VT0040100","Not at a Junction","None","S Winooski Ave","Dry","9993","44.474712975388144,-73.21079496139802"
"8013060","","April 16, 2025 at 9:00 AM","Burlington","Pearl St","PEARL ST.","Property Damage Only","","","Federal Aid Urban System (Class 2 TH's and 3 TH's only)","25BU007801","Burlington PD","2","0.596","None/Other","Day","Greene St","None","None","","VT0040100","T - Intersection","","Pearl St","","U5038","44.480603616177376,-73.20751558194463"
"8013916","","April 16, 2025 at 5:39 PM","Burlington","North St","NORTH ST.","Property Damage Only","","","Federal Aid Urban System (Class 2 TH's and 3 TH's only)","25BU007844","Burlington PD","2","0.622","None/Other","Day","N Union St","None","None","","VT0040100","Not at a Junction","","North St","","U5032","44.48485252133273,-73.20979095460468"
"8015242","","April 17, 2025 at 1:13 PM","Burlington","King St","KING ST","Property Damage Only","Rear End","Clear","Street or Town Highways in FA Urban Area","25BU007930","Burlington PD","5","999.99","None/Other","Day","S Winooski Ave","None","None","","VT0040100","Not at a Junction","None","King St","Dry","0000","44.47482283871637,-73.21053808924994"
"8011447","","April 17, 2025 at 3:38 PM","Burlington","789 Pine St","Unknown","Property Damage Only","","","Other Public Roadway (Rest Areas, Shopping Center - anything open to public)","25BU007943","Burlington PD","9","999.99","None/Other","Day","Community Health Center - South End","None","None","","VT0040100","Parking Lot","","789 Pine St","","0000","44.45742047938073,-73.21588083960103"
"8012270","","April 18, 2025 at 1:12 AM","Burlington","Main St","US-2","Injury","Single Vehicle Crash","Clear","State Highway numbered route, Class 1 TH","25BU007994","Burlington PD","11","0.321","None/Other","Night","University Pl","None","None","","VT0040100","Not at a Junction","None","Main St","Dry","0020","44.476370271689206,-73.1989217463125"
"8014456","","April 18, 2025 at 12:08 PM","Burlington","532-570 Shelburne St","US-7","Property Damage Only","","","State Highway numbered route, Class 1 TH","25BU008024","Burlington PD","11","0.331","None/Other","Day","Home Ave","None","None","","VT0040100","Four-way Intersection","","532-570 Shelburne St","","0070","44.45067392053105,-73.20899424115564"
"8013705","","April 18, 2025 at 1:47 PM","Burlington","King St","KING ST","Property Damage Only","","","Street or Town Highways in FA Urban Area","25BU008031","Burlington PD","5","999.99","None/Other","Day","S Winooki Ave","None","None","","VT0040100","Four-way Intersection","","King St","","0000","44.47483207206137,-73.21050049439563"
"8013480","","April 19, 2025 at 12:08 PM","Burlington","1127 North Ave","Unknown","Property Damage Only","","","Other Public Roadway (Rest Areas, Shopping Center - anything open to public)","25BU008121","Burlington PD","9","999.99","None/Other","Day","","None","None","","VT0040100","Parking Lot","","1127 North Ave","","0000","44.506091530014636,-73.24649444869439"
"8011111","","April 20, 2025 at 11:46 AM","Burlington","93 S Winooski Ave","Unknown","Property Damage Only","","","Other Public Roadway (Rest Areas, Shopping Center - anything open to public)","25BU008199","Burlington PD","9","999.99","None/Other","Day","S Winooski Ave","None","None","","VT0040100","Parking Lot","","93 S Winooski Ave","","0000","44.47810262246511,-73.21134464257162"
"8015367","","April 22, 2025 at 12:37 PM","Burlington","S Prospect St","S PROSPECT ST","Injury","Single Vehicle Crash","Clear","Federal Aid Urban System (Class 2 TH's and 3 TH's only)","25BU008376","Burlington PD","2","1.188","None/Other","Day","Maple St","None","None","","VT0040100","Not at a Junction","None","S Prospect St","Dry","0000","44.47418667084802,-73.20060724196446"
"8010879","","April 22, 2025 at 3:40 PM","Burlington","1127 North Ave","ETHAN ALLEN SHOPPING CENTER","Injury","No Turns, Thru moves only, Broadside ^<","Cloudy","Other Public Roadway (Rest Areas, Shopping Center - anything open to public)","25BU008402","Burlington PD","9","999.99","None/Other","Day","1127 North Ave, Suite 11 (Hannaford)","None","Bicycle","","VT0040100","Parking Lot","None","1127 North Ave","Dry","0000","44.50646162583084,-73.24632311165665"
"8014102","","April 22, 2025 at 4:18 PM","Burlington","315 Colchester Ave","COLCHESTER AVE.","Property Damage Only","","","Federal Aid Urban System (Class 2 TH's and 3 TH's only)","25BU008407","Burlington PD","2","0.674","None/Other","Day","University Rd","None","None","","VT0040100","Four-way Intersection","","315 Colchester Ave","","U5014","44.48391298371921,-73.18876547968485"
"8014292","","April 22, 2025 at 4:26 PM","Burlington","Main St","US-2","Property Damage Only","","","State Highway numbered route, Class 1 TH","25BU008408","Burlington PD","11","0.733","None/Other","Day","East Ave","None","None","","VT0040100","Y - Intersection","","Main St","","0020","44.473220857342845,-73.19170208031063"
"8014960","","April 22, 2025 at 5:15 PM","Burlington","82 S Winooski Ave","Unknown","Property Damage Only","","","Other Public Roadway (Rest Areas, Shopping Center - anything open to public)","25BU008367","Burlington PD","9","999.99","None/Other","Day","College St","None","None","","VT0040100","Parking Lot","","82 S Winooski Ave","","0000","44.477872253618116,-73.2107636410694"
"8014522","","April 23, 2025 at 3:46 PM","Burlington","Saint Paul St","SAINT PAUL ST","Property Damage Only","","","Street or Town Highways in FA Urban Area","25BU008506","Burlington PD","5","999.99","None/Other","Day","College St","None","None","","VT0040100","Four-way Intersection","","Saint Paul St","","0000","44.476870610942555,-73.21408237350641"
"8013707","","April 24, 2025 at 10:51 AM","Burlington","Cooperative Way","AVENUE B","Property Damage Only","Opp Direction Sideswipe","Clear","Private Property (Driveways)","25BU008572","Burlington PD","8","999.99","None/Other","Day","Ave B","None","Heavy Truck","","VT0040100","Driveway","None","Cooperative Way","Dry","0000","44.50718001056664,-73.24380451964454"
"8010946","","April 24, 2025 at 1:03 PM","Burlington","115 Saint Paul St","SAINT PAUL ST","Property Damage Only","Same Direction Sideswipe","Cloudy","Street or Town Highways in FA Urban Area","25BU008582","Burlington PD","5","999.99","None/Other","Day","College St","None","None","","VT0040100","Not at a Junction","None","115 Saint Paul St","Dry","0000","44.47659180600778,-73.2140538344281"
"8011468","","April 24, 2025 at 6:05 PM","Burlington","111 Colchester Ave","Unknown","Property Damage Only","","","Other Public Roadway (Rest Areas, Shopping Center - anything open to public)","25BU008618","Burlington PD","9","999.99","None/Other","Day","UVM MC Main Entrance Parking Lot","None","None","","VT0040100","Parking Lot","","111 Colchester Ave","","0000","44.47896752469893,-73.19363165557736"
"8013436","","April 25, 2025 at 10:20 PM","Burlington","Park St","ENT EXT RAMP TOWN HWY","Property Damage Only","Other - Explain in Narrative","Clear","Federal Aid Urban System (Class 2 TH's and 3 TH's only)","25BU008728","Burlington PD","2","3.287","None/Other","Night","Plattsburg Ave","None","None","","VT0040100","T - Intersection","None","Park St","Dry","0000","44.522777743081846,-73.25501626296565"
"8013187","","April 26, 2025 at 5:22 PM","Burlington","Colchester Ave","COLCHESTER AVE.","Property Damage Only","","","Federal Aid Urban System (Class 2 TH's and 3 TH's only)","25BU008799","Burlington PD","2","0.996","None/Other","Day","Barrett St","None","None","","VT0040100","Four-way Intersection","","Colchester Ave","","U5014","44.48787416153805,-73.18674751987209"
"8012390","","April 26, 2025 at 5:41 PM","Burlington","Plattsburg Ave","VT ROUTE 127","Property Damage Only","","","Federal Aid Urban System (Class 2 TH's and 3 TH's only)","25BU008801","Burlington PD","2","3.397","None/Other","Day","Route 127","None","None","","VT0040100","Not at a Junction","","Plattsburg Ave","","0000","44.52433355115749,-73.25541911724642"
"8014867","","April 26, 2025 at 8:12 PM","Burlington","418 Saint Paul St","ST. PAUL ST.","Property Damage Only","","","Federal Aid Urban System (Class 2 TH's and 3 TH's only)","25BU008807","Burlington PD","2","0.101","None/Other","Night","S Winooski Ave","None","None","","VT0040100","Not at a Junction","","418 Saint Paul St","","U5046","44.46852094074323,-73.21083252221017"
"8011748","","April 27, 2025 at 1:06 PM","Burlington","Route 127","PLATTSBURG AVE.","Property Damage Only","","","Federal Aid Urban System (Class 2 TH's and 3 TH's only)","25BU008851","Burlington PD","2","0.53","None/Other","Day","Plattsburgh Ave","None","None","","VT0040100","T - Intersection","","Route 127","","U5042","44.52280707419915,-73.25515512589739"
"8013370","","April 27, 2025 at 5:18 PM","Burlington","Shelburne St","US-7","Property Damage Only","","","State Highway numbered route, Class 1 TH","25BU008858","Burlington PD","11","0.303","None/Other","Day","Home Ave","None","None","","VT0040100","Not at a Junction","","Shelburne St","","0070","44.45027758607921,-73.20903441443106"
"8013535","","April 27, 2025 at 8:38 PM","Burlington","485 Colchester Ave","COLCHESTER AVE.","Property Damage Only","","","Federal Aid Urban System (Class 2 TH's and 3 TH's only)","25BU008877","Burlington PD","2","1.008","None/Other","Night","485 Colchester Ave","None","None","","VT0040100","Not at a Junction","","485 Colchester Ave","","U5014","44.48803087343165,-73.18672052805671"
"8014304","","April 28, 2025 at 9:09 AM","Burlington","Main St","US-2","Property Damage Only","","","State Highway numbered route, Class 1 TH","25BU008900","Burlington PD","11","0.123","None/Other","Day","S Williams St","None","Heavy Truck","","VT0040100","T - Intersection","","Main St","","0020","44.476273357368655,-73.20297899682535"
"8014576","","April 28, 2025 at 10:19 AM","Burlington","11 Elmwood Ave","ELMWOOD AVE","Property Damage Only","","","Street or Town Highways in FA Urban Area","25BU008903","Burlington PD","5","999.99","None/Other","Day","Elmwood Ave","None","None","","VT0040100","Not at a Junction","","11 Elmwood Ave","","0000","44.480743304776524,-73.21361423148498"
"8013325","","April 28, 2025 at 12:16 PM","Burlington","Maple St","MAPLE ST. BURLINGTON","Property Damage Only","","","Federal Aid Urban System (Class 2 TH's and 3 TH's only)","25BU008909","Burlington PD","2","0.224","None/Other","Day","Saint Paul St","None","None","","VT0040100","Four-way Intersection","","Maple St","","U5066","44.4736417706725,-73.21389736846348"
"8015275","","April 28, 2025 at 1:12 PM","Burlington","71 N Winooski Ave","Unknown","Property Damage Only","","","Private Property (Driveways)","25BU008916","Burlington PD","8","999.99","None/Other","Day","Grant St","None","None","","VT0040100","Driveway","","71 N Winooski Ave","","0000","44.482726819093806,-73.2115893939584"
"8014471","","April 28, 2025 at 4:20 PM","Burlington","Pearl St","PEARL ST.","Property Damage Only","","","Federal Aid Urban System (Class 2 TH's and 3 TH's only)","25BU008934","Burlington PD","2","0.277","None/Other","Day","Elmwood Ave","None","None","","VT0040100","T - Intersection","","Pearl St","","U5038","44.48042223061481,-73.2136149450011"
"8014805","","April 28, 2025 at 11:12 PM","Burlington","Pearl St","PEARL ST.","Property Damage Only","No Turns, Thru moves only, Broadside ^<","Clear","Federal Aid Urban System (Class 2 TH's and 3 TH's only)","25BU008954","Burlington PD","2","0.691","None/Other","Night","S Willard St","None","None","","VT0040100","Four-way Intersection","None","Pearl St","Dry","U5038","44.48065737509372,-73.20569732898852"
"8013494","","April 29, 2025 at 11:45 AM","Burlington","41 Cherry St","DISC","Property Damage Only","","","Other Public Roadway (Rest Areas, Shopping Center - anything open to public)","25BU008990","Burlington PD","9","999.99","None/Other","Day","LEVEL 3 OF COLLEGE ST GARAGE","None","None","","VT0040100","Parking Lot","","41 Cherry St","","0000","44.47789477982982,-73.21723727105693"
"8015156","","April 29, 2025 at 12:04 PM","Burlington","126 College St","COLLEGE ST.","Property Damage Only","","","Federal Aid Urban System (Class 2 TH's and 3 TH's only)","25BU008993","Burlington PD","2","0.194","None/Other","Day","Pine St","None","None","","VT0040100","Not at a Junction","","126 College St","","U5068","44.47700904090337,-73.2149308999851"
"8010892","","April 29, 2025 at 12:25 PM","Burlington","North Ave","NORTH AVE.","Property Damage Only","Rear End","Cloudy","Federal Aid Urban System (Class 2 TH's and 3 TH's only)","25BU008997","Burlington PD","2","1.889","None/Other","Day","Ethan Allen Pkwy","None","None","","VT0040100","T - Intersection","None","North Ave","Dry","U5026","44.503646055182124,-73.24040855092207"
"8015506","","April 29, 2025 at 7:30 PM","Burlington","Colchester Ave","COLCHESTER AVE","Property Damage Only","","","Street or Town Highways in FA Urban Area","25BU009031","Burlington PD","5","999.99","None/Other","Night","Thibault Pkwy","None","None","","VT0040100","T - Intersection","","Colchester Ave","","0000","44.483052661367466,-73.1907636510791"
"8015625","","April 30, 2025 at 1:02 PM","Burlington","617 Riverside Ave","Unknown","Property Damage Only","","","Other Public Roadway (Rest Areas, Shopping Center - anything open to public)","25BU009078","Burlington PD","9","999.99","None/Other","Day","Community Health Center","None","None","","VT0040100","Parking Lot","","617 Riverside Ave","","0000","44.489862422551354,-73.20594323169388"
"8014656","","May 1, 2025 at 6:24 AM","Burlington","176 S Champlain St","S CHAMPLAIN ST","Property Damage Only","","","Street or Town Highways in FA Urban Area","25BU009148","Burlington PD","5","999.99","None/Other","Day","King St","None","None","","VT0040100","Not at a Junction","","176 S Champlain St","","0000","44.474422516413775,-73.21699363511728"
"8011158","","May 1, 2025 at 11:05 AM","Burlington","Pearl St","PEARL ST.","Property Damage Only","","","Federal Aid Urban System (Class 2 TH's and 3 TH's only)","25BU009171","Burlington PD","2","0.278","None/Other","Day","Elmwood Ave","None","None","","VT0040100","T - Intersection","","Pearl St","","U5038","44.48042293359768,-73.21359583120355"
"8012405","","May 1, 2025 at 2:23 PM","Burlington","475 Lake St","LAKE ST","Property Damage Only","","","Other Public Roadway (Rest Areas, Shopping Center - anything open to public)","25BU009199","Burlington PD","9","999.99","None/Other","Day","Lake Street Fishing Pier","None","None","","VT0040100","Parking Lot","","475 Lake St","","0000","44.4822950300875,-73.22302336288672"
"8014026","","May 2, 2025 at 12:00 AM","Burlington","15 Center St","CENTER ST","Property Damage Only","Other - Explain in Narrative","Rain","Street or Town Highways in FA Urban Area","25BU009267","Burlington PD","5","999.99","None/Other","Night","15 Center St","None","None","","VT0040100","Not at a Junction","None","15 Center St","Wet","0000","44.477831406382094,-73.21154246105202"
"8013354","","May 2, 2025 at 12:58 AM","Burlington","College St","COLLEGE ST.","Property Damage Only","","","Federal Aid Urban System (Class 2 TH's and 3 TH's only)","25BU009272","Burlington PD","2","0.3","None/Other","Night","Church St","None","None","","VT0040100","Not at a Junction","","College St","","U5068","44.477091054778114,-73.21283588645704"
"8012771","","May 2, 2025 at 8:02 AM","Burlington","111 Colchester Ave","Unknown","Property Damage Only","","","Other Public Roadway (Rest Areas, Shopping Center - anything open to public)","25BU009284","Burlington PD","9","999.99","None/Other","Day","","None","None","","VT0040100","Parking Lot","","111 Colchester Ave","","0000","44.478658668401195,-73.19262241314252"
"8011841","","May 2, 2025 at 2:59 PM","Burlington","Battery St","BATTERY ST.","Injury","Rear End","Clear","Federal Aid Urban System (Class 2 TH's and 3 TH's only)","25BU009318","Burlington PD","2","0.319","None/Other","Day","College St","None","None","","VT0040100","Four-way Intersection","None","Battery St","Dry","U5008","44.47698756948821,-73.21877480726312"
"8013402","","May 2, 2025 at 3:19 PM","Burlington","3 Avenue E","Unknown","Property Damage Only","","","Other Public Roadway (Rest Areas, Shopping Center - anything open to public)","25BU009319","Burlington PD","9","999.99","None/Other","Day","Avenue C","None","None","","VT0040100","Other - Explain in Narrative","","3 Avenue E","","0000","44.50631507662604,-73.24257367424752"