"ObjectID","Mapped","Crash Date","City/Town","Address","AOT Route","Crash Type","Collision Direction","Weather","Road Group","Report Number","Reporting Agency","Road Group ID","AOT Actual Milepoint","Animal","Time of Day","Intersection With","Impairment","Involving","Non Reportable Address","Reporting Agency ID","Road Characteristics","Road Condition","Street Address","Surface Condition","AOT Route ID","Coordinates"
"8014836","","May 2, 2025 at 6:06 PM","Burlington","Home Ave","HOME AVE","Injury","Same Direction Sideswipe","Clear","Street or Town Highways in FA Urban Area","25BU009338","Burlington PD","5","999.99","None/Other","Day","Shelburne St","None","Bicycle","","VT0040100","Four-way Intersection","None","Home Ave","Dry","0000","44.45073152842336,-73.20903980068663"
"8014562","","May 2, 2025 at 6:34 PM","Burlington","Shelburne St","US-7","Property Damage Only","","","State Highway numbered route, Class 1 TH","25BU009343","Burlington PD","11","1.213","None/Other","Day","Rotary","None","None","","VT0040100","Traffic circle / roundabout","","Shelburne St","","0070","44.46328311181545,-73.20768444630137"
"8011036","","May 2, 2025 at 8:11 PM","Burlington","Cherry St","CHERRY ST","Property Damage Only","","","Street or Town Highways in FA Urban Area","25BU009358","Burlington PD","5","999.99","None/Other","Night","Church St","None","None","","VT0040100","Not at a Junction","","Cherry St","","0000","44.47931681698992,-73.21290549704405"
"8012312","","May 2, 2025 at 10:15 PM","Burlington","135 Intervale Ave","Unknown","Property Damage Only","","","Private Property (Driveways)","25BU009369","Burlington PD","8","999.99","None/Other","Night","135 Intervale Ave","None","None","","VT0040100","Driveway","","135 Intervale Ave","","0000","44.4861364718322,-73.2132148420982"
"8013004","","May 3, 2025 at 3:03 PM","Burlington","Starr Farm Rd","STARR FARM RD","Property Damage Only","","","Street or Town Highways in FA Urban Area","25BU009412","Burlington PD","5","999.99","None/Other","Day","North Ave","None","None","","VT0040100","T - Intersection","","Starr Farm Rd","","0000","44.51709788690576,-73.2587727809894"
"8011569","","May 4, 2025 at 1:18 AM","Burlington","East Ave","EAST AVE.","Property Damage Only","Head On","Rain","Federal Aid Urban System (Class 2 TH's and 3 TH's only)","25BU009450","Burlington PD","2","0.314","None/Other","Night","East Village Dr","None","None","","VT0040100","Not at a Junction","None","East Ave","Wet","U5016","44.477059660070275,-73.191310962933"
"8013291","","May 4, 2025 at 4:02 AM","Burlington","Colchester Ave","COLCHESTER AVE.","Property Damage Only","Head On","Rain","Federal Aid Urban System (Class 2 TH's and 3 TH's only)","25BU009452","Burlington PD","2","1.038","None/Other","Night","Mill St","Alcohol","None","","VT0040100","Y - Intersection","None","Colchester Ave","Wet","U5014","44.48841389569905,-73.18667255042591"
"8014958","","May 4, 2025 at 11:57 AM","Burlington","Pearl St","PEARL ST.","Property Damage Only","Rear End","Cloudy","Federal Aid Urban System (Class 2 TH's and 3 TH's only)","25BU009469","Burlington PD","2","0.832","None/Other","Day","S Williams St","None","None","","VT0040100","Not at a Junction","None","Pearl St","Wet","U5038","44.480725872396334,-73.20277826051601"
"8013867","","May 4, 2025 at 1:02 PM","Burlington","Hickok Pl","HICKOK PL","Property Damage Only","","","Street or Town Highways in FA Urban Area","25BU009476","Burlington PD","5","999.99","None/Other","Day","Converse Ct","None","None","","VT0040100","T - Intersection","","Hickok Pl","","0000","44.48148621349247,-73.20848199592187"
"8011465","","May 5, 2025 at 1:27 PM","Burlington","50 Lakeside Ave","LAKESIDE AVE","Property Damage Only","No Turns, Thru moves only, Broadside ^<","Clear","Other Public Roadway (Rest Areas, Shopping Center - anything open to public)","25BU009598","Burlington PD","9","999.99","None/Other","Day","Parking Lot To Street","None","None","","VT0040100","Parking Lot","None","50 Lakeside Ave","Dry","0000","44.461183858420064,-73.21992282795809"
"8011963","","May 5, 2025 at 2:34 PM","Burlington","633 Main St","Unknown","Property Damage Only","Opp Direction Sideswipe","Clear","Other Public Roadway (Rest Areas, Shopping Center - anything open to public)","25UV003472","UVM Police","9","999.99","None/Other","Day","Living & Learning Parking Lot","None","Heavy Truck","","VT0041100","Other - Explain in Narrative","Other - Explain in Narrative","633 Main St","Dry","0000","44.473365269505976,-73.19586535360028"
"8010713","","May 6, 2025 at 7:29 AM","Burlington","Pearl St","PEARL ST.","Injury","Left Turn and Thru, Angle Broadside -->v--","Clear","Federal Aid Urban System (Class 2 TH's and 3 TH's only)","25BU009666","Burlington PD","2","0.691","None/Other","Day","S Willard St","None","Pedestrian","","VT0040100","Four-way Intersection","None","Pearl St","Dry","U5038","44.48065737509372,-73.20569732898852"
"8012969","","May 6, 2025 at 10:19 AM","Burlington","Loomis St","LOOMIS ST","Injury","Head On","Clear","Street or Town Highways in FA Urban Area","25BU009683","Burlington PD","5","999.99","None/Other","Day","Loomis St","None","None","","VT0040100","T - Intersection","None","Loomis St","Dry","0000","44.48329355092327,-73.20436808262525"
"8013310","","May 6, 2025 at 3:33 PM","Burlington","1024 north ave","Unknown","Property Damage Only","","","Other Public Roadway (Rest Areas, Shopping Center - anything open to public)","25BU009717","Burlington PD","9","999.99","None/Other","Day","1024 North Ave","None","None","","VT0040100","Parking Lot","","1024 north ave","","0000","44.50474741590973,-73.24145971264107"
"8014911","","May 6, 2025 at 9:05 PM","Burlington","180 Battery St","Unknown","Property Damage Only","","","Other Public Roadway (Rest Areas, Shopping Center - anything open to public)","25BU009741","Burlington PD","9","999.99","None/Other","Night","Shanty On The Shore","None","None","","VT0040100","Parking Lot","","180 Battery St","","0000","44.47409082196333,-73.21822131665733"
"8012387","","May 7, 2025 at 9:22 AM","Burlington","Shelburne St","US-7","Property Damage Only","Same Direction Sideswipe","Clear","State Highway numbered route, Class 1 TH","25BU009766","Burlington PD","11","0.167","None/Other","Day","I189","None","Heavy Truck","","VT0040100","Off Ramp","None","Shelburne St","Dry","0070","44.44835191985894,-73.20922755119118"
"8012845","","May 7, 2025 at 2:23 PM","Burlington","103 Shelburne St","US-7","Property Damage Only","","","State Highway numbered route, Class 1 TH","25BU009794","Burlington PD","11","1.167","None/Other","Day","103 Shelburne St","None","None","","VT0040100","Not at a Junction","","103 Shelburne St","","0070","44.46251565890402,-73.2078969486343"
"8015216","","May 7, 2025 at 5:17 PM","Burlington","336-374 S Willard St","US-7","Property Damage Only","","","State Highway numbered route, Class 1 TH","25BU009811","Burlington PD","11","1.744","None/Other","Day","Spruce St","None","None","","VT0040100","T - Intersection","","336-374 S Willard St","","0070","44.47076801563167,-73.20507604652393"
"8012222","","May 7, 2025 at 6:34 PM","Burlington","Unknown Burilngton","NORTH AVE.","Property Damage Only","","","Federal Aid Urban System (Class 2 TH's and 3 TH's only)","25BU009822","Burlington PD","2","0.07","None/Other","Day","Unknown Burlington","None","None","","VT0040100","Not at a Junction","","Unknown Burilngton","","U5026","44.48289635755899,-73.22112379772427"
"8014245","","May 7, 2025 at 7:42 PM","Burlington","Plattsburg Ave","PLATTSBURG AVE.","Injury","Same Direction Sideswipe","Rain","Federal Aid Urban System (Class 2 TH's and 3 TH's only)","25BU009832","Burlington PD","2","0.369","None/Other","Night","Sunset Dr","None","Motorcycle","","VT0040100","Four-way Intersection","None","Plattsburg Ave","Wet","U5042","44.521099098792,-73.25716818207604"
"8015444","","May 8, 2025 at 5:51 PM","Burlington","Oak St","MANHATTAN DR.","Property Damage Only","Other - Explain in Narrative","Clear","Federal Aid Urban System (Class 2 TH's and 3 TH's only)","25BU009929","Burlington PD","2","0.315","None/Other","Day","Manhattan Dr","None","None","","VT0040100","T - Intersection","None","Oak St","Dry","U5056","44.49033965787183,-73.21396395986069"
"8013613","","May 9, 2025 at 5:58 AM","Burlington","Pearl St","US-7","Property Damage Only","No Turns, Thru moves only, Broadside ^<","Rain","State Highway numbered route, Class 1 TH","25BU009956","Burlington PD","11","2.434","None/Other","Night","S Willard St","None","None","","VT0040100","Four-way Intersection","None","Pearl St","Wet","0070","44.48067165203558,-73.20571846979367"
"8010975","","May 9, 2025 at 12:08 PM","Burlington","East Ave","EAST AVE.","Property Damage Only","","","Federal Aid Urban System (Class 2 TH's and 3 TH's only)","25BU009973","Burlington PD","2","0.085","None/Other","Day","Main St","None","None","","VT0040100","Four-way Intersection","","East Ave","","U5016","44.47322810772506,-73.19111692959933"
"8011143","","May 9, 2025 at 12:29 PM","Burlington","67 Spear St","Unknown","Property Damage Only","","","Other Public Roadway (Rest Areas, Shopping Center - anything open to public)","25UV003587","UVM Police","9","999.99","None/Other","Day","","None","None","","VT0041100","Parking Lot","","67 Spear St","","0000","44.472195609553935,-73.19286017442906"
"8012695","","May 9, 2025 at 1:09 PM","Burlington","38 Sherman St","SHERMAN ST.","Property Damage Only","","","Federal Aid Urban System (Class 2 TH's and 3 TH's only)","25BU009979","Burlington PD","2","0.032","None/Other","Day","North Ave","None","None","","VT0040100","Not at a Junction","","38 Sherman St","","U5048","44.4820100686684,-73.21972161700286"
"8014132","","May 9, 2025 at 6:37 PM","Burlington","Shelburne St","SHELBURNE ST","Property Damage Only","Left Turn and Thru, Angle Broadside -->v--","Rain","Federal Aid Urban System (Class 2 TH's and 3 TH's only)","25BU010009","Burlington PD","2","0.279","None/Other","Day","Flynn Ave","None","None","","VT0040100","T - Intersection","None","Shelburne St","Wet","0000","44.4551264651063,-73.20862364372414"
"8014714","","May 9, 2025 at 6:54 PM","Burlington","College St","COLLEGE ST.","Property Damage Only","","","Federal Aid Urban System (Class 2 TH's and 3 TH's only)","25BU010012","Burlington PD","2","0.25","None/Other","Day","Saint Paul St","None","None","","VT0040100","Four-way Intersection","","College St","","U5068","44.47705359458456,-73.21382425476263"
"8012177","","May 9, 2025 at 7:19 PM","Burlington","King St","KING ST","Property Damage Only","","","Street or Town Highways in FA Urban Area","25BU010014","Burlington PD","5","999.99","None/Other","Night","S Winooski Ave","None","None","","VT0040100","Four-way Intersection","","King St","","0000","44.47482111824517,-73.21081458559264"
"8011493","","May 10, 2025 at 3:05 PM","Burlington","Manhattan Dr","MANHATTAN DR","Property Damage Only","No Turns, Thru moves only, Broadside ^<","Cloudy","Street or Town Highways in FA Urban Area","25BU010086","Burlington PD","5","999.99","None/Other","Day","Rte 127","None","None","","VT0040100","Four-way Intersection","None","Manhattan Dr","Wet","0000","44.48748174856191,-73.21969308072624"
"8010861","","May 11, 2025 at 1:28 PM","Burlington","North Ave","NORTH AVE.","Property Damage Only","Left Turn and Thru, Broadside v<--","Clear","Federal Aid Urban System (Class 2 TH's and 3 TH's only)","25BU010206","Burlington PD","2","2.138","None/Other","Day","Leddy Park","None","Bicycle","","VT0040100","T - Intersection","None","North Ave","Dry","U5026","44.50616568295369,-73.24381563387131"
"8012066","","May 11, 2025 at 4:46 PM","Burlington","730-740 Shelburne Rd","US-7","Property Damage Only","","","State Highway numbered route, Class 1 TH","25SB004169","So. Burlington PD.","11","0.003","None/Other","Day","Swift Street","None","None","","VT0040300","Not at a Junction","","730-740 Shelburne Rd","","0070","44.445968311670235,-73.20941200042921"
"8013734","","May 11, 2025 at 10:16 PM","Burlington","103 Shelburne St","Unknown","Injury","Head On","Clear","Other Public Roadway (Rest Areas, Shopping Center - anything open to public)","25BU010252","Burlington PD","9","999.99","None/Other","Night","Gove CT","None","Motorcycle","","VT0040100","Parking Lot","None","103 Shelburne St","Dry","0000","44.462462992815325,-73.2082141790219"
"8012877","","May 12, 2025 at 2:38 PM","Burlington","1 College St","COLLEGE ST","Property Damage Only","Single Vehicle Crash","Clear","Street or Town Highways in FA Urban Area","25BU010338","Burlington PD","5","999.99","None/Other","Day","","None","None","","VT0040100","Railway grade crossing","Other - Explain in Narrative","1 College St","Dry","0000","44.47681045406995,-73.22079369476478"
"8015125","","May 12, 2025 at 3:01 PM","Burlington","Shelburne St","US-7","Property Damage Only","No Turns, Thru moves only, Broadside ^<","Clear","State Highway numbered route, Class 1 TH","25BU010339","Burlington PD","11","0.623","None/Other","Day","Proctor Ave","None","None","","VT0040100","T - Intersection","None","Shelburne St","Dry","0070","44.45481089158844,-73.20863437869053"
"8015000","","May 13, 2025 at 8:44 AM","Burlington","293 Shelburne St","US-7","Property Damage Only","No Turns, Thru moves only, Broadside ^<","Clear","State Highway numbered route, Class 1 TH","25BU010429","Burlington PD","11","0.764","None/Other","Day","Prospect Pkwy","None","None","","VT0040100","Not at a Junction","None","293 Shelburne St","Dry","0070","44.45680739696006,-73.20843295070074"
"8014653","","May 13, 2025 at 1:17 PM","Burlington","602 North Ave","Unknown","Property Damage Only","","","Other Public Roadway (Rest Areas, Shopping Center - anything open to public)","25BU010467","Burlington PD","9","999.99","None/Other","Day","North Ave","None","None","","VT0040100","Parking Lot","","602 North Ave","","0000","44.49726677435346,-73.23202258140921"
"8012237","","May 13, 2025 at 2:45 PM","Burlington","Grove St","GROVE ST.","Property Damage Only","","","Federal Aid Urban System (Class 2 TH's and 3 TH's only)","25BU010477","Burlington PD","2","0.411","None/Other","Day","Chase St","None","None","","VT0040100","Not at a Junction","","Grove St","","U5018","44.48559250336247,-73.18429391023737"
"8011434","","May 13, 2025 at 3:36 PM","Burlington","Shelburne St","US-7","Injury","Rear End","Clear","State Highway numbered route, Class 1 TH","25BU010487","Burlington PD","11","0.155","None/Other","Day","South Of I-89 Off Ramp","None","None","","VT0040100","Not at a Junction","None","Shelburne St","Dry","0070","44.44817763778256,-73.20923472913829"
"8010844","","May 13, 2025 at 8:32 PM","Burlington","Battery St","BATTERY ST.","Property Damage Only","","","Federal Aid Urban System (Class 2 TH's and 3 TH's only)","25BU010518","Burlington PD","2","0.238","None/Other","Night","Main St","None","None","","VT0040100","Four-way Intersection","","Battery St","","U5008","44.47583941775507,-73.21868612204702"
"8011774","","May 14, 2025 at 8:15 AM","Burlington","208 Colchester Ave","Unknown","Property Damage Only","Opp Direction Sideswipe","Clear","Other Public Roadway (Rest Areas, Shopping Center - anything open to public)","25UV003701","UVM Police","9","999.99","None/Other","Day","UVM Mann Hall","None","None","","VT0041100","Other - Explain in Narrative","Other - Explain in Narrative","208 Colchester Ave","Dry","0000","44.48226078396707,-73.19372095949352"
"8015410","","May 14, 2025 at 1:22 PM","Burlington","152 Riverside Ave","US-7","Property Damage Only","Head On","Clear","State Highway numbered route, Class 1 TH","25BU010576","Burlington PD","11","3.909","None/Other","Day","Hillside Ter","None","None","","VT0040100","Not at a Junction","","152 Riverside Ave","Dry","0070","44.485880550979346,-73.18921670672209"
"8015300","","May 16, 2025 at 8:57 AM","Burlington","Route 127","VT. 127 BELTLINE","Injury","Other - Explain in Narrative","Clear","Federal Aid Urban System (Class 2 TH's and 3 TH's only)","25BU010771","Burlington PD","2","1.411","None/Other","Day","North Ave Exit SB","None","None","","VT0040100","Not at a Junction","None","Route 127","Dry","U5009","44.5051006863994,-73.23286190412733"
"8014788","","May 16, 2025 at 11:32 AM","Burlington","Saint Paul St","ST. PAUL ST.","Property Damage Only","","","Federal Aid Urban System (Class 2 TH's and 3 TH's only)","25BU010788","Burlington PD","2","0.503","None/Other","Day","Maple St","None","None","","VT0040100","Four-way Intersection","","Saint Paul St","","U5046","44.473754136976446,-73.21385110291385"
"8014681","","May 17, 2025 at 10:08 AM","Burlington","Riverside Ave","US-7","Property Damage Only","","","State Highway numbered route, Class 1 TH","25BU010899","Burlington PD","11","3.061","None/Other","Day","N Willard St","None","None","","VT0040100","T - Intersection","","Riverside Ave","","0070","44.48968139384001,-73.20543971164089"
"8013476","","May 17, 2025 at 12:03 PM","Burlington","Cherry St","CHERRY ST","Property Damage Only","","","Street or Town Highways in FA Urban Area","25BU010912","Burlington PD","5","999.99","None/Other","Day","Battery St","None","None","","VT0040100","T - Intersection","","Cherry St","","0000","44.47913533564046,-73.21888655501064"
"8014053","","May 18, 2025 at 12:23 PM","Burlington","555 Shelburne St","US-7","Property Damage Only","","","State Highway numbered route, Class 1 TH","25BU011026","Burlington PD","11","0.171","None/Other","Day","Interstate 189 W, Burlington/Shelburne Exit","None","None","","VT0040100","Four-way Intersection","","555 Shelburne St","","0070","44.448408612616205,-73.20922300974222"
"8012967","","May 19, 2025 at 4:59 AM","Burlington","North St","NORTH ST.","Property Damage Only","Same Direction Sideswipe","Cloudy","Federal Aid Urban System (Class 2 TH's and 3 TH's only)","25BU011091","Burlington PD","2","0.7","None/Other","Night","School St","None","None","","VT0040100","Not at a Junction","None","North St","Dry","U5032","44.484886378941894,-73.20826134128328"
"8011867","","May 19, 2025 at 3:25 PM","Burlington","800 Pine St","Unknown","Property Damage Only","","","Other Public Roadway (Rest Areas, Shopping Center - anything open to public)","25BU011125","Burlington PD","9","999.99","None/Other","Day","Champlain School Parking Lot","None","None","","VT0040100","Parking Lot","","800 Pine St","","0000","44.4578642193612,-73.21400146278648"
"8013200","","May 19, 2025 at 3:54 PM","Burlington","661 Pine St","Unknown","Property Damage Only","","","Other Public Roadway (Rest Areas, Shopping Center - anything open to public)","25BU011151","Burlington PD","9","999.99","None/Other","Day","Lakeside Ave","None","None","","VT0040100","Parking Lot","","661 Pine St","","0000","44.4609442846218,-73.21508197908643"
"8014176","","May 19, 2025 at 5:43 PM","Burlington","41 Cherry St","Unknown","Property Damage Only","","","Other Public Roadway (Rest Areas, Shopping Center - anything open to public)","25BU011173","Burlington PD","9","999.99","None/Other","Day","Battery St","None","None","","VT0040100","Parking Lot","","41 Cherry St","","0000","44.47856479126073,-73.21659185138665"
"8010826","","May 19, 2025 at 10:25 PM","Burlington","323 College St","Unknown","Property Damage Only","","","Other Public Roadway (Rest Areas, Shopping Center - anything open to public)","25BU011195","Burlington PD","9","999.99","None/Other","Night","323 College St","None","None","","VT0040100","Parking Lot","","323 College St","","0000","44.476780740021255,-73.20682874208987"
"8014756","","May 20, 2025 at 12:44 PM","Burlington","Shelburne St","US-7","Property Damage Only","","","State Highway numbered route, Class 1 TH","25BU011232","Burlington PD","11","0.173","None/Other","Day","189","None","None","","VT0040100","Four-way Intersection","","Shelburne St","","0070","44.44843695829765,-73.20922073802474"
"8011018","","May 20, 2025 at 2:50 PM","Burlington","Shelburne St","US-7","Property Damage Only","","","State Highway numbered route, Class 1 TH","25BU011246","Burlington PD","11","0.17","None/Other","Day","I189","None","None","","VT0040100","Four-way Intersection","","Shelburne St","","0070","44.44839443838155,-73.20922414362032"
"8015170","","May 21, 2025 at 8:59 AM","Burlington","2-200 Alfred St","ALFRED ST","Property Damage Only","Left Turn and Thru, Angle Broadside -->v--","Clear","Street or Town Highways in FA Urban Area","25BU011298","Burlington PD","5","999.99","None/Other","Day","Alfred St","None","None","","VT0040100","T - Intersection","None","2-200 Alfred St","Dry","T0105","44.459592293400554,-73.20819204041479"
"8014130","","May 22, 2025 at 8:05 AM","Burlington","98 S Willard St","US-7","Property Damage Only","","","State Highway numbered route, Class 1 TH","25BU011417","Burlington PD","11","2.241","None/Other","Day","College St","None","None","","VT0040100","Not at a Junction","","98 S Willard St","","0070","44.477909855178666,-73.20558813691902"
"8013384","","May 22, 2025 at 10:04 AM","Burlington","222 North St","NORTH ST.","Property Damage Only","","","Federal Aid Urban System (Class 2 TH's and 3 TH's only)","25BU011427","Burlington PD","2","0.468","None/Other","Day","Elmwood Ave","None","None","","VT0040100","Not at a Junction","","222 North St","","U5032","44.48477675357023,-73.21292292344889"
"8010802","","May 23, 2025 at 12:27 AM","Burlington","111 Colchester Ave","Unknown","Property Damage Only","Same Direction Sideswipe","Clear","Other Public Roadway (Rest Areas, Shopping Center - anything open to public)","25BU011503","Burlington PD","9","999.99","None/Other","Night","UVM MC Parking Garage","None","None","","VT0040100","Parking Lot","None","111 Colchester Ave","Dry","0000","44.478820723300565,-73.1926117605273"
"8015348","","May 23, 2025 at 10:26 AM","Burlington","111 Colchester Ave","Unknown","Property Damage Only","","","Other Public Roadway (Rest Areas, Shopping Center - anything open to public)","25BU011521","Burlington PD","9","999.99","None/Other","Day","UVM MC Parking Garage","None","None","","VT0040100","Parking Lot","","111 Colchester Ave","","0000","44.47885679478202,-73.19259961743755"
"8012358","","May 23, 2025 at 5:11 PM","Burlington","242 Pearl St","Unknown","Property Damage Only","","","Other Public Roadway (Rest Areas, Shopping Center - anything open to public)","25BU011574","Burlington PD","9","999.99","None/Other","Day","Parking Lot","None","None","","VT0040100","Parking Lot","","242 Pearl St","","0000","44.48075551856631,-73.20876226821446"
"8015243","","May 24, 2025 at 10:32 AM","Burlington","Riverside Ave","US-7","Property Damage Only","Same Direction Sideswipe","Cloudy","State Highway numbered route, Class 1 TH","25BU011638","Burlington PD","11","3.207","None/Other","Day","Intervale Rd","None","None","","VT0040100","Four-way Intersection","None","Riverside Ave","Wet","0070","44.489054092969646,-73.20264698182747"
"8014027","","May 24, 2025 at 2:25 PM","Burlington","555 Shelburne St","Unknown","Property Damage Only","","","Other Public Roadway (Rest Areas, Shopping Center - anything open to public)","25BU011683","Burlington PD","9","999.99","None/Other","Day","Market 32 Parking Lot","None","None","","VT0040100","Parking Lot","","555 Shelburne St","","0000","44.44894281400772,-73.21013630346764"
"8011389","","May 24, 2025 at 11:18 PM","Burlington","Saint Francis Park","PLATTSBURG AVE.","Property Damage Only","Same Direction Sideswipe","Cloudy","Federal Aid Urban System (Class 2 TH's and 3 TH's only)","25BU011731","Burlington PD","2","0.25","None/Other","Night","127 Plattsburg Ave","Alcohol","None","","VT0040100","Not at a Junction","None","Saint Francis Park","Wet","U5042","44.519401123041945,-73.25738062079857"
"8012875","","May 25, 2025 at 2:37 AM","Burlington","Main St","US-2","Property Damage Only","Rear End","Clear","State Highway numbered route, Class 1 TH","25BU011745","Burlington PD","11","0.226","None/Other","Night","S Prospect St","None","None","","VT0040100","Not at a Junction","None","Main St","Dry","0020","44.47635115263484,-73.20086660449081"
"8011279","","May 25, 2025 at 1:26 PM","Burlington","Shelburne St","US-7","Property Damage Only","","","State Highway numbered route, Class 1 TH","25BU011790","Burlington PD","11","0.265","None/Other","Day","Market 32 Exit","None","None","","VT0040100","Four-way Intersection","","Shelburne St","","0070","44.44973940073279,-73.20908619810594"
"8012995","","May 25, 2025 at 3:36 PM","Burlington","Shelburne St","US-7","Property Damage Only","Left Turn and Thru, Angle Broadside -->v--","Clear","State Highway numbered route, Class 1 TH","25BU011807","Burlington PD","11","0.648","None/Other","Day","Flynn Ave","None","None","","VT0040100","T - Intersection","None","Shelburne St","Dry","0070","44.4551649162075,-73.20859927177861"
"8015014","","May 25, 2025 at 7:38 PM","Burlington","41 Cherry St","-","Property Damage Only","","","Other Public Roadway (Rest Areas, Shopping Center - anything open to public)","25BU011832","Burlington PD","9","999.99","None/Other","Night","Hotel Vermont Parking Garage","None","None","","VT0040100","Parking Lot","","41 Cherry St","","0000","44.47876687097929,-73.21737365315866"
"8012952","","May 27, 2025 at 12:51 PM","Burlington","North St","NORTH ST.","Property Damage Only","","","Federal Aid Urban System (Class 2 TH's and 3 TH's only)","25BU011982","Burlington PD","2","0.937","None/Other","Day","High Grove Ct","None","None","","VT0040100","T - Intersection","","North St","","U5032","44.4849876772226,-73.20359166271645"
"8014143","","May 27, 2025 at 1:28 PM","Burlington","Shelburne St","US-7","Property Damage Only","","","State Highway numbered route, Class 1 TH","25BU011986","Burlington PD","11","0.274","None/Other","Day","Shelburne St Shopping Plaza","None","None","","VT0040100","Not at a Junction","","Shelburne St","","0070","44.44986682429701,-73.2090729953028"
"8015588","","May 27, 2025 at 2:04 PM","Burlington","Shelburne St","US-7","Property Damage Only","","","State Highway numbered route, Class 1 TH","25BU011991","Burlington PD","11","0.606","None/Other","Day","Proctor Ave","None","None","","VT0040100","T - Intersection","","Shelburne St","","0070","44.45456988964445,-73.20865153994168"
"8011625","","May 27, 2025 at 5:13 PM","Burlington","500 Pine st","Unknown","Property Damage Only","","","Other Public Roadway (Rest Areas, Shopping Center - anything open to public)","25BU012018","Burlington PD","9","999.99","None/Other","Day","Parking Lot","None","None","","VT0040100","Parking Lot","","500 Pine st","","0000","44.464307047326336,-73.21413026084684"
"8015181","","May 28, 2025 at 4:10 PM","Burlington","33 S Willard St","US-7","Property Damage Only","Left Turn and Thru, Angle Broadside -->v--","Clear","State Highway numbered route, Class 1 TH","25BU012150","Burlington PD","11","2.366","None/Other","Day","Buell St","None","None","","VT0040100","Not at a Junction","None","33 S Willard St","Dry","0070","44.479698306441946,-73.20566966064237"
"8013285","","May 28, 2025 at 4:19 PM","Burlington","University Ter","UNIVERSITY TER","Property Damage Only","","","Street or Town Highways in FA Urban Area","25BU012152","Burlington PD","5","999.99","None/Other","Day","Main St","None","None","","VT0040100","T - Intersection","","University Ter","","0000","44.4754385555647,-73.19678239931253"
"8011957","","May 29, 2025 at 2:39 PM","Burlington","Beltline","PLATTSBURG AVE.","Property Damage Only","","","Federal Aid Urban System (Class 2 TH's and 3 TH's only)","25BU012257","Burlington PD","2","0.528","None/Other","Day","Plattsburg Ave","None","None","","VT0040100","T - Intersection","","Beltline","","U5042","44.522793313013125,-73.25519072436134"
"8013974","","May 29, 2025 at 3:53 PM","Burlington","42 Park St","PARK ST.","Property Damage Only","","","Federal Aid Urban System (Class 2 TH's and 3 TH's only)","25BU012269","Burlington PD","2","0.076","None/Other","Day","","None","None","","VT0040100","Not at a Junction","","42 Park St","","U5036","44.48150030212207,-73.21910583450001"
"8012075","","May 29, 2025 at 9:43 PM","Burlington","Pearl St","PEARL ST.","Injury","Left Turn and Thru, Angle Broadside -->v--","Clear","Federal Aid Urban System (Class 2 TH's and 3 TH's only)","25BU012306","Burlington PD","2","0.69","None/Other","Night","S Willard St","None","Motorcycle","","VT0040100","Four-way Intersection","None","Pearl St","Dry","U5038","44.480656825359745,-73.20571802590322"
"8013928","","May 31, 2025 at 8:29 AM","Burlington","345 Manhattan Dr","MANHATTAN DR.","Property Damage Only","","","Federal Aid Urban System (Class 2 TH's and 3 TH's only)","25BU012467","Burlington PD","2","0.289","None/Other","Day","Oak St","None","None","","VT0040100","Not at a Junction","","345 Manhattan Dr","","U5056","44.49002552278391,-73.21414699199278"
"8014905","","May 31, 2025 at 1:04 PM","Burlington","28 Farrington Pkwy","FARRINGTON PKWY","Property Damage Only","","","Street or Town Highways in FA Urban Area","25BU012485","Burlington PD","5","999.99","None/Other","Day","Gosse Ct","None","None","","VT0040100","Not at a Junction","","28 Farrington Pkwy","","0000","44.51248641229186,-73.24568310979294"
"8014678","","May 31, 2025 at 5:11 PM","Burlington","College St","COLLEGE ST.","Property Damage Only","","","Federal Aid Urban System (Class 2 TH's and 3 TH's only)","25BU012508","Burlington PD","2","0.027","None/Other","Day","Battery St","None","None","","VT0040100","Not at a Junction","","College St","","U5068","44.47689327862745,-73.21823260537572"
"8012886","","May 31, 2025 at 5:15 PM","Burlington","Shelburne St","US-7","Property Damage Only","Rear End","Clear","State Highway numbered route, Class 1 TH","25BU012510","Burlington PD","11","0.18","None/Other","Day","I-189","None","None","","VT0040100","Four-way Intersection","None","Shelburne St","Dry","0070","44.448536170981285,-73.20921278899458"
"8013653","","June 1, 2025 at 2:28 PM","Burlington","Battery St","BATTERY ST.","Property Damage Only","","","Federal Aid Urban System (Class 2 TH's and 3 TH's only)","25BU012573","Burlington PD","2","0.156","None/Other","Day","King St","None","None","","VT0040100","Four-way Intersection","","Battery St","","U5008","44.47461014260762,-73.21860033548157"
"8014753","","June 2, 2025 at 3:04 PM","Burlington","595 Shelburne St","US-7","Property Damage Only","","","State Highway numbered route, Class 1 TH","25BU012667","Burlington PD","11","0.254","None/Other","Day","","None","None","","VT0040100","Not at a Junction","","595 Shelburne St","","0070","44.44958366533539,-73.2091023365917"
"8015167","","June 3, 2025 at 8:15 AM","Burlington","111 Colchester Ave","Unknown","Property Damage Only","","","Other Public Roadway (Rest Areas, Shopping Center - anything open to public)","25A1003900","VSP - A1 Williston","9","999.99","None/Other","Day","Blue Level Of The UVMMC Parking Garage","None","None","","VTVSP0100","Parking Lot","","111 Colchester Ave","","0000","44.47868101273917,-73.1933894349379"