"ObjectID","Mapped","Crash Date","City/Town","Address","AOT Route","Crash Type","Collision Direction","Weather","Road Group","Report Number","Reporting Agency","Road Group ID","AOT Actual Milepoint","Animal","Time of Day","Intersection With","Impairment","Involving","Non Reportable Address","Reporting Agency ID","Road Characteristics","Road Condition","Street Address","Surface Condition","AOT Route ID","Coordinates"
"8011758","","June 3, 2025 at 8:20 AM","Burlington","52-110 Park St","PARK ST","Property Damage Only","Same Direction Sideswipe","Clear","Federal Aid Urban System (Class 2 TH's and 3 TH's only)","25BU012713","Burlington PD","2","0.126","None/Other","Day","Sherman St","None","Heavy Truck","","VT0040100","Not at a Junction","None","52-110 Park St","Dry","0000","44.482282333136204,-73.21918810311533"
"8011988","","June 3, 2025 at 1:35 PM","Burlington","N Willard St","TOWN ROAD 0140","Property Damage Only","Opp Direction Sideswipe","Clear","Street or Town Highways in FA Urban Area","25BU012745","Burlington PD","5","999.99","None/Other","Day","Brookes Ave","None","Heavy Truck","","VT0040100","Not at a Junction","None","N Willard St","Dry","T0140","44.482106019237726,-73.20576169256451"
"8013381","","June 3, 2025 at 4:05 PM","Burlington","617 Riverside Ave","Unknown","Property Damage Only","","","Other Public Roadway (Rest Areas, Shopping Center - anything open to public)","25BU012761","Burlington PD","9","999.99","None/Other","Day","Community Health Center Lot","None","None","","VT0040100","Parking Lot","","617 Riverside Ave","","0000","44.4898988838339,-73.20586823830318"
"8013151","","June 3, 2025 at 5:39 PM","Burlington","North Willard St","US-7","Injury","No Turns, Thru moves only, Broadside ^<","Rain","State Highway numbered route, Class 1 TH","25BU012250","Burlington PD","11","2.864","None/Other","Day","Pomeroy St","None","Motorcycle","","VT0040100","Four-way Intersection","None","North Willard St","Wet","0070","44.48697266411407,-73.20599827413692"
"8014983","","June 3, 2025 at 9:00 PM","Burlington","S Prospect St","S PROSPECT ST.","Property Damage Only","","","Federal Aid Urban System (Class 2 TH's and 3 TH's only)","25BU012798","Burlington PD","2","0.096","None/Other","Night","Colchester Ave","None","None","","VT0040100","T - Intersection","","S Prospect St","","U5050","44.477767208183124,-73.200589767095"
"8012126","","June 4, 2025 at 8:59 AM","Burlington","44 North Ave","NORTH AVE.","Property Damage Only","","","Federal Aid Urban System (Class 2 TH's and 3 TH's only)","25BU012842","Burlington PD","2","0.1","None/Other","Day","North St","None","None","","VT0040100","Not at a Junction","","44 North Ave","","U5026","44.48327812059586,-73.22142474106347"
"8014938","","June 4, 2025 at 2:10 PM","Burlington","S Winooski Ave","ALTERNATE US-7","Injury","No Turns, Thru moves only, Broadside ^<","Clear","State Highway numbered route, Class 1 TH","25BU012890","Burlington PD","11","0.812","None/Other","Day","King St","None","Bicycle","","VT0040100","Four-way Intersection","None","S Winooski Ave","Dry","9993","44.474856149031304,-73.21080616740609"
"8015515","","June 5, 2025 at 9:09 AM","Burlington","37-39 S Winooski Ave","S WINOOSKI AVE","Property Damage Only","","","Street or Town Highways in FA Urban Area","25BU012996","Burlington PD","5","999.99","None/Other","Day","S Winooski Ave","None","None","","VT0040100","T - Intersection","","37-39 S Winooski Ave","","0000","44.47936346915713,-73.21119655333446"
"8012708","","June 5, 2025 at 2:04 PM","Burlington","Main St","US-2","Property Damage Only","","","State Highway numbered route, Class 1 TH","25BU013046","Burlington PD","11","0.751","None/Other","Day","Spear St","None","None","","VT0040100","Four-way Intersection","","Main St","","0020","44.4730776965491,-73.19139116848453"
"8014313","","June 5, 2025 at 3:35 PM","Burlington","916 North Ave","NORTH AVE.","Injury","Head On","Clear","Federal Aid Urban System (Class 2 TH's and 3 TH's only)","25BU013059","Burlington PD","2","1.765","None/Other","Day","Saratoga Ave","None","None","","VT0040100","T - Intersection","None","916 North Ave","Dry","U5026","44.50239052999556,-73.23870308363522"
"8013058","","June 5, 2025 at 6:12 PM","Burlington","Lake St","LAKE ST","Property Damage Only","","","Street or Town Highways in FA Urban Area","25BU013074","Burlington PD","5","999.99","None/Other","Day","Penny Ln","None","None","","VT0040100","Not at a Junction","","Lake St","","0000","44.48086278253705,-73.22181149838197"
"8011897","","June 6, 2025 at 12:27 PM","Burlington","136 S Winooski Ave","ALTERNATE US-7","Property Damage Only","","","State Highway numbered route, Class 1 TH","25BU013152","Burlington PD","11","0.931","None/Other","Day","S Winooski Ave","None","None","","VT0040100","Not at a Junction","","136 S Winooski Ave","","9993","44.4765701639277,-73.21102270393416"
"8014035","","June 6, 2025 at 6:47 PM","Burlington","1205 North Ave","Unknown","Property Damage Only","","","Other Public Roadway (Rest Areas, Shopping Center - anything open to public)","25BU013191","Burlington PD","9","999.99","None/Other","Day","1205 North Ave","None","None","","VT0040100","Parking Lot","","1205 North Ave","","0000","44.50835121377971,-73.24774317918583"
"8014845","","June 6, 2025 at 7:46 PM","Burlington","63 Pearl St","PEARL ST.","Property Damage Only","","","Federal Aid Urban System (Class 2 TH's and 3 TH's only)","25BU013199","Burlington PD","2","0.13","None/Other","Night","Pine St","None","None","","VT0040100","Not at a Junction","","63 Pearl St","","U5038","44.48032883317968,-73.2164618030773"
"8011851","","June 7, 2025 at 1:16 PM","Burlington","Colchester Ave","COLCHESTER AVE.","Property Damage Only","","","Federal Aid Urban System (Class 2 TH's and 3 TH's only)","25BU013281","Burlington PD","2","0.292","None/Other","Day","Fletcher Pl","None","None","","VT0040100","T - Intersection","","Colchester Ave","","U5014","44.48118418086534,-73.19508543621819"
"8014226","","June 7, 2025 at 7:11 PM","Burlington","60 Institute Rd","INSTITUTE RD","Property Damage Only","","","Other Public Roadway (Rest Areas, Shopping Center - anything open to public)","25BU013318","Burlington PD","9","999.99","None/Other","Night","60 Institute Rd Parking Lot","None","None","","VT0040100","Parking Lot","","60 Institute Rd","","0000","44.49477583915355,-73.23592684449943"
"8011398","","June 7, 2025 at 9:37 PM","Burlington","S Winooski Ave","PEARL ST.","Property Damage Only","Left Turn and Thru, Same Direction Sideswipe/Angle Crash vv--","Clear","Federal Aid Urban System (Class 2 TH's and 3 TH's only)","25BU013333","Burlington PD","2","0.693","None/Other","Night","Pearl St","None","None","","VT0040100","Four-way Intersection","None","S Winooski Ave","Dry","U5038","44.48065847178686,-73.2056559272681"
"8012781","","June 8, 2025 at 12:51 AM","Burlington","S Union St","S UNION ST.","Injury","Head On","Clear","Federal Aid Urban System (Class 2 TH's and 3 TH's only)","25BU013351","Burlington PD","2","0.508","None/Other","Night","Adams St","None","None","","VT0040100","T - Intersection","None","S Union St","Dry","U5052","44.47226553360768,-73.20871859643988"
"8011744","","June 8, 2025 at 2:49 PM","Burlington","71 North Ave","NORTH AVE.","Property Damage Only","","","Federal Aid Urban System (Class 2 TH's and 3 TH's only)","25BU013412C","Burlington PD","2","0.151","None/Other","Day","North St","None","None","","VT0040100","Not at a Junction","","71 North Ave","","U5026","44.48392547894933,-73.2219404177845"
"8011929","","June 8, 2025 at 2:49 PM","Burlington","2-98 Haswell St","HASWELL ST","Property Damage Only","","","Street or Town Highways in FA Urban Area","25BU013412B","Burlington PD","5","999.99","None/Other","Day","North Ave","None","None","","VT0040100","Not at a Junction","","2-98 Haswell St","","0000","44.484537309861174,-73.22279963893519"
"8012676","","June 8, 2025 at 2:49 PM","Burlington","Haswell St","HASWELL ST","Property Damage Only","","","Street or Town Highways in FA Urban Area","25BU013412G","Burlington PD","5","999.99","None/Other","Day","Lakeview Ter","None","None","","VT0040100","Not at a Junction","","Haswell St","","0000","44.4843910223537,-73.22316239204277"
"8013531","","June 8, 2025 at 2:49 PM","Burlington","Haswell St","HASWELL ST","Property Damage Only","","","Street or Town Highways in FA Urban Area","25BU013412F","Burlington PD","5","999.99","None/Other","Day","North Ave","None","None","","VT0040100","Not at a Junction","","Haswell St","","0000","44.48457386167401,-73.22271209289238"
"8013759","","June 8, 2025 at 2:49 PM","Burlington","Haswell St","HASWELL ST","Property Damage Only","","","Street or Town Highways in FA Urban Area","25BU013412D","Burlington PD","5","999.99","None/Other","Day","Lakeview Ter","None","None","","VT0040100","Not at a Junction","","Haswell St","","0000","44.48434539185037,-73.2232623963629"
"8013946","","June 8, 2025 at 2:49 PM","Burlington","57 North Ave","NORTH AVE.","Property Damage Only","Rear End","Clear","Federal Aid Urban System (Class 2 TH's and 3 TH's only)","25BU013412A","Burlington PD","2","0.135","None/Other","Day","North St","None","None","","VT0040100","Not at a Junction","None","57 North Ave","Dry","U5026","44.48372259110873,-73.2217781356922"
"8015544","","June 8, 2025 at 2:49 PM","Burlington","Haswell St","HASWELL ST","Property Damage Only","","","Street or Town Highways in FA Urban Area","25BU013412E","Burlington PD","5","999.99","None/Other","Day","North Ave","None","None","","VT0040100","Not at a Junction","","Haswell St","","0000","44.484564624296404,-73.22274969200595"
"8013879","","June 8, 2025 at 5:52 PM","Burlington","King St","KING ST","Property Damage Only","","","Street or Town Highways in FA Urban Area","25BU013430","Burlington PD","5","999.99","None/Other","Day","Saint Paul St","None","None","","VT0040100","Not at a Junction","","King St","","0000","44.47478854813032,-73.21315201629804"
"8011519","","June 9, 2025 at 3:21 PM","Burlington","128 North St","NORTH ST.","Property Damage Only","","","Federal Aid Urban System (Class 2 TH's and 3 TH's only)","25BU013509","Burlington PD","2","0.277","None/Other","Day","Rose St","None","None","","VT0040100","Not at a Junction","","128 North St","","U5032","44.484634242728326,-73.21677505984675"
"8015503","","June 10, 2025 at 11:59 AM","Burlington","82 S Winooski Ave","Unknown","Property Damage Only","","","Other Public Roadway (Rest Areas, Shopping Center - anything open to public)","25BU013572","Burlington PD","9","999.99","None/Other","Day","Parking Lot","None","None","","VT0040100","Parking Lot","","82 S Winooski Ave","","0000","44.47793751280828,-73.21039991394943"
"8012281","","June 10, 2025 at 1:58 PM","Burlington","1127 North Ave","Unknown","Property Damage Only","","","Other Public Roadway (Rest Areas, Shopping Center - anything open to public)","25BU013588","Burlington PD","9","999.99","None/Other","Day","Hannaford Parking Lot","None","None","","VT0040100","Parking Lot","","1127 North Ave","","0000","44.505973643192995,-73.24663127631369"
"8011309","","June 10, 2025 at 2:40 PM","Burlington","Williston Rd","US-2","Property Damage Only","","","State Highway numbered route, Class 1 TH","25SB005262","So. Burlington PD.","11","0.816","None/Other","Day","East Ave","None","None","","VT0040300","Four-way Intersection","","Williston Rd","","0020","44.47256663722294,-73.1903058415393"
"8014301","","June 10, 2025 at 3:55 PM","Burlington","Shelburne St","US-7","Property Damage Only","","","State Highway numbered route, Class 1 TH","25BU013599","Burlington PD","11","0.264","None/Other","Day","Shaws Parking Lot","None","None","","VT0040100","Four-way Intersection","","Shelburne St","","0070","44.449725242709555,-73.20908766595502"
"8014652","","June 11, 2025 at 5:47 PM","Burlington","Colchester Ave","COLCHESTER AVE","Property Damage Only","Left Turn and Thru, Angle Broadside -->v--","Clear","Federal Aid Urban System (Class 2 TH's and 3 TH's only)","25BU013729","Burlington PD","2","0.932","None/Other","Day","S Prospect St","None","None","","VT0040100","Four-way Intersection","None","Colchester Ave","Dry","0000","44.480764132074476,-73.20070786687565"
"8015437","","June 11, 2025 at 10:46 PM","Burlington","Main St","US-2","Property Damage Only","Single Vehicle Crash","Clear","State Highway numbered route, Class 1 TH","25BU013759","Burlington PD","11","0.27","None/Other","Night","S Prospect St","None","None","","VT0040100","Four-way Intersection","None","Main St","Dry","0020","44.476388784118406,-73.19996461248226"
"8012793","","June 12, 2025 at 11:00 AM","Burlington","41 Cherry St","Unknown","Property Damage Only","","","Other Public Roadway (Rest Areas, Shopping Center - anything open to public)","25BU013802","Burlington PD","9","999.99","None/Other","Day","Lakeview Parking Garage","None","None","","VT0040100","Parking Lot","","41 Cherry St","","0000","44.47856889809138,-73.21737122732529"
"8013771","","June 12, 2025 at 12:23 PM","Burlington","1066 North Ave","NORTH AVE","Property Damage Only","","","Federal Aid Urban System (Class 2 TH's and 3 TH's only)","25BU013810","Burlington PD","2","2.057","None/Other","Day","Community Way","None","None","","VT0040100","Not at a Junction","","1066 North Ave","","0000","44.505357559756526,-73.24271942704607"
"8013447","","June 12, 2025 at 12:41 PM","Burlington","Shelburne St","US-7","Property Damage Only","Other - Explain in Narrative","Clear","State Highway numbered route, Class 1 TH","25BU013812","Burlington PD","11","0.28","None/Other","Day","Home Ave","None","None","","VT0040100","Other - Explain in Narrative","None","Shelburne St","Dry","0070","44.44995177100228,-73.2090641920671"
"8013215","","June 12, 2025 at 6:23 PM","Burlington","173 College St","COLLEGE ST.","Property Damage Only","","","Federal Aid Urban System (Class 2 TH's and 3 TH's only)","25BU013848","Burlington PD","2","0.292","None/Other","Day","Saint Paul St","None","Motorcycle","","VT0040100","Not at a Junction","","173 College St","","U5068","44.47708509968447,-73.21299402601908"
"8011366","","June 13, 2025 at 12:32 PM","Burlington","185 College St","COLLEGE ST.","Property Damage Only","Same Direction Sideswipe","Clear","Federal Aid Urban System (Class 2 TH's and 3 TH's only)","25BU013940","Burlington PD","2","0.327","None/Other","Day","Church St","None","Heavy Truck","","VT0040100","Not at a Junction","None","185 College St","Dry","U5068","44.47710922477195,-73.2123020295431"
"8011591","","June 13, 2025 at 2:09 PM","Burlington","93 North St","NORTH ST.","Property Damage Only","","","Federal Aid Urban System (Class 2 TH's and 3 TH's only)","25BU013951","Burlington PD","2","0.19","None/Other","Day","93 North St","None","None","","VT0040100","Not at a Junction","","93 North St","","U5032","44.48457058625975,-73.21850709850186"
"8013379","","June 13, 2025 at 6:36 PM","Burlington","Pearl St","PEARL ST.","Property Damage Only","","","Street or Town Highways in FA Urban Area","25BU013982","Burlington PD","5","0.346","None/Other","Day","Clarke St","None","None","","VT0040100","T - Intersection","","Pearl St","","U5038","44.4804645092701,-73.21229567240603"
"8015326","","June 13, 2025 at 9:16 PM","Burlington","Shelburne Rd","SHELBURNE RD SHOPPING PLAZA","Property Damage Only","","","Other Public Roadway (Rest Areas, Shopping Center - anything open to public)","25BU013993","Burlington PD","9","999.99","None/Other","Night","555 Shelburne Rd","None","None","","VT0040100","Parking Lot","","Shelburne Rd","","0000","44.44976365970143,-73.20983216025249"
"8011713","","June 14, 2025 at 10:51 AM","Burlington","College St","COLLEGE ST.","Property Damage Only","","","Federal Aid Urban System (Class 2 TH's and 3 TH's only)","25BU014044","Burlington PD","2","0.228","None/Other","Day","Saint Paul St","None","None","","VT0040100","Four-way Intersection","","College St","","U5068","44.477039631452044,-73.21425923266811"
"8011942","","June 15, 2025 at 8:01 AM","Burlington","455 North Ave","Unknown","Property Damage Only","Single Vehicle Crash","Clear","Other Public Roadway (Rest Areas, Shopping Center - anything open to public)","25BU014144","Burlington PD","9","999.99","None/Other","Day","Lakeview Cemetery","None","None","","VT0040100","Other - Explain in Narrative","None","455 North Ave","Dry","0000","44.49412817071141,-73.23027337210159"
"8015632","","June 16, 2025 at 8:49 AM","Burlington","Main St","US-2","Property Damage Only","","Clear","State Highway numbered route, Class 1 TH","25UV004490","UVM Police","11","0.633","None/Other","Day","Mary Fletcher Dr","None","None","","VT0041100","T - Intersection","","Main St","Dry","0020","44.474001744187895,-73.19344218620449"
"8015468","","June 16, 2025 at 12:49 PM","Burlington","Riverside Ave","Unknown","Injury","Right Turn and Thru, Broadside ^<--","Clear","Other Public Roadway (Rest Areas, Shopping Center - anything open to public)","25BU014260","Burlington PD","9","999.99","None/Other","Day","N Prospect St","None","Pedestrian","","VT0040100","Parking Lot","None","Riverside Ave","Dry","0000","44.48873421370044,-73.20209517704558"
"8012989","","June 16, 2025 at 1:04 PM","Burlington","North Ave","NORTH AVE.","Property Damage Only","Rear End","Clear","Federal Aid Urban System (Class 2 TH's and 3 TH's only)","25BU014261","Burlington PD","2","0.194","None/Other","Day","North St","None","None","","VT0040100","Four-way Intersection","None","North Ave","Dry","U5026","44.48446844193518,-73.22236550813078"
"8015072","","June 16, 2025 at 3:26 PM","Burlington","111 Colchester Ave","Unknown","Property Damage Only","","","Other Public Roadway (Rest Areas, Shopping Center - anything open to public)","25BU014281","Burlington PD","9","999.99","None/Other","Day","111 Colchester Ave","None","None","","VT0040100","Parking Lot","","111 Colchester Ave","","0000","44.47885664234008,-73.19262475529808"
"8012642","","June 16, 2025 at 5:21 PM","Burlington","1127 North Ave","Unknown","Property Damage Only","","","Other Public Roadway (Rest Areas, Shopping Center - anything open to public)","25BU014297","Burlington PD","9","999.99","None/Other","Day","Parking Lot","None","None","","VT0040100","Parking Lot","","1127 North Ave","","0000","44.50662281339561,-73.24506758890907"
"8012478","","June 17, 2025 at 2:16 PM","Burlington","1 S Prospect St","Unknown","Property Damage Only","","","Other Public Roadway (Rest Areas, Shopping Center - anything open to public)","25BU014389","Burlington PD","9","999.99","None/Other","Day","","None","None","","VT0040100","Parking Lot","","1 S Prospect St","","0000","44.47986642673475,-73.20117176504527"
"8013635","","June 18, 2025 at 4:12 PM","Burlington","Pearl St","PEARL ST.","Property Damage Only","","","Federal Aid Urban System (Class 2 TH's and 3 TH's only)","25BU014541","Burlington PD","2","0.691","None/Other","Day","S Willard St","None","None","","VT0040100","Four-way Intersection","","Pearl St","","U5038","44.48065737509372,-73.20569732898852"
"8012431","","June 18, 2025 at 4:14 PM","Burlington","Elmwood Ave","ELMWOOD AVE","Property Damage Only","","","Street or Town Highways in FA Urban Area","25BU014542","Burlington PD","5","999.99","None/Other","Day","Pearl St","None","None","","VT0040100","Not at a Junction","","Elmwood Ave","","0000","44.480914202901026,-73.21362888502325"
"8011395","","June 18, 2025 at 9:43 PM","Burlington","38 North St","NORTH ST","Property Damage Only","Rear End","Clear","Other Public Roadway (Rest Areas, Shopping Center - anything open to public)","25BU014576","Burlington PD","9","999.99","None/Other","Night","Blodgett St","None","None","","VT0040100","Unknown","None","38 North St","Dry","0000","44.48448536280353,-73.22105162300961"
"8014736","","June 19, 2025 at 7:53 AM","Burlington","137 North Ave","NORTH AVE.","Property Damage Only","Same Direction Sideswipe","Clear","Federal Aid Urban System (Class 2 TH's and 3 TH's only)","25BU014606","Burlington PD","2","0.3","None/Other","Day","Strong St","None","Heavy Truck","","VT0040100","T - Intersection","None","137 North Ave","Dry","U5026","44.48567920686116,-73.22332997848622"
"8011848","","June 19, 2025 at 1:15 PM","Burlington","257 PIne St","Unknown","Property Damage Only","","","Other Public Roadway (Rest Areas, Shopping Center - anything open to public)","25BU014670","Burlington PD","9","999.99","None/Other","Day","","None","None","","VT0040100","Parking Lot","","257 PIne St","","0000","44.47180070758942,-73.21603147770432"
"8015583","","June 19, 2025 at 8:39 PM","Burlington","Flynn Ave","TOWN ROAD 0201","Property Damage Only","No Turns, Thru moves only, Broadside ^<","Rain","Street or Town Highways in FA Urban Area","25BU014710","Burlington PD","5","999.99","None/Other","Night","Champlain Pkwy","None","None","","VT0040100","Four-way Intersection","Unknown","Flynn Ave","Wet","T0201","44.45557841886368,-73.21686351976345"
"8015042","","June 20, 2025 at 8:15 AM","Burlington","300 Pearl St","Unknown","Property Damage Only","","","Other Public Roadway (Rest Areas, Shopping Center - anything open to public)","25BU014753","Burlington PD","9","999.99","None/Other","Day","300 Pearl St","None","Pedestrian","","VT0040100","Parking Lot","","300 Pearl St","","0000","44.48104647660956,-73.2068299644997"
"8014298","","June 20, 2025 at 1:29 PM","Burlington","College St","COLLEGE ST.","Property Damage Only","Same Direction Sideswipe","Clear","Federal Aid Urban System (Class 2 TH's and 3 TH's only)","25BU014794","Burlington PD","2","0.32","None/Other","Day","Church St","None","None","","VT0040100","T - Intersection","None","College St","Dry","U5068","44.47710510595286,-73.21244047911374"
"8014920","","June 20, 2025 at 6:21 PM","Burlington","Corrigan Dr","US-2","Injury","Right Turn and Thru, Head On v^--","Clear","State Highway numbered route, Class 1 TH","25UV004607","UVM Police","11","0.539","None/Other","Day","University Heights","None","Bicycle","","VT0041100","T - Intersection","None","Corrigan Dr","Dry","0020","44.47473513399737,-73.1950784933222"
"8011881","","June 21, 2025 at 8:28 AM","Burlington","38 S Winooski Ave","ALTERNATE US-7","Property Damage Only","","","State Highway numbered route, Class 1 TH","25BU014892","Burlington PD","11","1.123","None/Other","Day","","None","None","","VT0040100","Not at a Junction","","38 S Winooski Ave","","9993","44.479361050050244,-73.21116569617065"
"8010840","","June 22, 2025 at 11:30 AM","Burlington","555 Shelburne St","US-7","Property Damage Only","Right Turn and Thru, Same Direction Sideswipe/Angle Crash ^^--","Clear","State Highway numbered route, Class 1 TH","25BU015023","Burlington PD","11","0.198","None/Other","Day","I 189W","None","None","","VT0040100","T - Intersection","None","555 Shelburne St","Dry","0070","44.44879127919922,-73.20919213134032"
"8013713","","June 22, 2025 at 3:13 PM","Burlington","126 Sunset Dr","SUNSET DR","Property Damage Only","","","Street or Town Highways in FA Urban Area","25BU015047","Burlington PD","5","999.99","None/Other","Day","Sunset Dr","None","None","","VT0040100","Not at a Junction","","126 Sunset Dr","","0000","44.518758789295255,-73.25393907262828"
"8015455","","June 23, 2025 at 8:23 AM","Burlington","817 Pine St","Unknown","Property Damage Only","Rear End","Clear","Other Public Roadway (Rest Areas, Shopping Center - anything open to public)","25BU015115","Burlington PD","9","999.99","None/Other","Day","Parking Lot","None","Heavy Truck","","VT0040100","Parking Lot","None","817 Pine St","Dry","0000","44.45690279921812,-73.21519599781948"
"8012233","","June 23, 2025 at 7:20 PM","Burlington","N Champlain St","N CHAMPLAIN ST.","Property Damage Only","","","Federal Aid Urban System (Class 2 TH's and 3 TH's only)","25BU015208","Burlington PD","2","0.483","None/Other","Night","Manhattan Dr","None","None","","VT0040100","T - Intersection","","N Champlain St","","U5028","44.48732197660902,-73.21793374884814"
"8014019","","June 23, 2025 at 8:01 PM","Burlington","North Beach","Unknown","Injury","No Turns, Thru moves only, Broadside ^<","Clear","Other Public Roadway (Rest Areas, Shopping Center - anything open to public)","25BU015212","Burlington PD","9","999.99","None/Other","Night","N Parking Lot","None","Pedestrian","","VT0040100","Parking Lot","None","North Beach","Dry","0000","44.493151289155996,-73.24082241667126"
"8013529","","June 25, 2025 at 8:06 AM","Burlington","14 Summer St","SUMMER ST","Property Damage Only","","","Street or Town Highways in FA Urban Area","25BU015366","Burlington PD","5","999.99","None/Other","Day","Front St","None","None","","VT0040100","Not at a Junction","","14 Summer St","","0000","44.483745285934866,-73.21996141067476"
"8012365","","June 25, 2025 at 9:08 AM","Burlington","108-138 Maple St","MAPLE ST","Property Damage Only","","","Federal Aid Urban System (Class 2 TH's and 3 TH's only)","25BU015371","Burlington PD","2","0.192","None/Other","Day","St Paul St","None","None","","VT0040100","Not at a Junction","","108-138 Maple St","","0000","44.47361649762117,-73.2145557646056"
"8013988","","June 26, 2025 at 10:45 PM","Burlington","77 Catherine St","CATHERINE ST","Property Damage Only","","","Street or Town Highways in FA Urban Area","25BU015597","Burlington PD","5","999.99","None/Other","Night","St Paul St","None","None","","VT0040100","Not at a Junction","","77 Catherine St","","0000","44.46634166345514,-73.20968116443125"
"8014737","","June 26, 2025 at 11:44 PM","Burlington","171 Intervale Ave #2","INTERVALE AVE","Property Damage Only","","","Street or Town Highways in FA Urban Area","25BU015605","Burlington PD","5","999.99","None/Other","Night","","None","None","","VT0040100","Not at a Junction","","171 Intervale Ave #2","","0000","44.489107336310234,-73.21015832641665"
"8014465","","June 27, 2025 at 12:33 PM","Burlington","996 North Ave","NORTH AVE","Injury","Single Vehicle Crash","Clear","Federal Aid Urban System (Class 2 TH's and 3 TH's only)","25BU015654","Burlington PD","2","1.921","None/Other","Day","Ethan Allen Parkway","None","None","","VT0040100","Not at a Junction","None","996 North Ave","Dry","0000","44.50397441973548,-73.24085313110747"
"8011537","","June 27, 2025 at 5:16 PM","Burlington","218 Saint Paul St","ST. PAUL ST.","Property Damage Only","","","Federal Aid Urban System (Class 2 TH's and 3 TH's only)","25BU015673","Burlington PD","2","0.488","None/Other","Day","Maple St","None","None","","VT0040100","Four-way Intersection","","218 Saint Paul St","","U5046","44.4735369194002,-73.21383152046144"
"8011351","","June 28, 2025 at 9:38 AM","Burlington","King St","KING ST","Property Damage Only","Same Direction Sideswipe","Cloudy","Street or Town Highways in FA Urban Area","25BU015737","Burlington PD","5","999.99","None/Other","Day","Church St","None","None","","VT0040100","Not at a Junction","None","King St","Dry","0000","44.47479160762708,-73.21266186419506"
"8011656","","June 29, 2025 at 2:03 AM","Burlington","169 Church St","CHURCH ST","Property Damage Only","","","Street or Town Highways in FA Urban Area","25BU015829","Burlington PD","5","999.99","None/Other","Night","","None","None","","VT0040100","Not at a Junction","","169 Church St","","0000","44.47540485783549,-73.21245565380332"
"8012279","","June 29, 2025 at 11:35 AM","Burlington","1424 1/2 North Ave","NORTH AVE.","Property Damage Only","","","Federal Aid Urban System (Class 2 TH's and 3 TH's only)","25BU015849","Burlington PD","2","2.79","None/Other","Day","","None","None","","VT0040100","Not at a Junction","","1424 1/2 North Ave","","U5026","44.5126130715459,-73.25253337943836"
"8013134","","June 29, 2025 at 7:01 PM","Burlington","Oak St","MANHATTAN DR.","Property Damage Only","Opp Direction Sideswipe","Clear","Federal Aid Urban System (Class 2 TH's and 3 TH's only)","25BU015892","Burlington PD","2","0.314","None/Other","Night","Manhattan Drive","None","None","","VT0040100","T - Intersection","None","Oak St","Dry","U5056","44.49034382739805,-73.21398326402546"
"8011307","","June 30, 2025 at 5:49 AM","Burlington","S Willard St","US-2","Injury","No Turns, Thru moves only, Broadside ^<","Clear","State Highway numbered route, Class 1 TH","25BU015929","Burlington PD","11","0.001","None/Other","Night","Main ST","None","None","","VT0040100","Four-way Intersection","None","S Willard St","Dry","0020","44.47619384061831,-73.20548201734853"
"8011076","","June 30, 2025 at 9:41 AM","Burlington","191 North St","NORTH ST.","Property Damage Only","","","Federal Aid Urban System (Class 2 TH's and 3 TH's only)","25BU015946","Burlington PD","2","0.389","None/Other","Day","Elmwood Ave","None","None","","VT0040100","Not at a Junction","","191 North St","","U5032","44.484726960895806,-73.2145167988746"
"8015270","","June 30, 2025 at 6:06 PM","Burlington","Pearl St","PEARL ST","Property Damage Only","Same Direction Sideswipe","Clear","Federal Aid Urban System (Class 2 TH's and 3 TH's only)","25BU015991","Burlington PD","2","0.612","None/Other","Day","Hungerford Terr","None","None","","VT0040100","T - Intersection","None","Pearl St","Dry","0000","44.48061166347198,-73.20720955928262"
"8014600","","July 1, 2025 at 1:46 PM","Burlington","266 Pine St #117","Unknown","Property Damage Only","","","Other Public Roadway (Rest Areas, Shopping Center - anything open to public)","25BU016065","Burlington PD","9","999.99","None/Other","Day","Pine St","None","None","","VT0040100","Parking Lot","","266 Pine St #117","","0000","44.472373063980086,-73.21517125402778"
"8014020","","July 1, 2025 at 3:34 PM","Burlington","Colchester Ave","COLCHESTER AVE.","Property Damage Only","","","Federal Aid Urban System (Class 2 TH's and 3 TH's only)","25BU016092","Burlington PD","2","0.152","None/Other","Day","Fletcher Pl","None","None","","VT0040100","T - Intersection","","Colchester Ave","","U5014","44.48067380366955,-73.19763085436522"
"8013621","","July 1, 2025 at 4:25 PM","Burlington","82 S Winooski Ave","ALTERNATE US-7","Property Damage Only","","","State Highway numbered route, Class 1 TH","25BU016100","Burlington PD","11","1.022","None/Other","Day","Bank St","None","None","","VT0040100","Not at a Junction","","82 S Winooski Ave","","9993","44.477898128236596,-73.2110930476183"
"8015570","","July 1, 2025 at 5:59 PM","Burlington","72 Heineberg Rd","HEINEBERG RD","Property Damage Only","","","Street or Town Highways in FA Urban Area","25BU016109","Burlington PD","5","999.99","None/Other","Day","","None","None","","VT0040100","Not at a Junction","","72 Heineberg Rd","","0000","44.51071700668277,-73.24652833788002"
"8010966","","July 2, 2025 at 11:02 AM","Burlington","N Willard St","TOWN ROAD 0109","Property Damage Only","","","Street or Town Highways in FA Urban Area","25BU016178","Burlington PD","5","999.99","None/Other","Day","Archibald St","None","None","","VT0040100","Four-way Intersection","","N Willard St","","T0109","44.48807088953496,-73.20604733981045"