"ObjectID","Mapped","Crash Date","City/Town","Address","AOT Route","Crash Type","Collision Direction","Weather","Road Group","Report Number","Reporting Agency","Road Group ID","AOT Actual Milepoint","Animal","Time of Day","Intersection With","Impairment","Involving","Non Reportable Address","Reporting Agency ID","Road Characteristics","Road Condition","Street Address","Surface Condition","AOT Route ID","Coordinates"
"8015340","","July 2, 2025 at 12:09 PM","Burlington","S Willard St","US-7","Property Damage Only","","","State Highway numbered route, Class 1 TH","25BU016191","Burlington PD","11","2.105","None/Other","Day","Main St","None","None","","VT0040100","Four-way Intersection","","S Willard St","","0070","44.475962985343166,-73.20548509417453"
"8015179","","July 2, 2025 at 12:52 PM","Burlington","Pearl St","PEARL ST.","Property Damage Only","","","Federal Aid Urban System (Class 2 TH's and 3 TH's only)","25BU016200","Burlington PD","2","0.002","None/Other","Day","S Prospect St","None","None","","VT0040100","T - Intersection","","Pearl St","","U5038","44.480263814279546,-73.21897144748853"
"8014141","","July 2, 2025 at 3:36 PM","Burlington","Turf Rd","TURF RD","Injury","Head On","Clear","Street or Town Highways in FA Urban Area","25BU016219","Burlington PD","5","999.99","None/Other","Day","Plattsburgh Ave","None","None","","VT0040100","Not at a Junction","None","Turf Rd","Dry","0000","44.51977866002715,-73.25757486938767"
"8012521","","July 3, 2025 at 5:34 AM","Burlington","404 Pearl St","Unknown","Property Damage Only","Single Vehicle Crash","Clear","Private Property (Driveways)","25BU016278","Burlington PD","8","999.99","None/Other","Night","404 Pearl St","None","None","","VT0040100","Driveway","None","404 Pearl St","Dry","0000","44.48086362973177,-73.2029184051899"
"8012122","","July 3, 2025 at 7:46 AM","Burlington","Grove St","GROVE ST.","Property Damage Only","","","Federal Aid Urban System (Class 2 TH's and 3 TH's only)","25BU016282","Burlington PD","2","0.549","None/Other","Day","Barrett St","None","None","","VT0040100","T - Intersection","","Grove St","","U5018","44.48750429987347,-73.18344919887157"
"8013164","","July 3, 2025 at 10:24 AM","Burlington","155 Bank St","TOWN ROAD 0113","Property Damage Only","","","Street or Town Highways in FA Urban Area","25BU016307","Burlington PD","5","999.99","None/Other","Day","St Paul St","None","None","","VT0040100","Not at a Junction","","155 Bank St","","T0113","44.47818828119896,-73.21348253020014"
"8014539","","July 3, 2025 at 1:16 PM","Burlington","S Willard St","US-7","Property Damage Only","","","State Highway numbered route, Class 1 TH","25BU016343","Burlington PD","11","1.22","None/Other","Day","Shelburne St","None","None","","VT0040100","Traffic circle / roundabout","","S Willard St","","0070","44.46338537611984,-73.20757290718234"
"8010750","","July 3, 2025 at 8:19 PM","Burlington","College St","COLLEGE ST.","Property Damage Only","Rear End","Clear","Federal Aid Urban System (Class 2 TH's and 3 TH's only)","25BU016382","Burlington PD","2","0.073","None/Other","Night","S Champlain St","None","None","","VT0040100","Not at a Junction","Unknown","College St","Dry","U5068","44.47692541459746,-73.21732315653095"
"8012764","","July 3, 2025 at 10:07 PM","Burlington","60 Lake St","Unknown","Property Damage Only","","","Other Public Roadway (Rest Areas, Shopping Center - anything open to public)","25BU016395","Burlington PD","9","999.99","None/Other","Night","Parking Lot","None","None","","VT0040100","Parking Lot","","60 Lake St","","0000","44.477291432082986,-73.22015857194697"
"8011317","","July 3, 2025 at 11:26 PM","Burlington","87-89 North Ave","NORTH AVE","Injury","Left Turn and Thru, Head On ^v--","Rain","Federal Aid Urban System (Class 2 TH's and 3 TH's only)","25BU016408","Burlington PD","2","0.188","None/Other","Night","North St","None","None","","VT0040100","T - Intersection","Unknown","87-89 North Ave","Wet","0000","44.48439664548857,-73.22231067276209"
"8013053","","July 6, 2025 at 1:14 PM","Burlington","1127 North Ave","Unknown","Property Damage Only","","","Other Public Roadway (Rest Areas, Shopping Center - anything open to public)","25BU016723","Burlington PD","9","999.99","None/Other","Day","Hannaford","None","None","","VT0040100","Parking Lot","","1127 North Ave","","0000","44.5061763794007,-73.24590447375638"
"8010642","","July 6, 2025 at 3:50 PM","Burlington","47 S Winooski Ave","Unknown","Property Damage Only","","","Other Public Roadway (Rest Areas, Shopping Center - anything open to public)","25BU016734","Burlington PD","9","999.99","None/Other","Day","Bank St","None","None","","VT0040100","Parking Lot","","47 S Winooski Ave","","0000","44.47833400669276,-73.21176225466041"
"8011040","","July 6, 2025 at 5:25 PM","Burlington","128 King St","Unknown","Property Damage Only","","","Other Public Roadway (Rest Areas, Shopping Center - anything open to public)","25BU016739","Burlington PD","9","999.99","None/Other","Day","Parking Garage","None","None","","VT0040100","Parking Lot","","128 King St","","0000","44.4750033415972,-73.21334316746672"
"8011393","","July 8, 2025 at 6:19 PM","Burlington","Shelburne St","US-7","Property Damage Only","Right Turn and Thru, Same Direction Sideswipe/Angle Crash ^^--","Clear","State Highway numbered route, Class 1 TH","25BU017033","Burlington PD","11","0.62","None/Other","Day","Ferguson Ave","None","None","","VT0040100","Not at a Junction","None","Shelburne St","Dry","0070","44.45476840622988,-73.2086385707325"
"8014221","","July 8, 2025 at 7:43 PM","Burlington","17 Kilburn St","KILBURN ST","Property Damage Only","","","Street or Town Highways in FA Urban Area","25BU017044","Burlington PD","5","999.99","None/Other","Night","17 Kilburn St","None","None","","VT0040100","Not at a Junction","","17 Kilburn St","","0000","44.471055433464926,-73.21432566397526"
"8015147","","July 9, 2025 at 5:34 AM","Burlington","Oakledge Park","Unknown","Property Damage Only","Single Vehicle Crash","Clear","Other Public Roadway (Rest Areas, Shopping Center - anything open to public)","25BU017082","Burlington PD","9","999.99","None/Other","Night","Oakledge Park","None","None","","VT0040100","Parking Lot","None","Oakledge Park","Dry","0000","44.45338701743985,-73.22754154896022"
"8012152","","July 9, 2025 at 11:55 AM","Burlington","47 Crescent Beach Dr","CRESCENT BEACH DR","Property Damage Only","","","Street or Town Highways in FA Urban Area","25BU017119","Burlington PD","5","999.99","None/Other","Day","Shore Rd","None","None","","VT0040100","Not at a Junction","","47 Crescent Beach Dr","","0000","44.50377541848167,-73.25792088144729"
"8012463","","July 10, 2025 at 12:24 PM","Burlington","Main St","US-2","Property Damage Only","Head On","Cloudy","State Highway numbered route, Class 1 TH","25BU017290","Burlington PD","11","0.323","None/Other","Day","University Pl","None","None","","VT0040100","T - Intersection","None","Main St","Dry","0020","44.476362570825074,-73.1988821062737"
"8010838","","July 10, 2025 at 3:47 PM","Burlington","125 S Willard St","US-7","Property Damage Only","Rear End","Clear","State Highway numbered route, Class 1 TH","25BU017332","Burlington PD","11","2.156","None/Other","Day","College St","None","None","","VT0040100","Not at a Junction","None","125 S Willard St","Dry","0070","44.4766940082084,-73.2055268833894"
"8014994","","July 11, 2025 at 12:00 AM","Burlington","1127 North Ave","Unknown","Property Damage Only","","","Other Public Roadway (Rest Areas, Shopping Center - anything open to public)","25BU024473","Burlington PD","9","999.99","None/Other","Night","Hannaford Supermarket","None","None","","VT0040100","Parking Lot","","1127 North Ave","","0000","44.50553311955936,-73.24656277511744"
"8011027","","July 11, 2025 at 6:53 PM","Burlington","Shelburne St","US-7","Injury","Same Direction Sideswipe","Clear","State Highway numbered route, Class 1 TH","25BU017499","Burlington PD","11","1.042","None/Other","Day","Hoover St","None","Motorcycle","","VT0040100","Not at a Junction","None","Shelburne St","Dry","0070","44.46074569659718,-73.20807470296046"
"8018645","","July 13, 2025 at 11:25 AM","Burlington","Main St","US-2","Property Damage Only","","","State Highway numbered route, Class 1 TH","25BU017713","Burlington PD","11","0.425","None/Other","Day","University Ter","None","None","","VT0040100","Not at a Junction","","Main St","","0020","44.47562682650234,-73.19706089178554"
"8019547","","July 13, 2025 at 12:01 PM","Burlington","21 Peru St","PERU ST","Property Damage Only","","","Street or Town Highways in FA Urban Area","25BU017715","Burlington PD","5","999.99","None/Other","Day","Johnson St","None","None","","VT0040100","Not at a Junction","","21 Peru St","","0000","44.482541930402064,-73.21669081903512"
"8019651","","July 14, 2025 at 2:19 PM","Burlington","555 Shelburne St","Unknown","Property Damage Only","","","Other Public Roadway (Rest Areas, Shopping Center - anything open to public)","25BU017851","Burlington PD","9","999.99","None/Other","Day","555 Shelburne St - Sierra Trading Post","None","None","","VT0040100","Parking Lot","","555 Shelburne St","","0000","44.44944604535802,-73.21025547295085"
"8015789","","July 15, 2025 at 2:31 PM","Burlington","Pine St","PINE ST.","Property Damage Only","","","Federal Aid Urban System (Class 2 TH's and 3 TH's only)","25BU018020","Burlington PD","2","0.002","None/Other","Day","Flynn Ave","None","None","","VT0040100","Four-way Intersection","","Pine St","","U5040","44.455470148159236,-73.2141863887915"
"8017694","","July 16, 2025 at 9:22 AM","Burlington","48 University Pl","Unknown","Property Damage Only","","","Other Public Roadway (Rest Areas, Shopping Center - anything open to public)","25UV005180","UVM Police","9","999.99","None/Other","Day","Billings Hall","None","None","","VT0041100","Parking Lot","","48 University Pl","","0000","44.47996520400154,-73.19826926202633"
"8016098","","July 16, 2025 at 3:53 PM","Burlington","75 Main St","MAIN ST.","Property Damage Only","Head On","Clear","Federal Aid Urban System (Class 2 TH's and 3 TH's only)","25BU018184","Burlington PD","2","0.102","None/Other","Day","S Champlain St","None","None","","VT0040100","Not at a Junction","None","75 Main St","Dry","U5022","44.47578045642048,-73.21680264465097"
"8017147","","July 16, 2025 at 5:06 PM","Burlington","N Willard St","NORTH ST.","Property Damage Only","","","Federal Aid Urban System (Class 2 TH's and 3 TH's only)","25BU018192","Burlington PD","2","0.821","None/Other","Day","North St","None","None","","VT0040100","Four-way Intersection","","N Willard St","","U5032","44.484940327852456,-73.20590007176224"
"8017511","","July 17, 2025 at 1:49 PM","Burlington","S Union St","S UNION ST.","Property Damage Only","","","Federal Aid Urban System (Class 2 TH's and 3 TH's only)","25BU018316","Burlington PD","2","0.618","None/Other","Day","Maple St","None","None","","VT0040100","Four-way Intersection","","S Union St","","U5052","44.47383310221839,-73.20881236310775"
"8019574","","July 17, 2025 at 6:18 PM","Burlington","19 Greene St","GREENE ST","Property Damage Only","","","Street or Town Highways in FA Urban Area","25BU018354","Burlington PD","5","999.99","None/Other","Day","Pearl St","None","None","","VT0040100","Not at a Junction","","19 Greene St","","0000","44.481042118283625,-73.20753384870474"
"8018290","","July 18, 2025 at 2:03 PM","Burlington","996 North Ave","Unknown","Property Damage Only","","","Other Public Roadway (Rest Areas, Shopping Center - anything open to public)","25BU018448","Burlington PD","9","999.99","None/Other","Day","Ethan Allen Auto Repair Lot","None","None","","VT0040100","Parking Lot","","996 North Ave","","0000","44.5041935776999,-73.24082392838426"
"8018943","","July 18, 2025 at 5:54 PM","Burlington","60 Lake St","LAKE ST","Property Damage Only","","","Street or Town Highways in FA Urban Area","25BU018481","Burlington PD","5","999.99","None/Other","Day","College St","None","None","","VT0040100","Not at a Junction","","60 Lake St","","0000","44.47714043389622,-73.21984247807157"
"8016424","","July 18, 2025 at 6:26 PM","Burlington","Main St","US-2","Property Damage Only","","","State Highway numbered route, Class 1 TH","25BU018488","Burlington PD","11","0.733","None/Other","Day","Spear St","None","None","","VT0040100","Four-way Intersection","","Main St","","0020","44.473220857342845,-73.19170208031063"
"8016329","","July 19, 2025 at 2:22 AM","Burlington","249 Saint Paul St","ST. PAUL ST.","Property Damage Only","Other - Explain in Narrative","Clear","Federal Aid Urban System (Class 2 TH's and 3 TH's only)","25BU018567","Burlington PD","2","0.402","None/Other","Night","249 Saint Paul St","None","None","","VT0040100","Not at a Junction","None","249 Saint Paul St","Dry","U5046","44.47229012178376,-73.21374960296394"
"8019000","","July 19, 2025 at 9:03 AM","Burlington","359 Saint Paul St","ST. PAUL ST.","Property Damage Only","","","Federal Aid Urban System (Class 2 TH's and 3 TH's only)","25BU018579","Burlington PD","2","0.202","None/Other","Day","Marble Ave","None","None","","VT0040100","Not at a Junction","","359 Saint Paul St","","U5046","44.46974079104574,-73.21196769349716"
"8015819","","July 19, 2025 at 2:51 PM","Burlington","Lake St","LAKE ST","Property Damage Only","","","Other Public Roadway (Rest Areas, Shopping Center - anything open to public)","25BU018614","Burlington PD","9","999.99","None/Other","Day","Skate Park Lot","None","None","","VT0040100","Parking Lot","","Lake St","","0000","44.483030221271015,-73.22345984845263"
"8016219","","July 19, 2025 at 4:45 PM","Burlington","Colchester Ave","COLCHESTER AVE.","Property Damage Only","","","Federal Aid Urban System (Class 2 TH's and 3 TH's only)","25BU018637","Burlington PD","2","0.639","None/Other","Day","Nash Pl","None","None","","VT0040100","T - Intersection","","Colchester Ave","","U5014","44.48366225202886,-73.18934395345786"
"8017978","","July 19, 2025 at 5:29 PM","Burlington","172 Centennial Ct","CENTENNIAL CT","Property Damage Only","","","Private Property (Driveways)","25BU018648","Burlington PD","8","999.99","None/Other","Day","172 Centennial Ct","None","None","","VT0040100","Driveway","","172 Centennial Ct","","0000","44.47588010848066,-73.18927127664199"
"8017579","","July 19, 2025 at 6:28 PM","Burlington","75 Franklin Sq","FRANKLIN SQ","Injury","Single Vehicle Crash","Clear","Street or Town Highways in FA Urban Area","25BU018651","Burlington PD","5","999.99","None/Other","Day","75 Franklin Sq","None","Motorcycle","","VT0040100","Not at a Junction","None","75 Franklin Sq","Dry","0000","44.51640792446444,-73.25560677394043"
"8017923","","July 19, 2025 at 7:21 PM","Burlington","142 N Winooski Ave","Unknown","Property Damage Only","","","Other Public Roadway (Rest Areas, Shopping Center - anything open to public)","25BU018657","Burlington PD","9","999.99","None/Other","Night","North St","None","None","","VT0040100","Parking Lot","","142 N Winooski Ave","","0000","44.484672824323965,-73.21124849006056"
"8016725","","July 19, 2025 at 9:17 PM","Burlington","47 S Winooski Ave","Unknown","Property Damage Only","","","Other Public Roadway (Rest Areas, Shopping Center - anything open to public)","25BU018664","Burlington PD","9","999.99","None/Other","Night","4th Level Of Downtown Parking Garage","None","None","","VT0040100","Parking Lot","","47 S Winooski Ave","","0000","44.47889388876832,-73.21145481548638"
"8019446","","July 20, 2025 at 3:15 PM","Burlington","555 Shelburne St","US-7","Property Damage Only","Left Turn and Thru, Same Direction Sideswipe/Angle Crash vv--","Cloudy","State Highway numbered route, Class 1 TH","25BU018738","Burlington PD","11","0.205","None/Other","Day","Route 7 / Interstate 189","None","None","","VT0040100","T - Intersection","Road Surface Condition(wet, icy, snow, slush, etc)","555 Shelburne St","Wet","0070","44.44889032824171,-73.20918086860698"
"8018150","","July 21, 2025 at 10:51 AM","Burlington","4 N Winooski Ave","ALTERNATE US-7","Property Damage Only","Same Direction Sideswipe","Clear","State Highway numbered route, Class 1 TH","25BU018812","Burlington PD","11","1.214","None/Other","Day","Pearl St","None","Heavy Truck","","VT0040100","Not at a Junction","None","4 N Winooski Ave","Dry","9993","44.4806795277581,-73.21122224617429"
"8016792","","July 22, 2025 at 6:11 PM","Burlington","1 Kings St Dock","Unknown","Property Damage Only","","","Other Public Roadway (Rest Areas, Shopping Center - anything open to public)","25BU018980","Burlington PD","9","999.99","None/Other","Day","Private Parking Lot","None","None","","VT0040100","Parking Lot","","1 Kings St Dock","","0000","44.47416287140407,-73.21964247738721"
"8017061","","July 23, 2025 at 1:24 AM","Burlington","Main St","LEDGE RD.","Property Damage Only","","","Federal Aid Urban System (Class 2 TH's and 3 TH's only)","25BU019012","Burlington PD","2","1.34","None/Other","Night","S Prospect St","None","None","","VT0040100","Four-way Intersection","","Main St","","U5058","44.47636306238805,-73.20068196465469"
"8016047","","July 23, 2025 at 5:17 PM","Burlington","166 North St","NORTH ST.","Property Damage Only","","","Federal Aid Urban System (Class 2 TH's and 3 TH's only)","25BU019093","Burlington PD","2","0.34","None/Other","Day","Lafountain St","None","None","","VT0040100","Not at a Junction","","166 North St","","U5032","44.484684518690784,-73.21550463891474"
"8017566","","July 24, 2025 at 12:16 PM","Burlington","290 Riverside Ave","US-7","Property Damage Only","","","State Highway numbered route, Class 1 TH","25BU019185","Burlington PD","11","3.512","None/Other","Day","Hillside Ter","None","None","","VT0040100","Not at a Junction","","290 Riverside Ave","","0070","44.48794516987411,-73.19667551108758"
"8019973","","July 24, 2025 at 12:57 PM","Burlington","Route 127","RAMP L","Injury","Single Vehicle Crash","Clear","Ramp or Spur","25BU019190","Burlington PD","7","0.308","None/Other","Day","North Exit Onto North Ave","None","Motorcycle","","VT0040100","Off Ramp","None","Route 127","Dry","0000","44.50246867893205,-73.22898236384346"
"8018788","","July 24, 2025 at 3:38 PM","Burlington","111 Colchester Ave","Unknown","Property Damage Only","","","Other Public Roadway (Rest Areas, Shopping Center - anything open to public)","25BU019212","Burlington PD","9","999.99","None/Other","Day","2nd Floor Parking Garage","None","None","","VT0040100","Parking Lot","","111 Colchester Ave","","0000","44.47885664234008,-73.19262475529808"
"8017913","","July 24, 2025 at 5:36 PM","Burlington","Park St","PARK ST.","Property Damage Only","","","Federal Aid Urban System (Class 2 TH's and 3 TH's only)","25BU019228","Burlington PD","2","0.005","None/Other","Day","Pearl St","None","None","","VT0040100","T - Intersection","","Park St","","U5036","44.48034338735449,-73.21902422752227"
"8018366","","July 25, 2025 at 8:24 AM","Burlington","Pearl St","PEARL ST","Property Damage Only","Rear End","Rain","Street or Town Highways in FA Urban Area","25BU019291","Burlington PD","5","999.99","None/Other","Day","N Williams St","None","None","","VT0040100","T - Intersection","None","Pearl St","Wet","0000","44.48072400390796,-73.20367094260094"
"8019472","","July 25, 2025 at 4:21 PM","Burlington","298 College St","COLLEGE ST","Property Damage Only","","","Other Public Roadway (Rest Areas, Shopping Center - anything open to public)","25BU019350","Burlington PD","9","999.99","None/Other","Day","College St","None","None","","VT0040100","Parking Lot","","298 College St","","0000","44.477414595263504,-73.2076534133038"
"8019917","","July 25, 2025 at 4:58 PM","Burlington","Colchester Ave","COLCHESTER AVE.","Property Damage Only","","","Federal Aid Urban System (Class 2 TH's and 3 TH's only)","25BU019353","Burlington PD","2","1.003","None/Other","Day","Barrett St","None","None","","VT0040100","Four-way Intersection","","Colchester Ave","","U5014","44.487967305331345,-73.18673216538764"
"8017020","","July 25, 2025 at 7:13 PM","Burlington","Battery St","BATTERY ST.","Property Damage Only","","","Federal Aid Urban System (Class 2 TH's and 3 TH's only)","25BU019377","Burlington PD","2","0.306","None/Other","Night","College St","None","None","","VT0040100","Four-way Intersection","","Battery St","","U5008","44.4768032407685,-73.2187620764001"
"8016604","","July 26, 2025 at 11:55 AM","Burlington","193 North St","NORTH ST.","Property Damage Only","","","Federal Aid Urban System (Class 2 TH's and 3 TH's only)","25BU019472","Burlington PD","2","0.391","None/Other","Day","Elmwood Ave","None","None","","VT0040100","Not at a Junction","","193 North St","","U5032","44.484728668528945,-73.21447647633617"
"8019713","","July 27, 2025 at 1:18 PM","Burlington","N Champlain St","N CHAMPLAIN ST.","Injury","No Turns, Thru moves only, Broadside ^<","Clear","Federal Aid Urban System (Class 2 TH's and 3 TH's only)","25BU019618","Burlington PD","2","0.292","None/Other","Day","North St","None","Bicycle","","VT0040100","Four-way Intersection","None","N Champlain St","Dry","U5028","44.484547255444944,-73.21772095435502"
"8019571","","July 27, 2025 at 5:27 PM","Burlington","74 S Willard St","US-7","Property Damage Only","","","State Highway numbered route, Class 1 TH","25BU019632","Burlington PD","11","2.287","None/Other","Day","S Willard St","None","None","","VT0040100","Not at a Junction","","74 S Willard St","","0070","44.47856795543576,-73.20561967983116"
"8018470","","July 27, 2025 at 10:46 PM","Burlington","Case Pkwy","CASE PKWY","Property Damage Only","Same Direction Sideswipe","Clear","Other Public Roadway (Rest Areas, Shopping Center - anything open to public)","25BU019654","Burlington PD","9","999.99","None/Other","Night","East Ave","None","None","","VT0040100","Other - Explain in Narrative","None","Case Pkwy","Dry","0000","44.479284081417916,-73.1918881867491"
"8017576","","July 28, 2025 at 11:54 AM","Burlington","S Willard St","Unknown","Injury","Other - Explain in Narrative","Clear","Other Public Roadway (Rest Areas, Shopping Center - anything open to public)","25BU019697","Burlington PD","9","999.99","None/Other","Day","Main St","None","None","","VT0040100","Other - Explain in Narrative","None","S Willard St","Dry","0000","44.473837139166086,-73.2054986267225"
"8019532","","July 28, 2025 at 12:15 PM","Burlington","Manhattan Dr","MANHATTAN DRIVE","Property Damage Only","","","Federal Aid Urban System (Class 2 TH's and 3 TH's only)","25BU019699","Burlington PD","2","0.068","None/Other","Day","N Champlain St","None","None","","VT0040100","T - Intersection","","Manhattan Dr","","U5024","44.48756570877398,-73.2179992200033"
"8018287","","July 29, 2025 at 3:12 AM","Burlington","Beltline - Route 127","VT. 127 BELTLINE","Injury","Single Vehicle Crash","Clear","Federal Aid Urban System (Class 2 TH's and 3 TH's only)","25BU019803","Burlington PD","2","0.889","None/Other","Night","North Ave Exit","None","None","","VT0040100","Not at a Junction","None","Beltline - Route 127","Dry","U5009","44.498352859891234,-73.22860562280306"
"8018486","","July 29, 2025 at 8:17 AM","Burlington","College St","COLLEGE ST.","Property Damage Only","","","Federal Aid Urban System (Class 2 TH's and 3 TH's only)","25BU019813","Burlington PD","2","0.169","None/Other","Day","Pine St","None","None","","VT0040100","Not at a Junction","","College St","","U5068","44.476994034605674,-73.21542533563142"
"8018431","","July 29, 2025 at 3:25 PM","Burlington","Shelburne St","US-7","Injury","Other - Explain in Narrative","Clear","State Highway numbered route, Class 1 TH","25BU019882","Burlington PD","11","1.209","None/Other","Day","Ledge Rd","None","None","","VT0040100","Traffic circle / roundabout","None","Shelburne St","Dry","0070","44.46321260289862,-73.20770976021356"
"8018940","","July 29, 2025 at 6:14 PM","Burlington","N Winooski Ave","ALTERNATE US-7","Property Damage Only","","","State Highway numbered route, Class 1 TH","25BU019906","Burlington PD","11","1.928","None/Other","Day","Riverside Ave","None","None","","VT0040100","Y - Intersection","","N Winooski Ave","","9993","44.489563781985225,-73.20591997155988"
"8018188","","July 30, 2025 at 11:30 AM","Burlington","26 Pearl St","PEARL ST.","Property Damage Only","Rear End","Clear","Federal Aid Urban System (Class 2 TH's and 3 TH's only)","25BU019968","Burlington PD","2","0.078","None/Other","Day","N Champlain St","None","None","","VT0040100","T - Intersection","None","26 Pearl St","Dry","U5038","44.48030384360985,-73.21747415765712"
"8017536","","July 30, 2025 at 3:56 PM","Burlington","Shelburne St","US-7","Property Damage Only","","","State Highway numbered route, Class 1 TH","25BU019999","Burlington PD","11","1.209","None/Other","Day","Locust St","None","None","","VT0040100","Traffic circle / roundabout","","Shelburne St","","0070","44.46321260289862,-73.20770976021356"
"8018247","","July 30, 2025 at 7:31 PM","Burlington","325 N Winooski Ave","ALTERNATE US-7","Property Damage Only","","","State Highway numbered route, Class 1 TH","25BU020021","Burlington PD","11","1.862","None/Other","Night","325 N Winooski Ave","None","None","","VT0040100","Not at a Junction","","325 N Winooski Ave","","9993","44.488840869573075,-73.20679368654923"
"8019443","","July 31, 2025 at 4:11 PM","Burlington","91 N Prospect St","N. PROSPECT ST.","Property Damage Only","","","Federal Aid Urban System (Class 2 TH's and 3 TH's only)","25BU020136","Burlington PD","2","0.215","None/Other","Day","91 N Prospect St","None","None","","VT0040100","Not at a Junction","","91 N Prospect St","","U5054","44.483816386021864,-73.20130099021006"
"8019905","","August 1, 2025 at 10:58 AM","Burlington","15 Center St","CENTER ST","Property Damage Only","","","Street or Town Highways in FA Urban Area","25BU020242","Burlington PD","5","999.99","None/Other","Day","Bank St","None","None","","VT0040100","Not at a Junction","","15 Center St","","0000","44.47780441004084,-73.21154213295456"
"8017643","","August 1, 2025 at 2:52 PM","Burlington","Converse Ct","CONVERSE CT","Property Damage Only","","","Street or Town Highways in FA Urban Area","25BU020266","Burlington PD","5","999.99","None/Other","Day","Hickok Pl","None","None","","VT0040100","T - Intersection","","Converse Ct","","0000","44.48209789661451,-73.2085271106293"
"8019599","","August 1, 2025 at 4:31 PM","Burlington","Battery St","BATTERY ST.","Property Damage Only","","","Federal Aid Urban System (Class 2 TH's and 3 TH's only)","25BU020279","Burlington PD","2","0.549","None/Other","Day","Pearl St","None","None","","VT0040100","T - Intersection","","Battery St","","U5008","44.48024817272909,-73.21901043687512"
"8019205","","August 2, 2025 at 7:46 AM","Burlington","40-58 Carrigan Dr","CARRIGAN DR","Property Damage Only","","","Federal Aid Urban System (Class 2 TH's and 3 TH's only)","25UV005566","UVM Police","2","0.176","None/Other","Day","Carrigan Dr","None","None","","VT0041100","Four-way Intersection","","40-58 Carrigan Dr","","0000","44.47505825531559,-73.19079426773393"
"8016789","","August 2, 2025 at 12:33 PM","Burlington","Church St","CHURCH ST","Property Damage Only","Same Direction Sideswipe","Clear","Street or Town Highways in FA Urban Area","25BU020393","Burlington PD","5","999.99","None/Other","Day","King St","None","None","","VT0040100","Four-way Intersection","None","Church St","Dry","0000","44.47479309738919,-73.2124230721167"
"8020011","","August 3, 2025 at 5:33 PM","Burlington","Pine St","PINE ST","Injury","No Turns, Thru moves only, Broadside ^<","Clear","Street or Town Highways in FA Urban Area","25BU020568","Burlington PD","5","999.99","None/Other","Day","Flynn Ave","None","Bicycle","","VT0040100","Four-way Intersection","None","Pine St","Dry","0000","44.455451046028685,-73.21421078690554"
"8019023","","August 3, 2025 at 8:55 PM","Burlington","70 Avenue C","AVENUE C","Property Damage Only","","","Other Public Roadway (Rest Areas, Shopping Center - anything open to public)","25BU020581","Burlington PD","9","999.99","None/Other","Night","70 Avenue C","None","None","","VT0040100","Other - Explain in Narrative","","70 Avenue C","","0000","44.508898983621016,-73.24517204433299"
"8018784","","August 5, 2025 at 4:37 PM","Burlington","North St","NORTH ST.","Property Damage Only","","","Federal Aid Urban System (Class 2 TH's and 3 TH's only)","25BU020786","Burlington PD","2","0.566","None/Other","Day","N Winooski Ave","None","None","","VT0040100","Not at a Junction","","North St","","U5032","44.484823573394536,-73.21093729527277"
"8017220","","August 6, 2025 at 6:08 PM","Burlington","Bradley St","BRADLEY ST","Property Damage Only","","","Street or Town Highways in FA Urban Area","25BU020953","Burlington PD","5","999.99","None/Other","Day","S Willard St","None","None","","VT0040100","T - Intersection","","Bradley St","","0000","44.47847035363862,-73.20574300291267"
"8016271","","August 7, 2025 at 5:59 AM","Burlington","150-168 S Prospect St","US-2","Injury","Rear End","Clear","State Highway numbered route, Class 1 TH","25BU020992","Burlington PD","11","0.234","None/Other","Night","S Prospect St","None","None","","VT0040100","Four-way Intersection","None","150-168 S Prospect St","Dry","0020","44.47636170732793,-73.20070297254959"
"8016816","","August 7, 2025 at 4:11 PM","Burlington","Battery St","BATTERY ST","Property Damage Only","","","Federal Aid Urban System (Class 2 TH's and 3 TH's only)","25BU021075","Burlington PD","2","0.234","None/Other","Day","Main St","None","None","","VT0040100","Four-way Intersection","","Battery St","","0000","44.47578277977392,-73.21868037756873"
"8017722","","August 8, 2025 at 11:00 AM","Burlington","51 Loomis St","LOOMIS ST","Property Damage Only","","","Street or Town Highways in FA Urban Area","25BU021164","Burlington PD","5","999.99","None/Other","Day","","None","None","","VT0040100","Not at a Junction","","51 Loomis St","","0000","44.48320299373921,-73.20737140569184"
"8015966","","August 8, 2025 at 11:21 AM","Burlington","1 S Prospect St","Unknown","Property Damage Only","","Clear","Other Public Roadway (Rest Areas, Shopping Center - anything open to public)","25UV005696","UVM Police","9","999.99","None/Other","Day","University Health Center Parking Lot","None","None","","VT0041100","Parking Lot","","1 S Prospect St","Dry","0000","44.479883421076536,-73.20133537926463"
"8015766","","August 8, 2025 at 1:12 PM","Burlington","Shelburne St","US-7","Property Damage Only","","","State Highway numbered route, Class 1 TH","25BU021185","Burlington PD","11","0.21","None/Other","Day","189","None","None","","VT0040100","Not at a Junction","","Shelburne St","","0070","44.44896107917182,-73.2091728223928"