"ObjectID","Mapped","Crash Date","City/Town","Address","AOT Route","Crash Type","Collision Direction","Weather","Road Group","Report Number","Reporting Agency","Road Group ID","AOT Actual Milepoint","Animal","Time of Day","Intersection With","Impairment","Involving","Non Reportable Address","Reporting Agency ID","Road Characteristics","Road Condition","Street Address","Surface Condition","AOT Route ID","Coordinates"
"8016975","","August 8, 2025 at 1:30 PM","Burlington","North Ave","NORTH AVE.","Property Damage Only","","","Federal Aid Urban System (Class 2 TH's and 3 TH's only)","25BU021188","Burlington PD","2","1.86","None/Other","Day","Village Green","None","None","","VT0040100","Four-way Intersection","","North Ave","","U5026","44.50334860267714,-73.24000747185362"
"8017322","","August 8, 2025 at 3:30 PM","Burlington","43 Starr Farm Rd","STARR FARM RD","Property Damage Only","","","Street or Town Highways in FA Urban Area","25BU021206","Burlington PD","5","999.99","None/Other","Day","North Ave","None","None","","VT0040100","Not at a Junction","","43 Starr Farm Rd","","0000","44.516132740275744,-73.26045826403778"
"8016071","","August 8, 2025 at 5:09 PM","Burlington","Lakeside Ave","LAKESIDE AVE","Property Damage Only","","","Street or Town Highways in FA Urban Area","25BU021213","Burlington PD","5","999.99","None/Other","Day","Champlain Pkwy","None","None","","VT0040100","Not at a Junction","","Lakeside Ave","","0000","44.461305046283826,-73.21639325344046"
"8016578","","August 9, 2025 at 1:22 PM","Burlington","Isham St","ISHAM ST","Property Damage Only","","","Street or Town Highways in FA Urban Area","25BU021340","Burlington PD","5","999.99","None/Other","Day","Hickok Pl","None","None","","VT0040100","Not at a Junction","","Isham St","","0000","44.481541798666434,-73.20677309319237"
"8017629","","August 9, 2025 at 9:41 PM","Burlington","Ethan Allen Pkwy","ETHAN ALLEN PARKWAY","Property Damage Only","","","Federal Aid Urban System (Class 2 TH's and 3 TH's only)","25BU021407","Burlington PD","2","0.751","None/Other","Night","James Ave","None","None","","VT0040100","Y - Intersection","","Ethan Allen Pkwy","","U5072","44.51436341154011,-73.24233430228956"
"8019544","","August 9, 2025 at 11:37 PM","Burlington","N Winooski Ave","ALTERNATE US-7","Property Damage Only","","","State Highway numbered route, Class 1 TH","25BU021416","Burlington PD","11","1.503","None/Other","Night","North St","None","None","","VT0040100","Four-way Intersection","","N Winooski Ave","","9993","44.48486821824731,-73.2114726150278"
"8015870","","August 10, 2025 at 5:11 PM","Burlington","71 S Williams St","S WILLIAMS ST","Property Damage Only","","","Street or Town Highways in FA Urban Area","25BU021483","Burlington PD","5","999.99","None/Other","Day","S Williams St","None","None","","VT0040100","Not at a Junction","","71 S Williams St","","0000","44.479268676818705,-73.20325121254828"
"8018443","","August 11, 2025 at 9:14 AM","Burlington","111 Colchester Ave","Unknown","Property Damage Only","","","Other Public Roadway (Rest Areas, Shopping Center - anything open to public)","25BU021554","Burlington PD","9","999.99","None/Other","Day","UVMMC Parking Garage","None","None","","VT0040100","Parking Lot","","111 Colchester Ave","","0000","44.48083286022983,-73.19470965854862"
"8019837","","August 11, 2025 at 1:05 PM","Burlington","St Paul St","MAIN ST.","Injury","No Turns, Thru moves only, Broadside ^<","Clear","Federal Aid Urban System (Class 2 TH's and 3 TH's only)","25BU021575","Burlington PD","2","0.254","None/Other","Day","Main St","None","None","","VT0040100","Four-way Intersection","None","St Paul St","Dry","U5022","44.47588437108819,-73.21401420023639"
"8018082","","August 11, 2025 at 4:11 PM","Burlington","Lakeside Ave","TOWN ROAD 0016","Property Damage Only","","","Street or Town Highways in FA Urban Area","25BU021605","Burlington PD","5","999.99","None/Other","Day","Pine St","None","None","","VT0040100","T - Intersection","","Lakeside Ave","","T0016","44.46130706783329,-73.21463402918837"
"8019349","","August 12, 2025 at 1:35 PM","Burlington","183-267 East Ave","EAST AVE","Property Damage Only","","","Federal Aid Urban System (Class 2 TH's and 3 TH's only)","25UV005754","UVM Police","2","0.178","None/Other","Day","Carrigan Dr","None","None","","VT0041100","Four-way Intersection","","183-267 East Ave","","0000","44.475087338269226,-73.19080114085058"
"8019636","","August 13, 2025 at 12:00 AM","Burlington","125 Cambrian Way","Unknown","Property Damage Only","","","Other Public Roadway (Rest Areas, Shopping Center - anything open to public)","25BU021961","Burlington PD","9","999.99","None/Other","Night","65 Cambrian Way","None","None","","VT0040100","Parking Lot","","125 Cambrian Way","","0000","44.48933537491775,-73.22825231848968"
"8018389","","August 13, 2025 at 7:15 PM","Burlington","Barrett St","BARRETT ST","Injury","Rear End","Rain","Federal Aid Urban System (Class 2 TH's and 3 TH's only)","25BU021884","Burlington PD","2","1.002","None/Other","Night","Colchester Ave","None","None","","VT0040100","Four-way Intersection","Unknown","Barrett St","Wet","0000","44.487954590876875,-73.18673449126963"
"8018243","","August 13, 2025 at 8:25 PM","Burlington","Charles Carbonar Dpt","COLCHESTER AVE","Injury","Single Vehicle Crash","Clear","Federal Aid Urban System (Class 2 TH's and 3 TH's only)","25UV005788","UVM Police","2","","None/Other","Night","UVMMC Hospital","None","None","","VT0041100","T - Intersection","None","Charles Carbonar Dpt","Dry","0000","44.48072238965374,-73.19659388245391"
"8017943","","August 14, 2025 at 12:47 PM","Burlington","1127 North Ave","NORTH AVE.","Injury","Left Turn and Thru, Angle Broadside -->v--","Clear","Federal Aid Urban System (Class 2 TH's and 3 TH's only)","25BU021954","Burlington PD","2","2.194","None/Other","Day","1127 North Ave","None","Bicycle","","VT0040100","Four-way Intersection","None","1127 North Ave","Dry","U5026","44.506726214619434,-73.2445709017799"
"8015880","","August 14, 2025 at 6:27 PM","Burlington","200 Lake St","LAKE ST","Property Damage Only","","","Street or Town Highways in FA Urban Area","25BU021990","Burlington PD","5","999.99","None/Other","Day","Penny Ln","None","None","","VT0040100","Not at a Junction","","200 Lake St","","0000","44.480530940546444,-73.22163142409974"
"8016384","","August 14, 2025 at 8:08 PM","Burlington","Saint Paul St","SAINT PAUL ST","Property Damage Only","Opp Direction Sideswipe","Clear","Street or Town Highways in FA Urban Area","25BU021996","Burlington PD","5","999.99","None/Other","Night","College St","None","None","","VT0040100","Four-way Intersection","Obstruction in roadway","Saint Paul St","Dry","0000","44.47698759504157,-73.21408380029455"
"8019400","","August 15, 2025 at 12:00 AM","Burlington","S Prospect St","S PROSPECT ST.","Property Damage Only","","","Federal Aid Urban System (Class 2 TH's and 3 TH's only)","25BU022449","Burlington PD","2","0.017","None/Other","Night","Main St","None","None","","VT0040100","Four-way Intersection","","S Prospect St","","U5050","44.47661171350617,-73.20066566800338"
"8017256","","August 15, 2025 at 10:06 AM","Burlington","North Ave","NORTH AVE.","Property Damage Only","","","Federal Aid Urban System (Class 2 TH's and 3 TH's only)","25BU022052","Burlington PD","2","2.459","None/Other","Day","Shore Rd","None","None","","VT0040100","Y - Intersection","","North Ave","","U5026","44.50936266386388,-73.24814977187836"
"8019596","","August 15, 2025 at 4:50 PM","Burlington","S Willard St","US-2","Property Damage Only","","","State Highway numbered route, Class 1 TH","25BU022105","Burlington PD","11","0.001","None/Other","Day","Main St","None","None","","VT0040100","Four-way Intersection","","S Willard St","","0020","44.47619384061831,-73.20548201734853"
"8019256","","August 15, 2025 at 5:30 PM","Burlington","Main St","MAIN ST","Property Damage Only","","","Street or Town Highways in FA Urban Area","25BU022116","Burlington PD","5","999.99","None/Other","Day","University Ter","None","None","","VT0040100","Not at a Junction","","Main St","","0000","44.475483626302804,-73.19677036656024"
"8018962","","August 15, 2025 at 6:35 PM","Burlington","King St","KING ST","Property Damage Only","Rear End","Clear","Street or Town Highways in FA Urban Area","25BU022117","Burlington PD","5","999.99","None/Other","Day","St Paul St","Alcohol","None","","VT0040100","Not at a Junction","None","King St","Dry","0000","44.47476741043792,-73.21365451696504"
"8017905","","August 16, 2025 at 2:50 PM","Burlington","1 Mill St","Unknown","Property Damage Only","","","Other Public Roadway (Rest Areas, Shopping Center - anything open to public)","25BU022453","Burlington PD","9","999.99","None/Other","Day","Chace Mill Parking Lot","None","None","","VT0040100","Parking Lot","","1 Mill St","","0000","44.488601197024785,-73.1854734966444"
"8017398","","August 16, 2025 at 4:14 PM","Burlington","4 College St","Unknown","Property Damage Only","","","Other Public Roadway (Rest Areas, Shopping Center - anything open to public)","25BU022214","Burlington PD","9","999.99","None/Other","Day","Pease Lot","None","None","","VT0040100","Parking Lot","","4 College St","","0000","44.47656308682883,-73.22006162783971"
"8019018","","August 16, 2025 at 9:04 PM","Burlington","Shelburne St","US-7","Property Damage Only","","","State Highway numbered route, Class 1 TH","25BU022254","Burlington PD","11","0.148","None/Other","Night","I 189","None","None","","VT0040100","Not at a Junction","","Shelburne St","","0070","44.44807585350666,-73.20924149664981"
"8015655","","August 17, 2025 at 12:13 PM","Burlington","North Ave","NORTH AVE.","Property Damage Only","Same Direction Sideswipe","Clear","Federal Aid Urban System (Class 2 TH's and 3 TH's only)","25BU022319","Burlington PD","2","0.258","None/Other","Day","Canfield St","None","None","","VT0040100","T - Intersection","None","North Ave","Dry","U5026","44.48519764369107,-73.22295217931594"
"8016306","","August 18, 2025 at 12:00 AM","Burlington","Heineberg Rd","HEINEBERG RD","Property Damage Only","","","Street or Town Highways in FA Urban Area","25BU022544","Burlington PD","5","999.99","None/Other","Night","North Ave","None","Heavy Truck","","VT0040100","T - Intersection","","Heineberg Rd","","0000","44.50948158553798,-73.2482858411722"
"8018066","","August 18, 2025 at 8:47 AM","Burlington","N Prospect St","N. PROSPECT ST.","Injury","No Turns, Thru moves only, Broadside ^<","Clear","Federal Aid Urban System (Class 2 TH's and 3 TH's only)","25BU022386","Burlington PD","2","0.182","None/Other","Day","Loomis St","None","Bicycle","","VT0040100","Four-way Intersection","None","N Prospect St","Dry","U5054","44.48334684155303,-73.20122760808634"
"8019463","","August 18, 2025 at 11:42 AM","Burlington","Shelburne Rd","US-7","Property Damage Only","","","State Highway numbered route, Class 1 TH","25BU022418","Burlington PD","11","0.616","None/Other","Day","Proctor Ave","None","None","","VT0040100","T - Intersection","","Shelburne Rd","","0070","44.454711755791884,-73.20864401086793"
"8018882","","August 19, 2025 at 12:43 PM","Burlington","Shelburne St","I-189","Property Damage Only","","","Ramp or Spur","25BU022561","Burlington PD","7","0.166","None/Other","Day","I-189 Off Ramp","None","None","","VT0040100","Off Ramp","","Shelburne St","","1890","44.448345434527845,-73.20923707184454"
"8017519","","August 20, 2025 at 12:32 PM","Burlington","College St","ALTERNATE US-7","Property Damage Only","Same Direction Sideswipe","Clear","State Highway numbered route, Class 1 TH","25BU022682","Burlington PD","11","0.956","None/Other","Day","S Winooksi Ave","None","None","","VT0040100","Not at a Junction","None","College St","Dry","9993","44.47693845423219,-73.21104304538589"
"8019226","","August 20, 2025 at 9:54 PM","Burlington","North St","NORTH ST.","Property Damage Only","Left Turn and Thru, Angle Broadside -->v--","Clear","Federal Aid Urban System (Class 2 TH's and 3 TH's only)","25BU022724","Burlington PD","2","0.227","None/Other","Night","N Champlain St","None","None","","VT0040100","Four-way Intersection","None","North St","Dry","U5032","44.48460313731053,-73.21778212014155"
"8019385","","August 21, 2025 at 8:18 AM","Burlington","Main St","US-2","Property Damage Only","Rear End","Clear","State Highway numbered route, Class 1 TH","25BU022750","Burlington PD","11","0.728","None/Other","Day","Beaumont Ave","None","None","","VT0040100","Not at a Junction","None","Main St","Dry","0020","44.47326017559238,-73.19178884412077"
"8015920","","August 21, 2025 at 8:39 AM","Burlington","College St","COLLEGE ST","Injury","Single Vehicle Crash","Clear","Federal Aid Urban System (Class 2 TH's and 3 TH's only)","25BU022753","Burlington PD","2","0.888","None/Other","Day","South Prospect St","None","Pedestrian","","VT0040100","Not at a Junction","None","College St","Dry","0000","44.47772418562373,-73.20122690749355"
"8016467","","August 21, 2025 at 9:58 AM","Burlington","Colchester Ave","COLCHESTER AVE.","Injury","Left Turn and Thru, Angle Broadside -->v--","Clear","Federal Aid Urban System (Class 2 TH's and 3 TH's only)","25BU022758","Burlington PD","2","0.29","None/Other","Day","Fletcher Pl","None","Pedestrian","","VT0040100","T - Intersection","None","Colchester Ave","Dry","U5014","44.48117001982962,-73.19511863247645"
"8015865","","August 21, 2025 at 3:27 PM","Burlington","Main St","US-2","Property Damage Only","","","State Highway numbered route, Class 1 TH","25BU022793","Burlington PD","11","0.003","None/Other","Day","S Prospect St","None","None","","VT0040100","Four-way Intersection","","Main St","","0020","44.476194977200414,-73.20544097473466"
"8016371","","August 21, 2025 at 5:39 PM","Burlington","S Willard St","US-7","Property Damage Only","","","State Highway numbered route, Class 1 TH","25BU022810","Burlington PD","11","2.282","None/Other","Day","Bradley St","None","None","","VT0040100","T - Intersection","","S Willard St","","0070","44.47849639869392,-73.20561736794168"
"8017481","","August 22, 2025 at 9:26 AM","Burlington","31 Spear St","Unknown","Property Damage Only","","Clear","Other Public Roadway (Rest Areas, Shopping Center - anything open to public)","25UV006016","UVM Police","9","999.99","None/Other","Day","UVM Tupper Hall Parking Lot","None","None","","VT0041100","Parking Lot","None","31 Spear St","Dry","0000","44.473102050396335,-73.19327309473007"
"8017892","","August 22, 2025 at 10:30 AM","Burlington","1 S Prospect St","Unknown","Property Damage Only","","","Other Public Roadway (Rest Areas, Shopping Center - anything open to public)","25BU022910","Burlington PD","9","999.99","None/Other","Day","Parking Lot","None","None","","VT0040100","Parking Lot","","1 S Prospect St","","0000","44.47998256220445,-73.20131142682366"
"8018805","","August 22, 2025 at 1:28 PM","Burlington","N Champlain St","TOWN ROAD 0315","Property Damage Only","","","Street or Town Highways in FA Urban Area","25BU022927","Burlington PD","5","999.99","None/Other","Day","Poplar St","None","None","","VT0040100","T - Intersection","","N Champlain St","","T0315","44.48635029919022,-73.21786888057139"
"8018601","","August 22, 2025 at 6:14 PM","Burlington","Shelburne Rd","I-189","Injury","Same Direction Sideswipe","Clear","Ramp or Spur","25BU022944","Burlington PD","7","0.197","None/Other","Day","I-189 Off Ramp","None","None","","VT0040100","Off Ramp","None","Shelburne Rd","Dry","1890","44.44829054123123,-73.20815005348584"
"8016188","","August 23, 2025 at 10:02 AM","Burlington","278 Colchester Ave","COLCHESTER AVE","Injury","Head On","Clear","Federal Aid Urban System (Class 2 TH's and 3 TH's only)","25BU023037","Burlington PD","2","0.603","None/Other","Day","University Rd","None","None","","VT0040100","Not at a Junction","None","278 Colchester Ave","Dry","0000","44.48340553089074,-73.18993996261031"
"8019452","","August 24, 2025 at 8:07 PM","Burlington","82 S Winooski Ave","Unknown","Property Damage Only","Rear-to-rear","Clear","Other Public Roadway (Rest Areas, Shopping Center - anything open to public)","25BU023180","Burlington PD","9","999.99","None/Other","Night","City Market Parking Lot","None","Heavy Truck","","VT0040100","Parking Lot","None","82 S Winooski Ave","Dry","0000","44.477900814029276,-73.21051259528109"
"8016294","","August 25, 2025 at 4:32 PM","Burlington","N Willard St","NORTH ST.","Property Damage Only","No Turns, Thru moves only, Broadside ^<","Clear","Federal Aid Urban System (Class 2 TH's and 3 TH's only)","25BU023276","Burlington PD","2","0.821","None/Other","Day","N Willard St","None","None","","VT0040100","Four-way Intersection","None","N Willard St","Dry","U5032","44.484940327852456,-73.20590007176224"
"8018709","","August 25, 2025 at 8:09 PM","Burlington","Saint Paul St","ST. PAUL ST.","Property Damage Only","Same Direction Sideswipe","Clear","Federal Aid Urban System (Class 2 TH's and 3 TH's only)","25BU023297","Burlington PD","2","0.477","None/Other","Night","Maple St","None","None","","VT0040100","Four-way Intersection","None","Saint Paul St","Dry","U5046","44.47337745401146,-73.21382079020262"
"8016638","","August 26, 2025 at 12:25 PM","Burlington","669 Riverside Ave","MANHATTAN DR.","Property Damage Only","Opp Direction Sideswipe","Clear","Federal Aid Urban System (Class 2 TH's and 3 TH's only)","25BU023360","Burlington PD","2","0.644","None/Other","Day","","None","Heavy Truck","","VT0040100","Not at a Junction","None","669 Riverside Ave","Dry","U5056","44.48956711234608,-73.20752151862102"
"8018468","","August 26, 2025 at 1:17 PM","Burlington","52-78 University Pl","UNIVERSITY PL","Property Damage Only","","","Street or Town Highways in FA Urban Area","25UV006135","UVM Police","5","999.99","None/Other","Day","","None","Heavy Truck","","VT0041100","T - Intersection","","52-78 University Pl","","0000","44.47888688618365,-73.19947567497353"
"8017104","","August 26, 2025 at 7:43 PM","Burlington","41 Cherry St","Unknown","Property Damage Only","","","Other Public Roadway (Rest Areas, Shopping Center - anything open to public)","25BU023418","Burlington PD","9","999.99","None/Other","Night","Cherry St","None","None","","VT0040100","Parking Lot","","41 Cherry St","","0000","44.478757635368694,-73.217411249419"
"8018562","","August 26, 2025 at 9:58 PM","Burlington","Colchester Ave","COLCHESTER AVE.","Property Damage Only","","","Federal Aid Urban System (Class 2 TH's and 3 TH's only)","25BU023436","Burlington PD","2","0.437","None/Other","Night","East Ave","None","None","","VT0040100","T - Intersection","","Colchester Ave","","U5014","44.482216163126886,-73.19268333058365"
"8019711","","August 27, 2025 at 10:37 AM","Burlington","75 Main St","MAIN ST.","Property Damage Only","","","Federal Aid Urban System (Class 2 TH's and 3 TH's only)","25BU023481","Burlington PD","2","0.109","None/Other","Day","S Champlain St","None","None","","VT0040100","Not at a Junction","","75 Main St","","U5022","44.475785292362474,-73.21667422924902"
"8017808","","August 27, 2025 at 1:46 PM","Burlington","S Willard St","US-7","Property Damage Only","Left Turn and Thru, Angle Broadside -->v--","Clear","State Highway numbered route, Class 1 TH","25BU023505","Burlington PD","11","1.638","None/Other","Day","Deforest Rd","None","None","","VT0040100","T - Intersection","None","S Willard St","Dry","0070","44.46925472486398,-73.2051716519812"
"8016198","","August 28, 2025 at 1:20 PM","Burlington","Saint Paul St","ST. PAUL ST.","Property Damage Only","Single Vehicle Crash","Clear","Federal Aid Urban System (Class 2 TH's and 3 TH's only)","25BU023623","Burlington PD","2","0.34","None/Other","Day","Kilburn St","None","None","","VT0040100","Not at a Junction","None","Saint Paul St","Dry","U5046","44.47141698998762,-73.21349669436978"
"8018452","","August 28, 2025 at 2:07 PM","Burlington","Main St","US-2","Property Damage Only","Other - Explain in Narrative","Clear","State Highway numbered route, Class 1 TH","25BU023626","Burlington PD","11","0.005","None/Other","Day","S Willard St","None","Heavy Truck","","VT0040100","Four-way Intersection","None","Main St","Dry","0020","44.476196113779906,-73.2053999301552"
"8019357","","August 28, 2025 at 2:25 PM","Burlington","595 Shelburne St","Unknown","Property Damage Only","","","Other Public Roadway (Rest Areas, Shopping Center - anything open to public)","25BU023628","Burlington PD","9","999.99","None/Other","Day","TJ Maxx Parking Lot","None","None","","VT0040100","Parking Lot","","595 Shelburne St","","0000","44.450121426121505,-73.21018827629374"
"8017902","","August 28, 2025 at 3:34 PM","Burlington","1024 North Ave","Unknown","Property Damage Only","","","Other Public Roadway (Rest Areas, Shopping Center - anything open to public)","25BU023642","Burlington PD","9","999.99","None/Other","Day","Walgreens Parking Lot","None","None","","VT0040100","Parking Lot","","1024 North Ave","","0000","44.50483756595486,-73.24143570459898"
"8017453","","August 28, 2025 at 10:48 PM","Burlington","28 S Willard St","US-7","Injury","Same Direction Sideswipe","Clear","State Highway numbered route, Class 1 TH","25BU023674","Burlington PD","11","2.375","None/Other","Night","28 S Willard St","None","None","","VT0040100","Not at a Junction","None","28 S Willard St","Dry","0070","44.47982706402167,-73.20567615820136"
"8015795","","August 29, 2025 at 2:48 AM","Burlington","King St","KING ST","Property Damage Only","","","Street or Town Highways in FA Urban Area","25BU023690","Burlington PD","5","999.99","None/Other","Night","Saint Paul St","None","None","","VT0040100","Four-way Intersection","","King St","","0000","44.47476654651477,-73.21379276491496"
"8019620","","August 29, 2025 at 10:59 AM","Burlington","S Union St","HOWARD ST.","Property Damage Only","","","Federal Aid Urban System (Class 2 TH's and 3 TH's only)","25BU023714","Burlington PD","2","0.359","None/Other","Day","S Union St","None","None","","VT0040100","Four-way Intersection","","S Union St","","U5064","44.467345691115696,-73.20791571647341"
"8018307","","August 29, 2025 at 3:59 PM","Burlington","Shelburne St","US-7","Injury","Rear End","Rain","State Highway numbered route, Class 1 TH","25BU023753","Burlington PD","11","0.157","None/Other","Day","Near 555 Shelburne St","None","None","","VT0040100","Four-way Intersection","None","Shelburne St","Wet","0070","44.4482067481684,-73.20923363075211"
"8016305","","August 29, 2025 at 4:19 PM","Burlington","365 Colchester Ave","COLCHESTER AVE.","Property Damage Only","","","Federal Aid Urban System (Class 2 TH's and 3 TH's only)","25BU023756","Burlington PD","2","0.77","None/Other","Day","365 Colchester Ave","None","None","","VT0040100","Not at a Junction","","365 Colchester Ave","","U5014","44.484795230745256,-73.18746201544957"
"8018720","","August 30, 2025 at 3:20 AM","Burlington","144 College St","COLLEGE ST.","Property Damage Only","No Turns, Thru moves only, Broadside ^<","Clear","Federal Aid Urban System (Class 2 TH's and 3 TH's only)","25BU023836","Burlington PD","2","0.234","None/Other","Night","Saint Paul St","None","None","","VT0040100","Four-way Intersection","None","144 College St","Dry","U5068","44.47704513667713,-73.21414071303698"
"8019316","","August 30, 2025 at 1:48 PM","Burlington","31 S Williams St","Unknown","Property Damage Only","","","Private Property (Driveways)","25BU023865","Burlington PD","8","999.99","None/Other","Day","S Williams St","None","None","","VT0040100","Driveway","","31 S Williams St","","0000","44.479653612263625,-73.20358265665449"
"8016504","","August 30, 2025 at 6:00 PM","Burlington","Colchester Ave","COLCHESTER AVE.","Property Damage Only","","","Federal Aid Urban System (Class 2 TH's and 3 TH's only)","25BU023881","Burlington PD","2","0.646","None/Other","Day","Nash Pl","None","None","","VT0040100","Not at a Junction","","Colchester Ave","","U5014","44.48371153901359,-73.18922753636876"
"8019425","","August 31, 2025 at 2:38 AM","Burlington","100-102 S Prospect St","S PROSPECT ST","Injury","Single Vehicle Crash","Clear","Federal Aid Urban System (Class 2 TH's and 3 TH's only)","25UV006287","UVM Police","2","0.095","None/Other","Night","College St. // S. Prospect St.","Alcohol","None","","VT0041100","T - Intersection","None","100-102 S Prospect St","Dry","0000","44.47775258702205,-73.20059088837341"
"8018573","","August 31, 2025 at 5:46 PM","Burlington","S Winooski Ave","ALTERNATE US-7","Property Damage Only","","","State Highway numbered route, Class 1 TH","25BU023990","Burlington PD","11","1.104","None/Other","Day","Buell St","None","Motorcycle","","VT0040100","T - Intersection","","S Winooski Ave","","9993","44.479085814629315,-73.21115298621199"
"8019461","","August 31, 2025 at 7:57 PM","Burlington","Manhattan Dr","MANHATTAN DR","Property Damage Only","","","Federal Aid Urban System (Class 2 TH's and 3 TH's only)","25BU024005","Burlington PD","2","0.006","None/Other","Night","N Champlain St","None","None","","VT0040100","T - Intersection","","Manhattan Dr","","0000","44.487581159643256,-73.21783726795923"
"8015960","","August 31, 2025 at 11:14 PM","Burlington","Thibault Pkwy","THIBAULT PKWY","Property Damage Only","","","Street or Town Highways in FA Urban Area","25BU024020","Burlington PD","5","999.99","None/Other","Night","Colchester Ave","None","None","","VT0040100","T - Intersection","","Thibault Pkwy","","0000","44.48274829791066,-73.19049607540344"
"8019251","","September 1, 2025 at 11:02 AM","Burlington","203 N Willard St","N WILLARD ST","Property Damage Only","","","Other Public Roadway (Rest Areas, Shopping Center - anything open to public)","25BU024055","Burlington PD","9","999.99","None/Other","Day","N Willard St","None","None","","VT0040100","Other - Explain in Narrative","","203 N Willard St","","0000","44.48656840474741,-73.20597892878487"
"8019732","","September 1, 2025 at 12:56 PM","Burlington","Champlain Pkwy","CHAMPLAIN PKWY","Property Damage Only","","","Federal Aid Urban System (Class 2 TH's and 3 TH's only)","25BU024073","Burlington PD","2","1.167","None/Other","Day","Flynn Ave","None","None","","VT0040100","Four-way Intersection","","Champlain Pkwy","","0000","44.45562897926438,-73.2169748405427"
"8015875","","September 1, 2025 at 6:59 PM","Burlington","S Willard St","US-7","Injury","Left Turn and Thru, Same Direction Sideswipe/Angle Crash vv--","Clear","State Highway numbered route, Class 1 TH","25BU024110","Burlington PD","11","1.747","None/Other","Day","Spuce St","None","None","","VT0040100","T - Intersection","None","S Willard St","Dry","0070","44.47081121003583,-73.20507882098774"
"8017125","","September 2, 2025 at 8:03 AM","Burlington","15 Rose St","ROSE ST","Property Damage Only","Same Direction Sideswipe","Clear","Street or Town Highways in FA Urban Area","25BU024158","Burlington PD","5","999.99","None/Other","Day","North Ave","None","Heavy Truck","","VT0040100","Not at a Junction","None","15 Rose St","Dry","0000","44.4850004060514,-73.21643178455953"
"8019790","","September 2, 2025 at 9:52 AM","Burlington","Maple St","MAPLE ST. BURLINGTON","Property Damage Only","No Turns, Thru moves only, Broadside ^<","Clear","Federal Aid Urban System (Class 2 TH's and 3 TH's only)","25BU024178","Burlington PD","2","0.785","None/Other","Day","Summit St","None","None","","VT0040100","Four-way Intersection","None","Maple St","Dry","U5066","44.474057000132355,-73.20235382213912"
"8016076","","September 2, 2025 at 12:32 PM","Burlington","Locust St","US-7","Property Damage Only","","","State Highway numbered route, Class 1 TH","25BU024208","Burlington PD","11","1.206","None/Other","Day","Shelburne Rd","None","Heavy Truck","","VT0040100","Traffic circle / roundabout","","Locust St","","0070","44.46351890848917,-73.20795440077656"
"8017992","","September 2, 2025 at 5:25 PM","Burlington","Hungerford Ter","TOWN ROAD 0235","Property Damage Only","","","Street or Town Highways in FA Urban Area","25BU024245","Burlington PD","5","999.99","None/Other","Day","Pearl St","None","None","","VT0040100","T - Intersection","","Hungerford Ter","","T0235","44.48020748885665,-73.20715922782718"
"8016882","","September 3, 2025 at 9:46 AM","Burlington","Saint Paul St","ALTERNATE US-7","Property Damage Only","Same Direction Sideswipe","Clear","State Highway numbered route, Class 1 TH","25BU024314","Burlington PD","11","0.282","None/Other","Day","Howard St","None","Heavy Truck","","VT0040100","Not at a Junction","None","Saint Paul St","Dry","9993","44.46726158147627,-73.20967125295493"
"8020001","","September 3, 2025 at 10:25 AM","Burlington","S Willard St","US-7","Injury","Other - Explain in Narrative","Clear","State Highway numbered route, Class 1 TH","25BU024321","Burlington PD","11","0.671","None/Other","Day","College St","None","Motorcycle","","VT0040100","Four-way Intersection","None","S Willard St","Dry","0070","44.4554903859086,-73.20856276684948"
"8016938","","September 3, 2025 at 5:49 PM","Burlington","80 Pearl St","PEARL ST","Property Damage Only","","","Federal Aid Urban System (Class 2 TH's and 3 TH's only)","25BU024394","Burlington PD","2","0.171","None/Other","Day","","None","None","","VT0040100","Not at a Junction","","80 Pearl St","","0000","44.48035435878233,-73.21566433307811"
"8017045","","September 4, 2025 at 9:47 AM","Burlington","1 S Prospect St","Unknown","Property Damage Only","Same Direction Sideswipe","Clear","Other Public Roadway (Rest Areas, Shopping Center - anything open to public)","25UV006408","UVM Police","9","999.99","None/Other","Day","University Health Center (UHC)","None","None","","VT0041100","Parking Lot","None","1 S Prospect St","Dry","0000","44.479883652617154,-73.2012976718823"
"8019958","","September 4, 2025 at 5:17 PM","Burlington","347-365 Riverside Ave","US-7","Property Damage Only","","","State Highway numbered route, Class 1 TH","25BU024541","Burlington PD","11","3.521","None/Other","Day","Hillside Ter","None","None","","VT0040100","T - Intersection","","347-365 Riverside Ave","","0070","44.48790529947275,-73.19650075828568"
"8019457","","September 4, 2025 at 8:42 PM","Burlington","595 Shelburne St","Unknown","Property Damage Only","","","Other Public Roadway (Rest Areas, Shopping Center - anything open to public)","25BU024567","Burlington PD","9","999.99","None/Other","Night","Parking Lot","None","None","","VT0040100","Parking Lot","","595 Shelburne St","","0000","44.44930237658661,-73.21020347782262"
"8017696","","September 4, 2025 at 10:31 PM","Burlington","406 North Street","NORTH ST.","Property Damage Only","","","Federal Aid Urban System (Class 2 TH's and 3 TH's only)","25BU024576","Burlington PD","2","0.852","None/Other","Night","N Willard St","None","None","","VT0040100","Not at a Junction","","406 North Street","","U5032","44.484949982409454,-73.20528304343947"