"ObjectID","Mapped","Crash Date","City/Town","Address","AOT Route","Crash Type","Collision Direction","Weather","Road Group","Report Number","Reporting Agency","Road Group ID","AOT Actual Milepoint","Animal","Time of Day","Intersection With","Impairment","Involving","Non Reportable Address","Reporting Agency ID","Road Characteristics","Road Condition","Street Address","Surface Condition","AOT Route ID","Coordinates"
"8017312","","September 5, 2025 at 7:10 AM","Burlington","Plattsburg Ave","VT. 127 BELTLINE","Property Damage Only","","","Federal Aid Urban System (Class 2 TH's and 3 TH's only)","25BU024942","Burlington PD","2","0.535","None/Other","Day","VT-127 Beltline","None","None","","VT0040100","Off Ramp","","Plattsburg Ave","","U5009","44.49392176473438,-73.22504056944676"
"8016697","","September 5, 2025 at 8:49 AM","Burlington","143 Loomis St","LOOMIS ST","Property Damage Only","","","Street or Town Highways in FA Urban Area","25BU024600","Burlington PD","5","999.99","None/Other","Day","","None","None","","VT0040100","Not at a Junction","","143 Loomis St","","0000","44.48331596492826,-73.20365181736258"
"8019312","","September 5, 2025 at 8:50 AM","Burlington","1-17 East Ave","EAST AVE","Property Damage Only","","","Federal Aid Urban System (Class 2 TH's and 3 TH's only)","25UV006440","UVM Police","2","0.67","None/Other","Day","Colchester Ave","None","None","","VT0041100","Four-way Intersection","","1-17 East Ave","","0000","44.48221417210221,-73.19268771850213"
"8018203","","September 5, 2025 at 12:22 PM","Burlington","94 N Champlain St","N CHAMPLAIN ST.","Property Damage Only","","","Federal Aid Urban System (Class 2 TH's and 3 TH's only)","25BU024624","Burlington PD","2","0.188","None/Other","Day","PERU ST","None","None","","VT0040100","Not at a Junction","","94 N Champlain St","","U5028","44.483035510707225,-73.2176323188263"
"8019921","","September 5, 2025 at 9:13 PM","Burlington","Maple St","LEDGE RD.","Property Damage Only","","","Federal Aid Urban System (Class 2 TH's and 3 TH's only)","25BU024690","Burlington PD","2","0.868","None/Other","Night","S Prospect St","None","None","","VT0040100","Not at a Junction","","Maple St","","U5058","44.46960542224089,-73.2003988681246"
"8019616","","September 6, 2025 at 8:44 PM","Burlington","Main St","US-2","Property Damage Only","","","State Highway numbered route, Class 1 TH","25BU024793","Burlington PD","11","0.532","None/Other","Night","University Hts","None","None","","VT0040100","T - Intersection","","Main St","","0020","44.47478814456835,-73.19520171904688"
"8017276","","September 6, 2025 at 11:30 PM","Burlington","S Winooski Ave","ALTERNATE US-7","Property Damage Only","Right Turn and Thru, Head On v^--","Clear","State Highway numbered route, Class 1 TH","25BU024808","Burlington PD","11","0.979","None/Other","Night","College St","None","Bicycle","","VT0040100","Four-way Intersection","None","S Winooski Ave","Dry","9993","44.477275259774004,-73.21106281816238"
"8018475","","September 7, 2025 at 3:26 AM","Burlington","45 Manhattan Dr","MANHATTAN DR","Property Damage Only","Head On","Clear","Street or Town Highways in FA Urban Area","25BU024829","Burlington PD","5","999.99","None/Other","Night","","Alcohol","None","","VT0040100","Not at a Junction","None","45 Manhattan Dr","Dry","0000","44.48832188116314,-73.22346239904486"
"8018877","","September 7, 2025 at 4:02 AM","Burlington","N Willard St","US-7","Property Damage Only","Head On","Clear","State Highway numbered route, Class 1 TH","25BU024830","Burlington PD","11","2.984","None/Other","Night","Hyde St","None","None","","VT0040100","Y - Intersection","None","N Willard St","Dry","0070","44.48869038464227,-73.20605598420342"
"8018982","","September 7, 2025 at 6:49 PM","Burlington","166 North St","NORTH ST.","Property Damage Only","Same Direction Sideswipe","Cloudy","Federal Aid Urban System (Class 2 TH's and 3 TH's only)","25BU024907","Burlington PD","2","0.343","None/Other","Day","Lafountain St","None","None","","VT0040100","Not at a Junction","None","166 North St","Dry","U5032","44.48468721205637,-73.21544416760922"
"8017138","","September 9, 2025 at 9:44 AM","Burlington","184 Pearl St","PEARL ST.","Property Damage Only","","","Federal Aid Urban System (Class 2 TH's and 3 TH's only)","25BU025066","Burlington PD","2","0.376","None/Other","Day","","None","None","","VT0040100","Not at a Junction","","184 Pearl St","","U5038","44.48048037604482,-73.21172190909807"
"8019680","","September 9, 2025 at 10:08 AM","Burlington","276-298 Park St","PARK ST","Property Damage Only","","","Federal Aid Urban System (Class 2 TH's and 3 TH's only)","25BU025074","Burlington PD","2","0.488","None/Other","Day","Manhattan Dr","None","None","","VT0040100","Four-way Intersection","","276-298 Park St","","0000","44.487467852988125,-73.2194424171666"
"8015821","","September 9, 2025 at 2:52 PM","Burlington","Shelburne St","SHELBURNE ST","Property Damage Only","","","Street or Town Highways in FA Urban Area","25BU025112","Burlington PD","5","999.99","None/Other","Day","Ferguson Ave","None","None","","VT0040100","Not at a Junction","","Shelburne St","","0000","44.45403643672896,-73.20870285563477"
"8016727","","September 9, 2025 at 3:22 PM","Burlington","67 Cherry St","CHERRY ST","Property Damage Only","","","Street or Town Highways in FA Urban Area","25BU025117","Burlington PD","5","999.99","None/Other","Day","","None","None","","VT0040100","Not at a Junction","","67 Cherry St","","0000","44.47922501233141,-73.21607199640829"
"8017179","","September 9, 2025 at 6:29 PM","Burlington","Carrigan Drive","EAST AVE.","Property Damage Only","","","Federal Aid Urban System (Class 2 TH's and 3 TH's only)","25BU025135","Burlington PD","2","0.184","None/Other","Day","East Ave","None","None","","VT0040100","Four-way Intersection","","Carrigan Drive","","U5016","44.4751745941331,-73.19082176425297"
"8018359","","September 10, 2025 at 9:18 AM","Burlington","383 Manhattan Dr","MANHATTAN DR","Property Damage Only","No Turns, Thru moves only, Broadside ^<","Clear","Other Public Roadway (Rest Areas, Shopping Center - anything open to public)","25BU025199","Burlington PD","9","999.99","None/Other","Day","Oak St","None","None","","VT0040100","Other - Explain in Narrative","None","383 Manhattan Dr","Dry","0000","44.490697586968025,-73.213471586282"
"8019247","","September 10, 2025 at 3:07 PM","Burlington","460 Riverside Ave","Unknown","Property Damage Only","","","Other Public Roadway (Rest Areas, Shopping Center - anything open to public)","25BU025241","Burlington PD","9","999.99","None/Other","Day","Riverside Ave","None","None","","VT0040100","Parking Lot","","460 Riverside Ave","","0000","44.48841643529523,-73.20108561403121"
"8018597","","September 10, 2025 at 4:57 PM","Burlington","93 S Winooski Ave","ALTERNATE US-7","Property Damage Only","","","State Highway numbered route, Class 1 TH","25BU025254","Burlington PD","11","1.015","None/Other","Day","93 S Winooski Ave","None","None","","VT0040100","Not at a Junction","","93 S Winooski Ave","","9993","44.477796728258475,-73.21108829655222"
"8017648","","September 11, 2025 at 10:05 AM","Burlington","Killarney Dr","KILLARNEY DR","Property Damage Only","Rear End","Clear","Street or Town Highways in FA Urban Area","25BU025320","Burlington PD","5","999.99","None/Other","Day","North Ave","None","Heavy Truck","","VT0040100","T - Intersection","None","Killarney Dr","Dry","0000","44.50333475839607,-73.24003339591434"
"8015729","","September 11, 2025 at 1:14 PM","Burlington","1 S Prospect St","Unknown","Property Damage Only","Other - Explain in Narrative","Clear","Other Public Roadway (Rest Areas, Shopping Center - anything open to public)","25UV006639","UVM Police","9","999.99","None/Other","Day","University Health Center  (Parking Lot)","None","None","","VT0041100","Parking Lot","None","1 S Prospect St","Dry","0000","44.47978451149054,-73.20132162430824"
"8019264","","September 11, 2025 at 8:22 PM","Burlington","S Prospect St","S PROSPECT ST.","Property Damage Only","No Turns, Thru moves only, Broadside ^<","Clear","Federal Aid Urban System (Class 2 TH's and 3 TH's only)","25BU025376","Burlington PD","2","0.003","None/Other","Night","Main St","None","Motorcycle","","VT0040100","Four-way Intersection","None","S Prospect St","Dry","U5050","44.47640694117447,-73.20067908819667"
"8016089","","September 11, 2025 at 10:37 PM","Burlington","S Willard St","US-7","Injury","Rear End","Clear","State Highway numbered route, Class 1 TH","25BU025387","Burlington PD","11","2.431","None/Other","Night","Pearl St","None","Motorcycle","","VT0040100","Four-way Intersection","None","S Willard St","Dry","0070","44.48062821178158,-73.2057165830341"
"8017262","","September 12, 2025 at 8:43 AM","Burlington","Archibald St","TOWN ROAD 0109","Property Damage Only","","","Street or Town Highways in FA Urban Area","25BU025422","Burlington PD","5","999.99","None/Other","Day","N Willard St","None","Bicycle","","VT0040100","Four-way Intersection","","Archibald St","","T0109","44.488098041280956,-73.20602252373365"
"8019024","","September 12, 2025 at 10:32 AM","Burlington","Shelburne St","SHELBURNE ST","Property Damage Only","","","Street or Town Highways in FA Urban Area","25BU025433","Burlington PD","5","999.99","None/Other","Day","Home Ave","None","None","","VT0040100","Not at a Junction","","Shelburne St","","0000","44.45073176238735,-73.20900211212829"
"8016353","","September 12, 2025 at 3:06 PM","Burlington","S Winooski","Unknown","Property Damage Only","No Turns, Thru moves only, Broadside ^<","Clear","Other Public Roadway (Rest Areas, Shopping Center - anything open to public)","25BU025478","Burlington PD","9","999.99","None/Other","Day","Cherry St","None","None","","VT0040100","Parking Lot","None","S Winooski","Dry","0000","44.479676939067105,-73.21143919158276"
"8017911","","September 12, 2025 at 3:55 PM","Burlington","1127 North Ave","Unknown","Property Damage Only","","","Other Public Roadway (Rest Areas, Shopping Center - anything open to public)","25BU025486","Burlington PD","9","999.99","None/Other","Day","Hannaford's Parking Lot","None","None","","VT0040100","Parking Lot","","1127 North Ave","","0000","44.50612736029512,-73.24652005737836"
"8017462","","September 12, 2025 at 4:36 PM","Burlington","317 Riverside Ave","US-7","Property Damage Only","","","State Highway numbered route, Class 1 TH","25BU025492","Burlington PD","11","3.572","None/Other","Day","Hillside Terrace","None","None","","VT0040100","Not at a Junction","","317 Riverside Ave","","0070","44.487683951893395,-73.19550933219733"
"8016045","","September 12, 2025 at 7:13 PM","Burlington","52 N Champlain St","N CHAMPLAIN ST.","Property Damage Only","Same Direction Sideswipe","Cloudy","Federal Aid Urban System (Class 2 TH's and 3 TH's only)","25BU025506","Burlington PD","2","0.117","None/Other","Night","Sherman St","None","None","","VT0040100","Not at a Junction","None","52 N Champlain St","Dry","U5028","44.482005148099816,-73.21752997901012"
"8019971","","September 13, 2025 at 6:50 AM","Burlington","111 Colchester Ave","COLCHESTER AVE.","Property Damage Only","","","Federal Aid Urban System (Class 2 TH's and 3 TH's only)","25BU025839","Burlington PD","2","0.211","None/Other","Day","","None","None","","VT0040100","Not at a Junction","","111 Colchester Ave","","U5014","44.48072150261631,-73.19649308220555"
"8018786","","September 13, 2025 at 7:03 PM","Burlington","730-740 Shelburne Rd","US-7","Property Damage Only","Same Direction Sideswipe","Clear","State Highway numbered route, Class 1 TH","25SB009041","So. Burlington PD.","11","999.99","None/Other","Night","Swift St","None","None","","VT0040300","Not at a Junction","None","730-740 Shelburne Rd","Dry","0070","44.4459684162635,-73.20942187525127"
"8019521","","September 13, 2025 at 10:14 PM","Burlington","North Ave","NORTH AVE.","Property Damage Only","Left Turn and Thru, Angle Broadside -->v--","Clear","Federal Aid Urban System (Class 2 TH's and 3 TH's only)","25BU025678","Burlington PD","2","3.017","None/Other","Night","Cottage Grove","None","None","","VT0040100","T - Intersection","None","North Ave","Dry","U5026","44.51482631619024,-73.25553047858065"
"8019126","","September 13, 2025 at 11:18 PM","Burlington","35 King St","KING ST","Property Damage Only","","","Street or Town Highways in FA Urban Area","25BU025690","Burlington PD","5","999.99","None/Other","Night","Battery St","None","None","","VT0040100","Not at a Junction","","35 King St","","0000","44.47460280350672,-73.21837842366082"
"8017724","","September 15, 2025 at 7:53 AM","Burlington","Plattsburg Ave","PLATTSBURG AVE.","Injury","Rear End","Clear","Federal Aid Urban System (Class 2 TH's and 3 TH's only)","25BU025817","Burlington PD","2","0.104","None/Other","Day","Barley Rd","None","None","","VT0040100","Not at a Junction","None","Plattsburg Ave","Dry","U5042","44.51729919902774,-73.25707663787803"
"8018383","","September 15, 2025 at 7:53 PM","Burlington","Rt 127","VT. 127 BELTLINE","Property Damage Only","","","Federal Aid Urban System (Class 2 TH's and 3 TH's only)","25BU025893","Burlington PD","2","1.495","Deer","Night","Ethan Allen Homestead","None","None","","VT0040100","Not at a Junction","","Rt 127","","U5009","44.50603555103285,-73.23388245578734"
"8017989","","September 16, 2025 at 12:00 AM","Burlington","84 Pine St","PINE ST","Property Damage Only","","","Street or Town Highways in FA Urban Area","25BU026039","Burlington PD","5","999.99","None/Other","Night","Bank St","None","None","","VT0040100","T - Intersection","","84 Pine St","","0000","44.47753552801841,-73.21568681571947"
"8018644","","September 16, 2025 at 9:55 AM","Burlington","Mansfield Ave","TOWN ROAD 0012","Injury","Right Turn and Thru, Same Direction Sideswipe/Angle Crash ^^--","Clear","Street or Town Highways in FA Urban Area","25BU025936","Burlington PD","5","999.99","None/Other","Day","Colchester Ave","None","Bicycle","","VT0040100","Not at a Junction","None","Mansfield Ave","Dry","T0012","44.48099706810423,-73.19877181135195"
"8016230","","September 16, 2025 at 3:30 PM","Burlington","Shelburne St","US-7","Property Damage Only","","","State Highway numbered route, Class 1 TH","25BU025974","Burlington PD","11","0.334","None/Other","Day","Home Ave","None","None","","VT0040100","Four-way Intersection","","Shelburne St","","0070","44.45071625304683,-73.20898772151276"
"8016474","","September 16, 2025 at 5:22 PM","Burlington","Shelburne St","US-7","Property Damage Only","","","State Highway numbered route, Class 1 TH","25BU025985","Burlington PD","11","0.167","None/Other","Day","Interstate I-189 W","None","None","","VT0040100","Four-way Intersection","","Shelburne St","","0070","44.44835191985894,-73.20922755119118"
"8019494","","September 16, 2025 at 11:08 PM","Burlington","153 North Ave","NORTH AVE.","Property Damage Only","Other - Explain in Narrative","Clear","Federal Aid Urban System (Class 2 TH's and 3 TH's only)","25BU026022","Burlington PD","2","0.326","None/Other","Night","153 North Ave","None","None","","VT0040100","Not at a Junction","None","153 North Ave","Dry","U5026","44.48597731398516,-73.22356389916663"
"8016580","","September 17, 2025 at 11:40 AM","Burlington","70 Cambrian Way","Unknown","Property Damage Only","","","Other Public Roadway (Rest Areas, Shopping Center - anything open to public)","25BU026057","Burlington PD","9","999.99","None/Other","Day","Parking Lot","None","None","","VT0040100","Parking Lot","","70 Cambrian Way","","0000","44.49056683773861,-73.22848137301281"
"8017082","","September 17, 2025 at 2:45 PM","Burlington","95 Archibald St","TOWN ROAD 0109","Property Damage Only","Same Direction Sideswipe","Clear","Street or Town Highways in FA Urban Area","25BU026076","Burlington PD","5","999.99","None/Other","Day","95 Archibald St","None","None","","VT0040100","Not at a Junction","None","95 Archibald St","Dry","T0109","44.48792293698832,-73.20959079644751"
"8019893","","September 17, 2025 at 3:32 PM","Burlington","111 Colchester Ave","Unknown","Property Damage Only","Right Turn and Thru, Broadside ^<--","Clear","Other Public Roadway (Rest Areas, Shopping Center - anything open to public)","25BU026073","Burlington PD","9","999.99","None/Other","Day","UVM MC Ambulance Bay","None","None","","VT0040100","Other - Explain in Narrative","None","111 Colchester Ave","Dry","0000","44.47950383821392,-73.1957120550621"
"8019530","","September 18, 2025 at 11:54 AM","Burlington","College St","COLLEGE ST.","Injury","Left Turn and Thru, Angle Broadside -->v--","Clear","Federal Aid Urban System (Class 2 TH's and 3 TH's only)","25BU026144","Burlington PD","2","0.67","None/Other","Day","S Willard St","None","Bicycle","","VT0040100","Four-way Intersection","None","College St","Dry","U5068","44.47748757800208,-73.20555967042682"
"8019351","","September 18, 2025 at 6:48 PM","Burlington","351 Shelburne Rd","Unknown","Property Damage Only","","","Other Public Roadway (Rest Areas, Shopping Center - anything open to public)","25BU026177","Burlington PD","9","999.99","None/Other","Day","Parking Lot","None","None","","VT0040100","Parking Lot","","351 Shelburne Rd","","0000","44.45589373213296,-73.20960486360985"
"8015977","","September 19, 2025 at 12:13 PM","Burlington","Riverside Ave","MANHATTAN DR.","Property Damage Only","","","Federal Aid Urban System (Class 2 TH's and 3 TH's only)","25BU026261","Burlington PD","2","0.53","None/Other","Day","Intervale Ave","None","None","","VT0040100","Four-way Intersection","","Riverside Ave","","U5056","44.48944746758145,-73.20981312605088"
"8019296","","September 19, 2025 at 10:32 PM","Burlington","171 N Willard St","US-7","Property Damage Only","","","State Highway numbered route, Class 1 TH","25BU026338","Burlington PD","11","2.773","None/Other","Night","Charles St","None","None","","VT0040100","Not at a Junction","","171 N Willard St","","0070","44.485669974812865,-73.20595199889367"
"8017333","","September 20, 2025 at 12:00 AM","Burlington","686 Riverside Ave","Unknown","Property Damage Only","","","Other Public Roadway (Rest Areas, Shopping Center - anything open to public)","25BU026681","Burlington PD","9","999.99","None/Other","Night","686 Riverside Ave","None","None","","VT0040100","Parking Lot","","686 Riverside Ave","","0000","44.489241128727265,-73.20890274378361"
"8017191","","September 20, 2025 at 1:07 PM","Burlington","N Winooski Ave","ALTERNATE US-7","Property Damage Only","","","State Highway numbered route, Class 1 TH","25BU026416","Burlington PD","11","1.204","None/Other","Day","Pearl St","None","None","","VT0040100","Not at a Junction","","N Winooski Ave","","9993","44.48053449085963,-73.21121830985471"
"8017093","","September 20, 2025 at 2:37 PM","Burlington","North Ave","NORTH AVE","Property Damage Only","","","Federal Aid Urban System (Class 2 TH's and 3 TH's only)","25BU026428","Burlington PD","2","1.629","Deer","Day","Beltline","None","None","","VT0040100","Not at a Junction","","North Ave","","0000","44.501078171429,-73.23689892145474"
"8017838","","September 20, 2025 at 9:05 PM","Burlington","S Winooski Ave","ALTERNATE US-7","Property Damage Only","","","State Highway numbered route, Class 1 TH","25BU026464","Burlington PD","11","1.047","None/Other","Night","Bank St","None","None","","VT0040100","T - Intersection","","S Winooski Ave","","9993","44.478260308084266,-73.21110806015433"
"8019756","","September 21, 2025 at 12:31 PM","Burlington","1024 North Ave","Unknown","Property Damage Only","","","Other Public Roadway (Rest Areas, Shopping Center - anything open to public)","25BU026526","Burlington PD","9","999.99","None/Other","Day","WALGREENS PARKING LOT","None","None","","VT0040100","Parking Lot","","1024 North Ave","","0000","44.50484672789196,-73.2414106699082"
"8019866","","September 22, 2025 at 9:13 AM","Burlington","555 Shelburne St","US-7","Property Damage Only","","","State Highway numbered route, Class 1 TH","25BU026585","Burlington PD","11","0.322","None/Other","Day","Home Ave","None","None","","VT0040100","Four-way Intersection","","555 Shelburne St","","0070","44.450546907532846,-73.20901357016203"
"8019662","","September 22, 2025 at 6:55 PM","Burlington","9 S Union St","S UNION ST.","Property Damage Only","","","Federal Aid Urban System (Class 2 TH's and 3 TH's only)","25BU026643","Burlington PD","2","1.061","None/Other","Day","Pearl St","None","None","","VT0040100","Not at a Junction","","9 S Union St","","U5052","44.48014514827186,-73.209280356123"
"8017054","","September 23, 2025 at 3:16 PM","Burlington","284-298 Pearl St","TOWN ROAD 0235","Property Damage Only","","","Street or Town Highways in FA Urban Area","25BU026717","Burlington PD","5","999.99","None/Other","Day","Hungerford Terr","None","None","","VT0040100","T - Intersection","","284-298 Pearl St","","T0235","44.48061220069454,-73.20720182723817"
"8017013","","September 23, 2025 at 5:00 PM","Burlington","140 Riverside Ave","Unknown","Property Damage Only","","","Other Public Roadway (Rest Areas, Shopping Center - anything open to public)","25BU026731","Burlington PD","9","999.99","None/Other","Day","PARKING LOT","None","None","","VT0040100","Parking Lot","","140 Riverside Ave","","0000","44.48563642079738,-73.18912216179179"
"8017319","","September 25, 2025 at 7:13 AM","Burlington","Home Ave","HOME AVE","Injury","Same Direction Sideswipe","Rain","Street or Town Highways in FA Urban Area","25BU026855","Burlington PD","5","999.99","None/Other","Day","Champlain Pkwy","None","Bicycle","","VT0040100","Four-way Intersection","Road Surface Condition(wet, icy, snow, slush, etc)","Home Ave","Wet","0000","44.451207684608185,-73.21781516276569"
"8019725","","September 25, 2025 at 6:19 PM","Burlington","College St","COLLEGE ST.","Injury","Left Turn and Thru, Angle Broadside -->v--","Rain","Federal Aid Urban System (Class 2 TH's and 3 TH's only)","25BU026902","Burlington PD","2","0.389","None/Other","Day","S Winooski Ave","None","None","","VT0040100","Four-way Intersection","None","College St","Wet","U5068","44.477157931927096,-73.21107684777344"
"8018576","","September 25, 2025 at 6:34 PM","Burlington","Shelburne St","US-7","Property Damage Only","Rear End","Rain","State Highway numbered route, Class 1 TH","25BU026903","Burlington PD","11","0.2","None/Other","Day","Interstate I-189 W","None","None","","VT0040100","Y - Intersection","Road Surface Condition(wet, icy, snow, slush, etc)","Shelburne St","Wet","0070","44.44881957872854,-73.20918891285693"
"8016931","","September 26, 2025 at 10:09 AM","Burlington","Shelburne St","US-7","Property Damage Only","","","State Highway numbered route, Class 1 TH","25BU026964","Burlington PD","11","0.168","None/Other","Day","I-189","None","None","","VT0040100","Off Ramp","","Shelburne St","","0070","44.44836609269987,-73.20922641533471"
"8017425","","September 26, 2025 at 3:47 PM","Burlington","38 S Winooski Ave","S WINOOSKI AVE","Injury","Single Vehicle Crash","Clear","Street or Town Highways in FA Urban Area","25BU027003","Burlington PD","5","999.99","None/Other","Day","Buell St","None","Pedestrian","","VT0040100","T - Intersection","None","38 S Winooski Ave","Dry","0000","44.47909428838209,-73.21106758448676"
"8015867","","September 26, 2025 at 4:16 PM","Burlington","112 Lake St","Unknown","Property Damage Only","","","Other Public Roadway (Rest Areas, Shopping Center - anything open to public)","25BU027005","Burlington PD","9","999.99","None/Other","Day","Foam Brewers","None","None","","VT0040100","Parking Lot","","112 Lake St","","0000","44.47903568599553,-73.22041885538809"
"8016336","","September 27, 2025 at 10:09 AM","Burlington","60 Battery St","DISC","Property Damage Only","","","Other Public Roadway (Rest Areas, Shopping Center - anything open to public)","25BU027105","Burlington PD","9","999.99","None/Other","Day","3RD FLOOR OF PARKING GARAGE","None","None","","VT0040100","Parking Lot","","60 Battery St","","0000","44.47797584768026,-73.2172256945571"
"8017692","","September 27, 2025 at 11:19 AM","Burlington","56 Hungerford Ter","TOWN ROAD 0235","Property Damage Only","No Turns, Thru moves only, Broadside ^<","Clear","Street or Town Highways in FA Urban Area","25BU027108","Burlington PD","5","999.99","None/Other","Day","Buell St","None","None","","VT0040100","Not at a Junction","None","56 Hungerford Ter","Dry","T0235","44.47933484008436,-73.20711097706506"
"8018602","","September 27, 2025 at 2:15 PM","Burlington","333 Shelburne St","Unknown","Property Damage Only","","","Other Public Roadway (Rest Areas, Shopping Center - anything open to public)","25BU027122","Burlington PD","9","999.99","None/Other","Day","Burlington Hyundai Parking Lot","None","None","","VT0040100","Parking Lot","","333 Shelburne St","","0000","44.45570694203817,-73.20925078523494"
"8019150","","September 27, 2025 at 8:21 PM","Burlington","38 N Winooski Ave","ALTERNATE US-7","Property Damage Only","","","State Highway numbered route, Class 1 TH","25BU027152","Burlington PD","11","1.261","None/Other","Night","Pearl St","None","None","","VT0040100","Not at a Junction","","38 N Winooski Ave","","9993","44.48136081997827,-73.21126047235049"
"8017385","","September 28, 2025 at 1:39 PM","Burlington","Pearl St","PEARL ST.","Property Damage Only","","","Federal Aid Urban System (Class 2 TH's and 3 TH's only)","25BU027223","Burlington PD","2","0.006","None/Other","Day","Park St","None","None","","VT0040100","T - Intersection","","Pearl St","","U5038","44.4802667089907,-73.21889268401604"
"8018496","","September 28, 2025 at 4:34 PM","Burlington","234 Pine St","PINE ST.","Property Damage Only","","","Federal Aid Urban System (Class 2 TH's and 3 TH's only)","25BU027234","Burlington PD","2","1.186","None/Other","Day","Maple St","None","None","","VT0040100","Not at a Junction","","234 Pine St","","U5040","44.47266771264072,-73.21535890262089"
"8017744","","September 28, 2025 at 8:26 PM","Burlington","500 Pine St","PINE ST.","Property Damage Only","","","Federal Aid Urban System (Class 2 TH's and 3 TH's only)","25BU027246","Burlington PD","2","0.652","None/Other","Night","","None","None","","VT0040100","Not at a Junction","","500 Pine St","","U5040","44.46494294773156,-73.21482981658444"
"8016692","","September 29, 2025 at 5:52 AM","Burlington","Plattsburg Ave","PLATTSBURG AVE","Injury","Left Turn and Thru, Broadside v<--","Clear","Street or Town Highways in FA Urban Area","25BU027278","Burlington PD","5","999.99","None/Other","Night","Turf Rd","None","None","","VT0040100","T - Intersection","None","Plattsburg Ave","Dry","0000","44.51978824262179,-73.25748694317679"
"8016134","","September 29, 2025 at 3:13 PM","Burlington","Corrigan Dr","US-2","Property Damage Only","","Clear","State Highway numbered route, Class 1 TH","25UV007198","UVM Police","11","0.538","None/Other","Day","University Hieghts","None","None","","VT0041100","Four-way Intersection","None","Corrigan Dr","Dry","0020","44.47474275822567,-73.19509605466713"
"8019109","","September 29, 2025 at 5:54 PM","Burlington","188 North St","NORTH ST.","Property Damage Only","","","Federal Aid Urban System (Class 2 TH's and 3 TH's only)","25BU027361","Burlington PD","2","0.385","None/Other","Day","Elmwood Ave","None","None","","VT0040100","Not at a Junction","","188 North St","","U5032","44.484723542787044,-73.21459744194541"
"8018055","","September 29, 2025 at 7:57 PM","Burlington","Manhattan Dr","MANHATTAN DRIVE","Property Damage Only","No Turns, Thru moves only, Broadside ^<","Clear","Federal Aid Urban System (Class 2 TH's and 3 TH's only)","25BU027370","Burlington PD","2","0.001","None/Other","Night","Park St","None","None","","VT0040100","Four-way Intersection","Road Surface Condition(wet, icy, snow, slush, etc)","Manhattan Dr","Dry","U5024","44.487496737593155,-73.21941709652637"
"8015896","","September 30, 2025 at 6:57 PM","Burlington","S Prospect St","S PROSPECT ST.","Injury","No Turns, Thru moves only, Broadside ^<","Clear","Federal Aid Urban System (Class 2 TH's and 3 TH's only)","25BU027471","Burlington PD","2","0.21","None/Other","Day","1 S Prospect St","None","Pedestrian","","VT0040100","Not at a Junction","None","S Prospect St","Dry","U5050","44.47943522115197,-73.20051924974553"
"8016143","","October 2, 2025 at 12:00 AM","Burlington","I-189","I-189","Property Damage Only","","","Ramp or Spur","25BU027731","Burlington PD","7","0.247","None/Other","","Shelburne St","None","None","","VT0040100","Y - Intersection","","I-189","","1890","44.44855593631586,-73.20904833666557"
"8019016","","October 2, 2025 at 10:00 AM","Burlington","Winooski Bridge","US-7","Property Damage Only","","","State Highway numbered route, Class 1 TH","25BU027620","Burlington PD","11","4.168","None/Other","Day","Colchester Ave","None","None","","VT0040100","Not at a Junction","","Winooski Bridge","","0070","44.488829703837624,-73.18658834883333"
"8017254","","October 2, 2025 at 9:18 PM","Burlington","Oak St","MANHATTAN DR.","Injury","Head On","Rain","Federal Aid Urban System (Class 2 TH's and 3 TH's only)","25BU027688","Burlington PD","2","0.512","None/Other","Night","Intervale Ave / Riverside Ave","None","None","","VT0040100","Four-way Intersection","Road Surface Condition(wet, icy, snow, slush, etc)","Oak St","Wet","U5056","44.489511774411106,-73.2101641613416"
"8017354","","October 3, 2025 at 12:47 PM","Burlington","Shelburne St","ALTERNATE US-7","Property Damage Only","Single Vehicle Crash","Clear","State Highway numbered route, Class 1 TH","25BU027752","Burlington PD","11","0.08","None/Other","Day","Marion St","None","None","","VT0040100","Not at a Junction","None","Shelburne St","Dry","9993","44.4647426883009,-73.20770404615688"
"8019963","","October 3, 2025 at 3:53 PM","Burlington","590 Main St","US-2","Property Damage Only","Rear End","Clear","State Highway numbered route, Class 1 TH","25BU027778","Burlington PD","11","0.32","None/Other","Day","University Terrace","None","None","","VT0040100","Not at a Junction","None","590 Main St","Dry","0020","44.4763741228011,-73.19894156928987"
"8019462","","October 3, 2025 at 5:33 PM","Burlington","College St","COLLEGE ST.","Property Damage Only","","","Federal Aid Urban System (Class 2 TH's and 3 TH's only)","25BU027793","Burlington PD","2","0.198","None/Other","Day","Saint Paul St","None","None","","VT0040100","Not at a Junction","","College St","","U5068","44.477012099204174,-73.21485184023382"
"8016702","","October 3, 2025 at 7:48 PM","Burlington","East Ave","EAST AVE.","Property Damage Only","","","Federal Aid Urban System (Class 2 TH's and 3 TH's only)","25BU027804","Burlington PD","2","0.082","None/Other","Night","Main St","None","None","","VT0040100","Four-way Intersection","","East Ave","","U5016","44.473262961564586,-73.19107244738638"