"ObjectID","Mapped","Crash Date","City/Town","Address","AOT Route","Crash Type","Collision Direction","Weather","Road Group","Report Number","Reporting Agency","Road Group ID","AOT Actual Milepoint","Animal","Time of Day","Intersection With","Impairment","Involving","Non Reportable Address","Reporting Agency ID","Road Characteristics","Road Condition","Street Address","Surface Condition","AOT Route ID","Coordinates"
"8020082","","October 4, 2025 at 2:28 AM","Burlington","Perkins Pier","MAPLE ST","Property Damage Only","Head On","Clear","Street or Town Highways in FA Urban Area","25BU027848","Burlington PD","5","999.99","None/Other","Night","Maple St / Battery St","None","None","","VT0040100","Four-way Intersection","None","Perkins Pier","Dry","0000","44.47349476856506,-73.2185533599862"
"8020363","","October 4, 2025 at 4:04 PM","Burlington","60 Lake St","LAKE ST","Property Damage Only","","","Street or Town Highways in FA Urban Area","25BU027908","Burlington PD","5","999.99","None/Other","Day","College St","None","None","","VT0040100","Not at a Junction","","60 Lake St","","0000","44.478118050124166,-73.22036985461831"
"8020090","","October 4, 2025 at 10:07 PM","Burlington","Pearl St","PEARL ST","Property Damage Only","No Turns, Thru moves only, Broadside ^<","Clear","Street or Town Highways in FA Urban Area","25BU027951","Burlington PD","5","999.99","None/Other","Night","Greene St","None","None","","VT0040100","T - Intersection","None","Pearl St","Dry","0000","44.48060117789313,-73.20752851942893"
"8017635","","October 5, 2025 at 9:07 AM","Burlington","Main St","US-7","Injury","Left Turn and Thru, Angle Broadside -->v--","Clear","State Highway numbered route, Class 1 TH","25BU027988","Burlington PD","11","2.121","None/Other","Day","S Willard St","None","None","","VT0040100","Four-way Intersection","None","Main St","Dry","0070","44.47619327232782,-73.20550253767293"
"8021978","","October 5, 2025 at 1:32 PM","Burlington","9 Catamount Way","Unknown","Property Damage Only","","","Other Public Roadway (Rest Areas, Shopping Center - anything open to public)","25UV007368","UVM Police","9","999.99","None/Other","Day","Gutterson Garage","None","None","","VT0041100","Parking Lot","","9 Catamount Way","","0000","44.46962080127412,-73.19301822921597"
"8021803","","October 5, 2025 at 8:59 PM","Burlington","454 Riverside Ave","Unknown","Property Damage Only","","","Other Public Roadway (Rest Areas, Shopping Center - anything open to public)","25BU028044","Burlington PD","9","999.99","None/Other","Night","Parking Lot","None","None","","VT0040100","Parking Lot","","454 Riverside Ave","","0000","44.48817717048513,-73.2004792998377"
"8017289","","October 6, 2025 at 10:54 AM","Burlington","Colchester Ave","COLCHESTER AVE.","Property Damage Only","","","Federal Aid Urban System (Class 2 TH's and 3 TH's only)","25BU028079","Burlington PD","2","0.01","None/Other","Day","S Prospect St","None","None","","VT0040100","Four-way Intersection","","Colchester Ave","","U5014","44.48071960546072,-73.2003553340373"
"8023021","","October 6, 2025 at 1:04 PM","Burlington","60 College St","DISC","Property Damage Only","","","Other Public Roadway (Rest Areas, Shopping Center - anything open to public)","25BU028096","Burlington PD","9","999.99","None/Other","Day","Lakeview Parking Garage","None","None","","VT0040100","Parking Lot","","60 College St","","0000","44.477958323686664,-73.21715006205186"
"8023511","","October 6, 2025 at 4:44 PM","Burlington","15 Adsit Ct","TOWN ROAD 0103","Property Damage Only","","","Street or Town Highways in FA Urban Area","25BU028119","Burlington PD","5","999.99","None/Other","Day","15 Adsit Ct","None","None","","VT0040100","Not at a Junction","","15 Adsit Ct","","T0103","44.48134360721364,-73.2053502490568"
"8016035","","October 7, 2025 at 3:46 PM","Burlington","North Ave","NORTH AVE.","Property Damage Only","","","Federal Aid Urban System (Class 2 TH's and 3 TH's only)","25BU028185","Burlington PD","2","2.465","None/Other","Day","Shore Rd","None","None","","VT0040100","T - Intersection","","North Ave","","U5026","44.509423256061105,-73.24822863270235"
"8019051","","October 7, 2025 at 5:30 PM","Burlington","Shelburne St","US-7","Injury","No Turns, Thru moves only, Broadside ^<","Rain","State Highway numbered route, Class 1 TH","25BU028187","Burlington PD","11","0.614","None/Other","Day","Proctor Ave","None","None","","VT0040100","T - Intersection","Road Surface Condition(wet, icy, snow, slush, etc)","Shelburne St","Wet","0070","44.454683382560276,-73.20864551707787"
"8019858","","October 8, 2025 at 7:12 AM","Burlington","454 Riverside Ave","US-7","Property Damage Only","","","State Highway numbered route, Class 1 TH","25BU028227","Burlington PD","11","3.234","None/Other","Day","N Winooski Ave","None","None","","VT0040100","Not at a Junction","","454 Riverside Ave","","0070","44.488878546039956,-73.20215472592758"
"8024623","","October 8, 2025 at 2:48 PM","Burlington","Shelburne Rd","SHELBURNE ST","Property Damage Only","","","Street or Town Highways in FA Urban Area","25BU028272","Burlington PD","5","999.99","None/Other","Day","Prospect Pkwy","None","None","","VT0040100","T - Intersection","","Shelburne Rd","","0000","44.45720612631379,-73.2084019356429"
"8017749","","October 9, 2025 at 2:17 PM","Burlington","S Prospect St","S PROSPECT ST.","Property Damage Only","Same Direction Sideswipe","Clear","Federal Aid Urban System (Class 2 TH's and 3 TH's only)","25BU028382","Burlington PD","2","0.004","None/Other","Day","Main St","None","None","","VT0040100","Four-way Intersection","None","S Prospect St","Dry","U5050","44.476421566963836,-73.20067813002547"
"8019313","","October 9, 2025 at 8:48 PM","Burlington","Pearl St","PEARL ST.","Property Damage Only","","","Federal Aid Urban System (Class 2 TH's and 3 TH's only)","25BU028412","Burlington PD","2","0.611","None/Other","Night","Hungerford Ter","None","None","","VT0040100","T - Intersection","","Pearl St","","U5038","44.480611155532486,-73.20722868539573"
"8017046","","October 9, 2025 at 8:55 PM","Burlington","Main St","US-2","Injury","Rear End","Clear","State Highway numbered route, Class 1 TH","25BU028414","Burlington PD","11","0.151","None/Other","Night","Summit St","None","None","","VT0040100","T - Intersection","None","Main St","Dry","0020","44.47628918396839,-73.20240438384467"
"8025013","","October 10, 2025 at 7:08 AM","Burlington","Shelburne St","I-189","Property Damage Only","Left Turns, Same Direciton, Rear End v--v--","Clear","Ramp or Spur","25SB010214","So. Burlington PD.","7","0.166","None/Other","Day","Queen City Park Rd","None","Heavy Truck","","VT0040300","Four-way Intersection","None","Shelburne St","Dry","1890","44.448345434527845,-73.20923707184454"
"8016609","","October 10, 2025 at 4:06 PM","Burlington","Saint Paul St","MAPLE ST. BURLINGTON","Injury","Head On","Clear","Federal Aid Urban System (Class 2 TH's and 3 TH's only)","25BU028478","Burlington PD","2","0.497","None/Other","Day","Maple St","None","Pedestrian","","VT0040100","Four-way Intersection","Unknown","Saint Paul St","Dry","U5066","44.47386482545504,-73.20828172489158"
"8017712","","October 10, 2025 at 7:10 PM","Burlington","College St","COLLEGE ST.","Property Damage Only","","","Federal Aid Urban System (Class 2 TH's and 3 TH's only)","25BU028490","Burlington PD","2","0.512","None/Other","Night","S Union St","None","None","","VT0040100","Not at a Junction","","College St","","U5068","44.47731924916635,-73.20866391520471"
"8017112","","October 11, 2025 at 9:00 PM","Burlington","Main St","US-2","Property Damage Only","","","State Highway numbered route, Class 1 TH","25BU029412","Burlington PD","11","0.452","None/Other","Night","University Ter","None","None","","VT0040100","T - Intersection","","Main St","","0020","44.47541702143964,-73.19659015800663"
"8019776","","October 12, 2025 at 11:06 AM","Burlington","Manhattan Dr","MANHATTAN DR.","Property Damage Only","","","Federal Aid Urban System (Class 2 TH's and 3 TH's only)","25BU028628","Burlington PD","2","0.066","None/Other","Day","Rose St","None","None","","VT0040100","T - Intersection","","Manhattan Dr","","U5056","44.48776059918771,-73.21665449364342"
"8018128","","October 12, 2025 at 11:30 AM","Burlington","235 College St","COLLEGE ST.","Property Damage Only","","","Federal Aid Urban System (Class 2 TH's and 3 TH's only)","25BU028666","Burlington PD","2","0.423","None/Other","Day","S Willlard St","None","None","","VT0040100","Not at a Junction","","235 College St","","U5068","44.47719764532295,-73.21040928019039"
"8018675","","October 12, 2025 at 1:37 PM","Burlington","Shelburne St","US-7","Property Damage Only","","","State Highway numbered route, Class 1 TH","25BU028649","Burlington PD","11","0.199","None/Other","Day","555 Shelburne St","None","None","","VT0040100","Off Ramp","","Shelburne St","","0070","44.448805429666955,-73.2091905221075"
"8028913","","October 13, 2025 at 8:37 AM","Burlington","33 Colchester Ave","Unknown","Property Damage Only","Head On","Clear","Other Public Roadway (Rest Areas, Shopping Center - anything open to public)","25UV007565","UVM Police","9","999.99","None/Other","Day","Votey Parking Lot","None","None","","VT0041100","Parking Lot","None","33 Colchester Ave","Dry","0000","44.480064959213784,-73.19814475095546"
"8028756","","October 13, 2025 at 7:38 PM","Burlington","355 Saint Paul St","Unknown","Property Damage Only","","","Other Public Roadway (Rest Areas, Shopping Center - anything open to public)","25BU028750","Burlington PD","9","999.99","None/Other","Night","Parking Lot","None","None","","VT0040100","Parking Lot","","355 Saint Paul St","","0000","44.46987013356383,-73.21246372451476"
"8029194","","October 13, 2025 at 8:35 PM","Burlington","355 Saint Paul St","Unknown","Property Damage Only","","","Other Public Roadway (Rest Areas, Shopping Center - anything open to public)","25BU028753","Burlington PD","9","999.99","None/Other","Night","Parking Lot","None","None","","VT0040100","Parking Lot","","355 Saint Paul St","","0000","44.469869976774916,-73.21248885841071"
"8016490","","October 14, 2025 at 4:58 PM","Burlington","S Prospect St","S PROSPECT ST.","Property Damage Only","","","Federal Aid Urban System (Class 2 TH's and 3 TH's only)","25BU028815","Burlington PD","2","0.003","None/Other","Day","Main St","None","None","","VT0040100","Four-way Intersection","","S Prospect St","","U5050","44.47640694117447,-73.20067908819667"
"8019805","","October 14, 2025 at 6:20 PM","Burlington","Lafountain St","NORTH ST.","Property Damage Only","","","Federal Aid Urban System (Class 2 TH's and 3 TH's only)","25BU028831","Burlington PD","2","0.343","None/Other","Night","North St","None","None","","VT0040100","Not at a Junction","","Lafountain St","","U5032","44.48468721205637,-73.21544416760922"
"8017888","","October 14, 2025 at 8:36 PM","Burlington","S Winooski Ave","ALTERNATE US-7","Injury","Left Turn and Thru, Angle Broadside -->v--","Clear","State Highway numbered route, Class 1 TH","25BU028835","Burlington PD","11","1.038","None/Other","Night","City Market Simons Deli / Bank St","None","None","","VT0040100","Four-way Intersection","None","S Winooski Ave","Wet","9993","44.47812993300563,-73.21110235021241"
"8015783","","October 15, 2025 at 7:33 PM","Burlington","Pearl St","PEARL ST.","Property Damage Only","","","Federal Aid Urban System (Class 2 TH's and 3 TH's only)","25BU028923","Burlington PD","2","0.498","None/Other","Night","N Union St","None","None","","VT0040100","Four-way Intersection","","Pearl St","","U5038","44.48055558024199,-73.20938986772515"
"8016130","","October 15, 2025 at 8:04 PM","Burlington","Williston Rd","US-2","Property Damage Only","Same Direction Sideswipe","Clear","State Highway numbered route, Class 1 TH","25UV007628","UVM Police","11","0.766","None/Other","Night","Beaumont Ave","None","None","","VT0041100","Four-way Intersection","None","Williston Rd","Dry","0020","44.47296123180918,-73.19113775236751"
"8033320","","October 16, 2025 at 12:00 AM","Burlington","73 Main St","Unknown","Property Damage Only","","","Other Public Roadway (Rest Areas, Shopping Center - anything open to public)","25BU029320","Burlington PD","9","999.99","None/Other","Night","Rear Parking Lot","None","None","","VT0040100","Parking Lot","","73 Main St","","0000","44.475316944187945,-73.21643897952178"
"8032957","","October 16, 2025 at 8:45 AM","Burlington","111 Colchester Avenue","Unknown","Property Damage Only","Rear End","Clear","Other Public Roadway (Rest Areas, Shopping Center - anything open to public)","25UV007636","UVM Police","9","999.99","None/Other","Day","Loading Dock A","None","None","","VT0041100","Other - Explain in Narrative","None","111 Colchester Avenue","Dry","0000","44.479685752697144,-73.19243344429466"
"8032594","","October 16, 2025 at 12:13 PM","Burlington","N Winooski Ave","N WINOOSKI AVE","Property Damage Only","No Turns, Thru moves only, Broadside ^<","","Other Public Roadway (Rest Areas, Shopping Center - anything open to public)","25BU028997","Burlington PD","9","999.99","None/Other","Day","Crombie St","None","None","","VT0040100","Other - Explain in Narrative","None","N Winooski Ave","Dry","0000","44.48559429832367,-73.2106814086519"
"8018543","","October 16, 2025 at 3:16 PM","Burlington","North Ave","NORTH AVE","Property Damage Only","No Turns, Thru moves only, Broadside ^<","Clear","Federal Aid Urban System (Class 2 TH's and 3 TH's only)","25BU029012","Burlington PD","2","1.631","None/Other","Day","Route 127","None","None","","VT0040100","Four-way Intersection","None","North Ave","Dry","0000","44.50108809464639,-73.23692268475037"
"8018705","","October 17, 2025 at 6:58 PM","Burlington","North Ave","NORTH AVE","Property Damage Only","Single Vehicle Crash","Clear","Federal Aid Urban System (Class 2 TH's and 3 TH's only)","25BU029120","Burlington PD","2","1.641","Deer","Night","Rt 127","None","None","","VT0040100","Not at a Junction","None","North Ave","Dry","0000","44.50118505744547,-73.2370558867489"
"8034611","","October 18, 2025 at 1:57 PM","Burlington","87/89 S Willard St","Unknown","Injury","No Turns, Thru moves only, Broadside ^<","Clear","Other Public Roadway (Rest Areas, Shopping Center - anything open to public)","25BU029185","Burlington PD","9","999.99","None/Other","Day","","None","None","","VT0040100","Other - Explain in Narrative","None","87/89 S Willard St","Dry","0000","44.47868671327496,-73.204224665885"
"8034314","","October 18, 2025 at 4:29 PM","Burlington","Manhattan Dr","MANHATTAN DR","Property Damage Only","","","Street or Town Highways in FA Urban Area","25BU029321","Burlington PD","5","999.99","None/Other","Day","Park St","None","None","","VT0040100","Four-way Intersection","","Manhattan Dr","","0000","44.48750133004503,-73.21944188777182"
"8016378","","October 18, 2025 at 4:52 PM","Burlington","172 College St","COLLEGE ST.","Property Damage Only","","","Federal Aid Urban System (Class 2 TH's and 3 TH's only)","25BU029183","Burlington PD","2","0.294","None/Other","Day","Church St","None","None","","VT0040100","Not at a Junction","","172 College St","","U5068","44.47708658812382,-73.21295449161852"
"8017936","","October 19, 2025 at 2:44 PM","Burlington","S Winooski Ave","ALTERNATE US-7","Property Damage Only","","","State Highway numbered route, Class 1 TH","25BU029271","Burlington PD","11","1.046","None/Other","Day","Bank St","None","None","","VT0040100","T - Intersection","","S Winooski Ave","","9993","44.478245833974015,-73.2111070025063"
"8037618","","October 20, 2025 at 7:03 PM","Burlington","52 Institute Rd","INSTITUTE RD","Property Damage Only","","","Street or Town Highways in FA Urban Area","25BU029386","Burlington PD","5","999.99","None/Other","Night","North Ave","None","None","","VT0040100","T - Intersection","","52 Institute Rd","","0000","44.497111539418626,-73.2323727041963"
"8037720","","October 21, 2025 at 6:59 PM","Burlington","Route 127","VT ROUTE 127","Injury","Single Vehicle Crash","Clear","Other Public Roadway (Rest Areas, Shopping Center - anything open to public)","25BU029467","Burlington PD","9","999.99","None/Other","Night","North Ave Exit","None","Motorcycle","","VT0040100","Other - Explain in Narrative","None","Route 127","Dry","0000","44.51328532652606,-73.23488945821089"
"8018714","","October 22, 2025 at 2:23 PM","Burlington","700 Riverside Ave","MANHATTAN DR.","Injury","Other - Explain in Narrative","Clear","Federal Aid Urban System (Class 2 TH's and 3 TH's only)","25BU029529","Burlington PD","2","0.549","None/Other","Day","Intervale Ave","None","None","","VT0040100","Not at a Junction","None","700 Riverside Ave","Dry","U5056","44.48946407807132,-73.20943141040537"
"8037747","","October 24, 2025 at 3:35 PM","Burlington","98 S Willard St","Unknown","Property Damage Only","No Turns, Thru moves only, Broadside ^<","Cloudy","Private Property (Driveways)","25BU029726","Burlington PD","8","999.99","None/Other","Day","College St","None","None","","VT0040100","Driveway","None","98 S Willard St","Wet","0000","44.477852930514864,-73.20516992752276"
"8038226","","October 24, 2025 at 6:50 PM","Burlington","71 S Union St","Unknown","Property Damage Only","","","Other Public Roadway (Rest Areas, Shopping Center - anything open to public)","25BU029748","Burlington PD","9","999.99","None/Other","Night","S Union St","None","None","","VT0040100","Parking Lot","","71 S Union St","","0000","44.47844738217303,-73.20945080027549"
"8018019","","October 24, 2025 at 8:45 PM","Burlington","Riverside Ave","MANHATTAN DR.","Property Damage Only","Left Turn and Thru, Same Direction Sideswipe/Angle Crash vv--","Rain","Federal Aid Urban System (Class 2 TH's and 3 TH's only)","25BU029750","Burlington PD","2","0.694","None/Other","Night","343 N Winooski Ave","None","None","","VT0040100","Not at a Junction","None","Riverside Ave","Wet","U5056","44.489634433189536,-73.20651783767818"
"8039386","","October 25, 2025 at 12:58 PM","Burlington","388 Pine St","Unknown","Property Damage Only","","","Other Public Roadway (Rest Areas, Shopping Center - anything open to public)","25BU029804","Burlington PD","9","999.99","None/Other","Day","","None","None","","VT0040100","Parking Lot","","388 Pine St","","0000","44.46839748896725,-73.21482108304302"
"8039580","","October 25, 2025 at 3:26 PM","Burlington","1 Intervale Ave","INTERVALE AVE","Property Damage Only","","","Street or Town Highways in FA Urban Area","25BU029812","Burlington PD","5","999.99","None/Other","Day","North St","None","None","","VT0040100","Not at a Junction","","1 Intervale Ave","","0000","44.48486403374561,-73.21377760885103"
"8039594","","October 25, 2025 at 6:39 PM","Burlington","275 Main St","Unknown","Property Damage Only","Same Direction Sideswipe","Clear","Other Public Roadway (Rest Areas, Shopping Center - anything open to public)","25BU029824","Burlington PD","9","999.99","None/Other","Night","Edmunds","None","None","","VT0040100","Parking Lot","None","275 Main St","Dry","0000","44.474734746183024,-73.20733193898987"
"8017379","","October 25, 2025 at 10:55 PM","Burlington","College St","COLLEGE ST.","Injury","Left Turn and Thru, Angle Broadside -->v--","Clear","Federal Aid Urban System (Class 2 TH's and 3 TH's only)","25BU029843","Burlington PD","2","0.671","None/Other","Night","S Willard St","Alcohol","None","","VT0040100","Four-way Intersection","None","College St","Dry","U5068","44.47748864292075,-73.20553979393104"
"8039826","","October 26, 2025 at 8:08 PM","Burlington","368 Main St","MAIN ST","Property Damage Only","Other - Explain in Narrative","Clear","Private Property (Driveways)","25BU029937","Burlington PD","8","999.99","None/Other","Night","368 Main St","None","None","","VT0040100","Driveway","None","368 Main St","Dry","0000","44.47625789089552,-73.2040571899766"
"8019102","","October 28, 2025 at 10:04 AM","Burlington","Shelburne St","US-7","Property Damage Only","","","State Highway numbered route, Class 1 TH","25BU030097","Burlington PD","11","0.168","None/Other","Day","I-189","None","None","","VT0040100","Four-way Intersection","","Shelburne St","","0070","44.44836609269987,-73.20922641533471"
"8017686","","October 28, 2025 at 11:55 AM","Burlington","213 College St","COLLEGE ST.","Property Damage Only","Same Direction Sideswipe","Clear","Federal Aid Urban System (Class 2 TH's and 3 TH's only)","25BU030110","Burlington PD","2","0.371","None/Other","Day","S Winooski Ave","None","Heavy Truck","","VT0040100","Not at a Junction","None","213 College St","Dry","U5068","44.477137535897704,-73.21143196624278"
"8041033","","October 28, 2025 at 1:20 PM","Burlington","112 South Williams Street","Unknown","Property Damage Only","","","Private Property (Driveways)","25UV007949","UVM Police","8","999.99","None/Other","Day","College Street And South William Street","None","None","","VT0041100","Driveway","","112 South Williams Street","","0000","44.47741072145705,-73.20244958484851"
"8040663","","October 28, 2025 at 3:50 PM","Burlington","Clarke St","CLARKE ST","Property Damage Only","Left Turn and Thru, Same Direction Sideswipe/Angle Crash vv--","Clear","Private Property (Driveways)","25BU030132","Burlington PD","8","999.99","None/Other","Day","Pearl St","None","None","","VT0040100","Driveway","Unknown","Clarke St","Dry","0000","44.4808235334885,-73.21229533288653"
"8017885","","October 28, 2025 at 5:11 PM","Burlington","173 College St","COLLEGE ST.","Property Damage Only","","","Federal Aid Urban System (Class 2 TH's and 3 TH's only)","25BU030146","Burlington PD","2","0.307","None/Other","Day","Church St","None","None","","VT0040100","Not at a Junction","","173 College St","","U5068","44.47709626617975,-73.21269751505875"
"8019407","","October 29, 2025 at 9:36 AM","Burlington","Main St","US-2","Property Damage Only","","","State Highway numbered route, Class 1 TH","25SB010946","So. Burlington PD.","11","0.749","None/Other","Day","Main St","None","None","","VT0040300","Four-way Intersection","","Main St","","0020","44.47309360349338,-73.19142571569738"
"8016793","","October 29, 2025 at 12:36 PM","Burlington","Main St","US-2","Property Damage Only","","","State Highway numbered route, Class 1 TH","25BU030211","Burlington PD","11","0.234","None/Other","Day","S Prospect St","None","None","","VT0040100","Four-way Intersection","","Main St","","0020","44.47636170732793,-73.20070297254959"
"8044078","","October 30, 2025 at 10:15 AM","Burlington","Lake St","LAKE ST","Property Damage Only","Opp Direction Sideswipe","Cloudy","Street or Town Highways in FA Urban Area","25BU030284","Burlington PD","5","999.99","None/Other","Day","College St","None","None","","VT0040100","Not at a Junction","None","Lake St","Dry","0000","44.477274940054755,-73.21991954876229"
"8044153","","October 30, 2025 at 2:39 PM","Burlington","365 Saint Paul St","SAINT PAUL ST","Injury","Other - Explain in Narrative","Clear","Other Public Roadway (Rest Areas, Shopping Center - anything open to public)","25BU030307","Burlington PD","9","999.99","None/Other","Day","","None","None","","VT0040100","Other - Explain in Narrative","None","365 Saint Paul St","Dry","0000","44.469683980182054,-73.2120090168046"
"8016953","","October 31, 2025 at 7:33 PM","Burlington","Riverside Ave","MANHATTAN DR.","Property Damage Only","No Turns, Thru moves only, Broadside ^<","Rain","Federal Aid Urban System (Class 2 TH's and 3 TH's only)","25BU030413","Burlington PD","2","0.53","None/Other","Night","Oak St","None","None","","VT0040100","Four-way Intersection","Road Surface Condition(wet, icy, snow, slush, etc)","Riverside Ave","Wet","U5056","44.48944746758145,-73.20981312605088"
"8044048","","October 31, 2025 at 7:42 PM","Burlington","52 Institute Rd","Unknown","Property Damage Only","","","Other Public Roadway (Rest Areas, Shopping Center - anything open to public)","25BU030414","Burlington PD","9","999.99","None/Other","Night","52 Institute Rd","None","None","","VT0040100","Parking Lot","","52 Institute Rd","","0000","44.4960164837963,-73.23332715776455"
"8018116","","October 31, 2025 at 9:05 PM","Burlington","Riverside Ave","US-7","Property Damage Only","Other - Explain in Narrative","Clear","State Highway numbered route, Class 1 TH","25BU030425","Burlington PD","11","3.577","None/Other","Night","Blue Bird BBQ","Alcohol","None","","VT0040100","Not at a Junction","None","Riverside Ave","Wet","0070","44.48765515705464,-73.19541571176507"
"8045193","","November 1, 2025 at 10:06 PM","Burlington","85 Home Ave","HOME AVE","Property Damage Only","Rear End","Clear","Street or Town Highways in FA Urban Area","25BU030531","Burlington PD","5","999.99","None/Other","Night","","None","None","","VT0040100","Not at a Junction","None","85 Home Ave","Dry","0000","44.45110575539078,-73.21541421388565"
"8045087","","November 2, 2025 at 12:22 AM","Burlington","220 Main St","Unknown","Property Damage Only","","","Other Public Roadway (Rest Areas, Shopping Center - anything open to public)","25BU030550","Burlington PD","9","999.99","None/Other","Night","Parking Lot","Alcohol","None","","VT0040100","Parking Lot","","220 Main St","","0000","44.47620724408464,-73.21078113630428"
"8044992","","November 2, 2025 at 1:37 AM","Burlington","48 University Pl","UNIVERSITY PL","Property Damage Only","Head On","Clear","Street or Town Highways in FA Urban Area","25BU030563","Burlington PD","5","999.99","None/Other","Night","Colchester Ave","Alcohol","None","","VT0040100","Not at a Junction","None","48 University Pl","Dry","0000","44.47909362769146,-73.19951585472623"
"8015647","","November 2, 2025 at 1:14 PM","Burlington","Pearl St","US-7","Property Damage Only","Rear End","Clear","State Highway numbered route, Class 1 TH","25BU030598","Burlington PD","11","0.692","None/Other","Day","S Willard St","None","None","","VT0040100","Four-way Intersection","None","Pearl St","Dry","0070","44.45578766147917,-73.20853130779129"
"8019473","","November 2, 2025 at 4:32 PM","Burlington","Shelburne St","US-7","Injury","Rear End","Clear","State Highway numbered route, Class 1 TH","25BU030615","Burlington PD","11","0.95","None/Other","Day","Alfred St","None","None","","VT0040100","Not at a Junction","None","Shelburne St","Dry","0070","44.45944243061914,-73.20819478975574"
"8017146","","November 3, 2025 at 1:04 PM","Burlington","252 College St","COLLEGE ST.","Property Damage Only","Same Direction Sideswipe","Clear","Federal Aid Urban System (Class 2 TH's and 3 TH's only)","25BU030696","Burlington PD","2","0.432","None/Other","Day","252 College St","None","None","","VT0040100","Not at a Junction","None","252 College St","Dry","U5068","44.477210457338614,-73.21023285412866"
"8045827","","November 3, 2025 at 4:17 PM","Burlington","50 Cherry St","CHERRY ST","Property Damage Only","Other - Explain in Narrative","Rain","Street or Town Highways in FA Urban Area","25BU030724","Burlington PD","5","999.99","None/Other","Day","Pine St","None","None","","VT0040100","Not at a Junction","None","50 Cherry St","Wet","0000","44.47918239292686,-73.21712734676856"
"8016659","","November 3, 2025 at 4:28 PM","Burlington","Shelburne St","US-7","Property Damage Only","","","State Highway numbered route, Class 1 TH","25SB011140","So. Burlington PD.","11","0.164","None/Other","Day","","None","None","","VT0040300","Y - Intersection","","Shelburne St","","0070","44.44830863522675,-73.20922978542039"
"8016961","","November 5, 2025 at 9:39 AM","Burlington","290 East Ave","EAST AVE.","Property Damage Only","","","Federal Aid Urban System (Class 2 TH's and 3 TH's only)","25BU030880","Burlington PD","2","0.06","None/Other","Day","","None","None","","VT0040100","Not at a Junction","","290 East Ave","","U5016","44.47341146994287,-73.19032065962269"
"8016905","","November 5, 2025 at 4:44 PM","Burlington","33 North Ave","NORTH AVE.","Injury","Same Direction Sideswipe","Rain","Federal Aid Urban System (Class 2 TH's and 3 TH's only)","25BU030906","Burlington PD","2","0.064","None/Other","Day","Sherman St","None","None","","VT0040100","Not at a Junction","Road Surface Condition(wet, icy, snow, slush, etc)","33 North Ave","Wet","U5026","44.48281997596192,-73.22106368616969"
"8016217","","November 6, 2025 at 10:32 AM","Burlington","Pearl St","ALTERNATE US-7","Property Damage Only","","","State Highway numbered route, Class 1 TH","25BU030960","Burlington PD","11","1.204","None/Other","Day","S Winooski Ave","None","None","","VT0040100","Four-way Intersection","","Pearl St","","9993","44.48053449085963,-73.21121830985471"
"8016018","","November 6, 2025 at 10:44 AM","Burlington","Pearl St","PEARL ST.","Property Damage Only","Other - Explain in Narrative","Clear","Federal Aid Urban System (Class 2 TH's and 3 TH's only)","25BU030961","Burlington PD","2","0.093","None/Other","Day","N Champlain St","None","None","","VT0040100","Not at a Junction","None","Pearl St","Dry","U5038","44.48031123840616,-73.21718179605284"
"8015676","","November 6, 2025 at 3:51 PM","Burlington","114 Riverside Ave","US-7","Property Damage Only","Other - Explain in Narrative","Clear","State Highway numbered route, Class 1 TH","25BU030986","Burlington PD","11","3.933","None/Other","Day","Barrett St","Alcohol","None","","VT0040100","Not at a Junction","None","114 Riverside Ave","Dry","0070","44.48592516321869,-73.18873740521647"
"8049463","","November 6, 2025 at 5:13 PM","Burlington","4 Northgate Rd","Unknown","Property Damage Only","","","Other Public Roadway (Rest Areas, Shopping Center - anything open to public)","25BU031290","Burlington PD","9","999.99","None/Other","Night","Parking Lot","None","None","","VT0040100","Parking Lot","","4 Northgate Rd","","0000","44.519228877646555,-73.26579408823352"
"8016723","","November 6, 2025 at 11:00 PM","Burlington","Shelburne St","US-7","Property Damage Only","","","State Highway numbered route, Class 1 TH","25BU031304","Burlington PD","11","0.343","None/Other","","Home Ave","None","None","","VT0040100","Not at a Junction","","Shelburne St","","0070","44.45084330405978,-73.20896883651895"
"8050200","","November 7, 2025 at 9:48 AM","Burlington","61 Elmwood Ave","Unknown","Property Damage Only","Other - Explain in Narrative","Clear","Private Property (Driveways)","25BU031025","Burlington PD","8","999.99","None/Other","Day","Elmwood Ave","None","None","","VT0040100","Driveway","None","61 Elmwood Ave","Dry","0000","44.48214428470845,-73.2140838494474"
"8050253","","November 7, 2025 at 12:04 PM","Burlington","789 Pine St","Unknown","Property Damage Only","","","Other Public Roadway (Rest Areas, Shopping Center - anything open to public)","25BU031037","Burlington PD","9","999.99","None/Other","Day","Community Health Center Parking Lot","None","None","","VT0040100","Parking Lot","","789 Pine St","","0000","44.45733466322849,-73.2152138347994"
"8050087","","November 7, 2025 at 8:42 PM","Burlington","Spear St","SPEAR ST","Property Damage Only","Same Direction Sideswipe","Clear","Federal Aid Urban System (Class 2 TH's and 3 TH's only)","25UV008236","UVM Police","2","3.888","None/Other","Night","Catamount Way And Spear Street","None","None","","VT0041100","T - Intersection","None","Spear St","Dry","0000","44.47302341338864,-73.19139944535208"