"ObjectID","Mapped","Crash Date","City/Town","Address","AOT Route","Crash Type","Collision Direction","Weather","Road Group","Report Number","Reporting Agency","Road Group ID","AOT Actual Milepoint","Animal","Time of Day","Intersection With","Impairment","Involving","Non Reportable Address","Reporting Agency ID","Road Characteristics","Road Condition","Street Address","Surface Condition","AOT Route ID","Coordinates"
"8051430","","November 8, 2025 at 12:44 AM","Burlington","Grant St","GRANT ST","Property Damage Only","","","Street or Town Highways in FA Urban Area","25BU031107","Burlington PD","5","999.99","None/Other","Night","N Union St","None","None","","VT0040100","T - Intersection","","Grant St","","0000","44.48234205777858,-73.20978712386308"
"8019243","","November 8, 2025 at 7:15 PM","Burlington","North Ave","NORTH AVE.","Property Damage Only","Rear End","Clear","Federal Aid Urban System (Class 2 TH's and 3 TH's only)","25BU031176","Burlington PD","2","3.065","None/Other","Night","Franklin Sq","None","None","","VT0040100","Not at a Junction","None","North Ave","Dry","U5026","44.5153094939872,-73.25618383696327"
"8017135","","November 9, 2025 at 12:00 PM","Burlington","242 Pearl St","PEARL ST.","Property Damage Only","","","Federal Aid Urban System (Class 2 TH's and 3 TH's only)","25BU031295","Burlington PD","2","0.517","None/Other","Day","N Union St","None","None","","VT0040100","Not at a Junction","","242 Pearl St","","U5038","44.48056754408985,-73.20902660826239"
"8052456","","November 9, 2025 at 10:24 PM","Burlington","78 Grant St","GRANT ST","Property Damage Only","Same Direction Sideswipe","Rain","Street or Town Highways in FA Urban Area","25BU031274","Burlington PD","5","999.99","None/Other","Night","N Winooski Ave","None","None","","VT0040100","Not at a Junction","None","78 Grant St","Wet","0000","44.48230857308479,-73.21083007535302"
"8018314","","November 10, 2025 at 10:34 AM","Burlington","Flynn Ave","FLYNN AVE.","Property Damage Only","Same Direction Sideswipe","Clear","Federal Aid Urban System (Class 2 TH's and 3 TH's only)","25BU031303","Burlington PD","2","0.124","None/Other","Day","Pine St","None","Heavy Truck","","VT0040100","Not at a Junction","None","Flynn Ave","Dry","U5017","44.45529351024427,-73.21171390688401"
"8017963","","November 10, 2025 at 2:59 PM","Burlington","College St","BATTERY ST.","Property Damage Only","","","Federal Aid Urban System (Class 2 TH's and 3 TH's only)","25BU031337","Burlington PD","2","0.311","None/Other","Day","Battery St","None","None","","VT0040100","Four-way Intersection","","College St","","U5008","44.47687425724611,-73.2187664067715"
"8016085","","November 10, 2025 at 3:30 PM","Burlington","519-519 Park St","VT ROUTE 127","Injury","Rear End","Freezing Precipitation","Federal Aid Urban System (Class 2 TH's and 3 TH's only)","25MV013696","DMV","2","2.509","None/Other","Day","Footbridge","None","None","","VTDMV0000","Not at a Junction","Road Surface Condition(wet, icy, snow, slush, etc)","519-519 Park St","Snow","0000","44.51806698827793,-73.24187683578982"
"8017260","","November 10, 2025 at 4:30 PM","Burlington","Riverside Ave","MANHATTAN DR.","Property Damage Only","","","Federal Aid Urban System (Class 2 TH's and 3 TH's only)","25BU031483","Burlington PD","2","0.532","None/Other","Day","Intervale Rd","None","None","","VT0040100","Not at a Junction","","Riverside Ave","","U5056","44.48944651698324,-73.20977285628179"
"8015701","","November 10, 2025 at 5:26 PM","Burlington","Colchester Ave","COLCHESTER AVE.","Property Damage Only","","","Federal Aid Urban System (Class 2 TH's and 3 TH's only)","25BU031348","Burlington PD","2","0.899","None/Other","Night","Chase St","None","None","","VT0040100","Not at a Junction","","Colchester Ave","","U5014","44.48654566334615,-73.18700863410442"
"8019600","","November 10, 2025 at 5:27 PM","Burlington","Main St","MAIN ST.","Property Damage Only","","","Federal Aid Urban System (Class 2 TH's and 3 TH's only)","25BU031349","Burlington PD","2","0.7","None/Other","Night","S Willard St","None","None","","VT0040100","Not at a Junction","","Main St","","U5022","44.4761853092116,-73.20583299552351"
"8016891","","November 10, 2025 at 6:11 PM","Burlington","Rt 127","VT. 127 BELTLINE","Property Damage Only","","","Ramp or Spur","25BU031356","Burlington PD","7","0.204","None/Other","Night","North Ave","None","None","","VT0040100","Off Ramp","","Rt 127","","U5009","44.50258567887513,-73.23233577713692"
"8019467","","November 11, 2025 at 7:31 AM","Burlington","62 N Willard St","US-7","Property Damage Only","Same Direction Sideswipe","Freezing Precipitation","State Highway numbered route, Class 1 TH","25BU031387","Burlington PD","11","2.573","None/Other","Day","Loomis St","None","Heavy Truck","","VT0040100","Not at a Junction","Road Surface Condition(wet, icy, snow, slush, etc)","62 N Willard St","Snow","0070","44.482732135240674,-73.20580219228955"
"8016948","","November 11, 2025 at 11:19 AM","Burlington","Shelburne St","US-7","Property Damage Only","","","State Highway numbered route, Class 1 TH","25BU031403","Burlington PD","11","0.178","None/Other","Day","189","None","None","","VT0040100","T - Intersection","","Shelburne St","","0070","44.44850782530044,-73.20921506071913"
"8016165","","November 11, 2025 at 12:26 PM","Burlington","S Willard St","US-7","Injury","Rear End","Freezing Precipitation","State Highway numbered route, Class 1 TH","25BU031411","Burlington PD","11","2.134","None/Other","Day","Main St","None","None","","VT0040100","Four-way Intersection","None","S Willard St","Wet","0070","44.4763792184742,-73.20551318200587"
"8055503","","November 11, 2025 at 4:38 PM","Burlington","Archibald St","ARCHIBALD ST","Property Damage Only","","","Street or Town Highways in FA Urban Area","25BU031425","Burlington PD","5","999.99","None/Other","Day","Intervale Ave","None","None","","VT0040100","Four-way Intersection","","Archibald St","","0000","44.48783029558265,-73.21146286522824"
"8055474","","November 11, 2025 at 4:50 PM","Burlington","42 Hayward St","HAYWARD ST","Property Damage Only","","","Street or Town Highways in FA Urban Area","25BU031418","Burlington PD","5","999.99","None/Other","Day","42 Hayward St","None","None","","VT0040100","Not at a Junction","","42 Hayward St","","0000","44.46779601934348,-73.21314227027428"
"8054614","","November 11, 2025 at 5:29 PM","Burlington","Archibald St","TOWN ROAD 0109","Property Damage Only","","","Street or Town Highways in FA Urban Area","25BU031428","Burlington PD","5","999.99","None/Other","Night","Intervale Ave","None","None","","VT0040100","Four-way Intersection","","Archibald St","","T0109","44.48784086022523,-73.21121155844362"
"8055100","","November 11, 2025 at 7:17 PM","Burlington","Archibald St","TOWN ROAD 0109","Property Damage Only","","","Street or Town Highways in FA Urban Area","25BU031434","Burlington PD","5","999.99","None/Other","Night","N Winooski Ave","None","None","","VT0040100","Four-way Intersection","","Archibald St","","T0109","44.488014690806146,-73.20785700077283"
"8015965","","November 12, 2025 at 8:16 AM","Burlington","East Ave","EAST AVE.","Property Damage Only","Right Turn and Thru, Same Direction Sideswipe/Angle Crash ^^--","Cloudy","Federal Aid Urban System (Class 2 TH's and 3 TH's only)","25BU031452","Burlington PD","2","0.177","None/Other","Day","Carrigan Dr","None","Heavy Truck","","VT0040100","Four-way Intersection","None","East Ave","Wet","U5016","44.47507279678655,-73.19079770527327"
"8058038","","November 13, 2025 at 11:37 AM","Burlington","555 Shelburne St","Unknown","Property Damage Only","","","Other Public Roadway (Rest Areas, Shopping Center - anything open to public)","25BU031533","Burlington PD","9","999.99","None/Other","Day","Shelburne St","None","None","","VT0040100","Parking Lot","","555 Shelburne St","","0000","44.4501128959629,-73.21011279093929"
"8019285","","November 13, 2025 at 12:13 PM","Burlington","North St","NORTH ST.","Property Damage Only","","","Federal Aid Urban System (Class 2 TH's and 3 TH's only)","25BU031535","Burlington PD","2","0.421","None/Other","Day","Elmwood Ave","None","None","","VT0040100","Four-way Intersection","","North St","","U5032","44.48475429954902,-73.21387164603514"
"8019084","","November 13, 2025 at 12:42 PM","Burlington","Park St","PARK ST.","Injury","Single Vehicle Crash","Cloudy","Federal Aid Urban System (Class 2 TH's and 3 TH's only)","25BU031537","Burlington PD","2","0.008","None/Other","Day","Pearl St","Drugs","None","","VT0040100","T - Intersection","None","Park St","Dry","U5036","44.48039199989242,-73.21903226848855"
"8018683","","November 13, 2025 at 1:14 PM","Burlington","Shelburne St","US-7","Property Damage Only","","","State Highway numbered route, Class 1 TH","25BU031541","Burlington PD","11","0.289","None/Other","Day","Shelburne Shopping Plaza","None","None","","VT0040100","Not at a Junction","","Shelburne St","","0070","44.45007919315377,-73.20905098915705"
"8019230","","November 13, 2025 at 4:12 PM","Burlington","College St","US-7","Property Damage Only","","","State Highway numbered route, Class 1 TH","25BU031560","Burlington PD","11","0.67","None/Other","Day","S Willard St","None","None","","VT0040100","Four-way Intersection","","College St","","0070","44.455476234204134,-73.208564352823"
"8058092","","November 14, 2025 at 6:48 PM","Burlington","Carrigan Dr","CARRIGAN DR","Property Damage Only","","","Other Public Roadway (Rest Areas, Shopping Center - anything open to public)","25UV008395","UVM Police","9","999.99","None/Other","Night","Carrigan Drive/Beaumont Ave","None","None","","VT0041100","Other - Explain in Narrative","","Carrigan Dr","","0000","44.47555354264322,-73.19267366458257"
"8057344","","November 14, 2025 at 8:15 PM","Burlington","4 College St","Unknown","Property Damage Only","","","Other Public Roadway (Rest Areas, Shopping Center - anything open to public)","25BU031647","Burlington PD","9","999.99","None/Other","Night","Parking Lot","None","None","","VT0040100","Parking Lot","","4 College St","","0000","44.47731834912503,-73.22017147253679"
"8016028","","November 15, 2025 at 1:23 PM","Burlington","555 Shelburne St","US-7","Property Damage Only","Same Direction Sideswipe","Clear","State Highway numbered route, Class 1 TH","25BU031702","Burlington PD","11","0.322","None/Other","Day","Home Ave","None","None","","VT0040100","Not at a Junction","None","555 Shelburne St","Dry","0070","44.450546907532846,-73.20901357016203"
"8019995","","November 15, 2025 at 4:23 PM","Burlington","S Winooski Ave","ALTERNATE US-7","Injury","No Turns, Thru moves only, Broadside ^<","Freezing Precipitation","State Highway numbered route, Class 1 TH","25BU031721","Burlington PD","11","0.506","None/Other","Day","Spruce St","None","None","","VT0040100","Four-way Intersection","None","S Winooski Ave","Wet","9993","44.47044169665246,-73.2105273119883"
"8016640","","November 17, 2025 at 7:29 AM","Burlington","S Willard St","US-7","Property Damage Only","","","State Highway numbered route, Class 1 TH","25BU031794","Burlington PD","11","1.97","None/Other","Day","Maple St","None","None","","VT0040100","Four-way Intersection","","S Willard St","","0070","44.47402028232209,-73.20533132744728"
"8061771","","November 17, 2025 at 9:07 AM","Burlington","1 S Prospect St","Unknown","Property Damage Only","Same Direction Sideswipe","Clear","Other Public Roadway (Rest Areas, Shopping Center - anything open to public)","25UV008453","UVM Police","9","999.99","None/Other","Day","Parking Lot","None","None","","VT0041100","Parking Lot","None","1 S Prospect St","","0000","44.47944784976587,-73.20192094926269"
"8061492","","November 17, 2025 at 10:54 AM","Burlington","Main St","US-2","Property Damage Only","No Turns, Thru moves only, Broadside ^<","Clear","State Highway numbered route, Class 1 TH","25UV008456","UVM Police","11","","None/Other","Day","Spear St #Jug Handle","None","None","","VT0041100","Four-way Intersection","None","Main St","Dry","0020","44.473094719227625,-73.19151340464109"
"8018807","","November 17, 2025 at 5:25 PM","Burlington","Williston Rd","US-2","Property Damage Only","Same Direction Sideswipe","Cloudy","State Highway numbered route, Class 1 TH","25SB011621","So. Burlington PD.","11","0.784","None/Other","Night","Spear Street","None","None","","VT0040300","Not at a Junction","None","Williston Rd","Dry","0020","44.47282210305782,-73.19083555923744"
"8019008","","November 17, 2025 at 7:21 PM","Burlington","101 Main St","MAIN ST.","Property Damage Only","","","Federal Aid Urban System (Class 2 TH's and 3 TH's only)","25BU031844","Burlington PD","2","0.194","None/Other","Night","Pine St","None","None","","VT0040100","Not at a Junction","","101 Main St","","U5022","44.47584423251233,-73.21511497748723"
"8019736","","November 18, 2025 at 8:32 AM","Burlington","North St","NORTH ST.","Property Damage Only","Opp Direction Sideswipe","Clear","Federal Aid Urban System (Class 2 TH's and 3 TH's only)","25BU031869","Burlington PD","2","0.155","None/Other","Day","Park St","None","Heavy Truck","","VT0040100","Four-way Intersection","None","North St","Wet","U5032","44.48454179040855,-73.21919304390423"
"8019751","","November 18, 2025 at 3:04 PM","Burlington","Shelburne St","I-189","Property Damage Only","","","Ramp or Spur","25BU031914","Burlington PD","7","0.257","None/Other","Day","189","None","None","","VT0040100","Off Ramp","","Shelburne St","","1890","44.448718940114816,-73.20915293967074"
"8018258","","November 18, 2025 at 4:10 PM","Burlington","North Ave","NORTH AVE.","Property Damage Only","","","Federal Aid Urban System (Class 2 TH's and 3 TH's only)","25BU031906","Burlington PD","2","1.25","Deer","Day","Institute Rd","None","None","","VT0040100","Not at a Junction","","North Ave","","U5026","44.49713461895527,-73.23232420692372"
"8019900","","November 19, 2025 at 2:14 PM","Burlington","Main St","US-2","Property Damage Only","","","State Highway numbered route, Class 1 TH","25BU031965","Burlington PD","11","0.434","None/Other","Day","Univeristy Ter","None","None","","VT0040100","T - Intersection","","Main St","","0020","44.47555627018138,-73.19690451676252"
"8063717","","November 19, 2025 at 2:53 PM","Burlington","Williston Rd","WILLISTON RD","Property Damage Only","","","Other Public Roadway (Rest Areas, Shopping Center - anything open to public)","25SB011692","So. Burlington PD.","9","999.99","None/Other","Day","Dorset St","None","None","","VT0040300","Shared-use path or trail","","Williston Rd","","0000","44.46887176160133,-73.17988869839961"
"8017942","","November 19, 2025 at 3:06 PM","Burlington","Howard St","HOWARD ST.","Property Damage Only","","","Federal Aid Urban System (Class 2 TH's and 3 TH's only)","25BU031969","Burlington PD","2","0.348","None/Other","Day","S Union St","None","None","","VT0040100","Four-way Intersection","","Howard St","","U5064","44.46733826873381,-73.2081322153661"
"8019595","","November 19, 2025 at 4:38 PM","Burlington","North St","NORTH ST.","Property Damage Only","No Turns, Thru moves only, Broadside ^<","Clear","Federal Aid Urban System (Class 2 TH's and 3 TH's only)","25BU031975","Burlington PD","2","0.816","None/Other","Day","N Willard St","None","None","","VT0040100","Four-way Intersection","None","North St","Dry","U5032","44.48493849477595,-73.2059980318502"
"8064795","","November 19, 2025 at 11:00 PM","Burlington","310 Pine St","Unknown","Property Damage Only","","","Other Public Roadway (Rest Areas, Shopping Center - anything open to public)","25BU032087","Burlington PD","9","999.99","None/Other","","Four Corners Of The Earth Parking Lot","None","None","","VT0040100","Parking Lot","","310 Pine St","","0000","44.47128221054068,-73.21403936152402"
"8065352","","November 21, 2025 at 2:59 PM","Burlington","272 Church St","CHURCH ST","Property Damage Only","","","Street or Town Highways in FA Urban Area","25BU032117","Burlington PD","5","999.99","None/Other","Day","Converse Home Parking Lot","None","None","","VT0040100","Not at a Junction","","272 Church St","","0000","44.47275076509902,-73.2123353814511"
"8017273","","November 21, 2025 at 4:57 PM","Burlington","111 Colchester Ave","COLCHESTER AVE.","Property Damage Only","","","Federal Aid Urban System (Class 2 TH's and 3 TH's only)","25BU032126","Burlington PD","2","0.256","None/Other","Day","","None","None","","VT0040100","Not at a Junction","","111 Colchester Ave","","U5014","44.48092758961859,-73.19568150268258"
"8018472","","November 22, 2025 at 9:47 AM","Burlington","North St","NORTH ST.","Injury","No Turns, Thru moves only, Broadside ^<","Clear","Federal Aid Urban System (Class 2 TH's and 3 TH's only)","25BU032196","Burlington PD","2","0.231","None/Other","Day","N Champlain St","None","None","","VT0040100","Four-way Intersection","None","North St","Dry","U5032","44.484605928547346,-73.21770313343913"
"8017236","","November 23, 2025 at 10:55 AM","Burlington","354 Manhattan Dr","MANHATTAN DR.","Property Damage Only","","","Federal Aid Urban System (Class 2 TH's and 3 TH's only)","25BU032267","Burlington PD","2","0.305","None/Other","Day","Oak St","None","None","","VT0040100","Not at a Junction","","354 Manhattan Dr","","U5056","44.49024698692313,-73.21405560088701"
"8067353","","November 23, 2025 at 5:53 PM","Burlington","219 Elmwood Ave","ELMWOOD AVE","Property Damage Only","","","Street or Town Highways in FA Urban Area","25BU032292","Burlington PD","5","999.99","None/Other","Night","Cedar St","None","None","","VT0040100","Not at a Junction","","219 Elmwood Ave","","0000","44.4867702000306,-73.21405228554815"
"8069463","","November 25, 2025 at 4:00 PM","Burlington","4 Allen St","ALLEN ST","Property Damage Only","","","Street or Town Highways in FA Urban Area","25BU032449","Burlington PD","5","999.99","None/Other","Day","Murray St","None","None","","VT0040100","Not at a Junction","","4 Allen St","","0000","44.48363708647262,-73.21569855924166"
"8019100","","November 25, 2025 at 5:35 PM","Burlington","S Prospect St","S PROSPECT ST.","Property Damage Only","","","Federal Aid Urban System (Class 2 TH's and 3 TH's only)","25BU032522","Burlington PD","2","0.098","None/Other","Night","College St","None","None","","VT0040100","T - Intersection","","S Prospect St","","U5050","44.47779644542296,-73.20058743609579"
"8071602","","November 26, 2025 at 9:18 AM","Burlington","Shelburne Rd","FARRELL ST","Property Damage Only","","","Other Public Roadway (Rest Areas, Shopping Center - anything open to public)","25SB011923","So. Burlington PD.","9","999.99","None/Other","Day","Farrell St","None","None","","VT0040300","Shared-use path or trail","","Shelburne Rd","","0000","44.450340208056446,-73.20683641640039"
"8070963","","November 26, 2025 at 6:20 PM","Burlington","595 Shelburne St","SHELBURNE RD SHOPPING PLAZA","Property Damage Only","","","Other Public Roadway (Rest Areas, Shopping Center - anything open to public)","25BU032548","Burlington PD","9","999.99","None/Other","Night","Market 32 Lot","None","None","","VT0040100","Parking Lot","","595 Shelburne St","","0000","44.449667170303584,-73.20942895737022"
"8072783","","November 27, 2025 at 9:12 PM","Burlington","58 Buell St","Unknown","Property Damage Only","","","Other Public Roadway (Rest Areas, Shopping Center - anything open to public)","25BU032604","Burlington PD","9","999.99","None/Other","Night","","None","None","","VT0040100","Parking Lot","","58 Buell St","","0000","44.47944161836067,-73.20875893111193"
"8018275","","November 29, 2025 at 1:44 AM","Burlington","Main St","US-2","Injury","Rear End","Clear","State Highway numbered route, Class 1 TH","25BU032683","Burlington PD","11","0.232","None/Other","Night","S Prospect St","Alcohol","None","","VT0040100","Four-way Intersection","None","Main St","Dry","0020","44.47635906867058,-73.20074388152258"
"8073112","","November 29, 2025 at 6:53 PM","Burlington","111 Colchester Ave","Unknown","Property Damage Only","","","Other Public Roadway (Rest Areas, Shopping Center - anything open to public)","25BU032728","Burlington PD","9","999.99","None/Other","Night","UVMMC Parking Garage","None","None","","VT0040100","Parking Lot","","111 Colchester Ave","","0000","44.478640975646066,-73.19257192468461"
"8019589","","November 30, 2025 at 2:55 AM","Burlington","317 Riverside Ave","US-7","Injury","Single Vehicle Crash","Clear","State Highway numbered route, Class 1 TH","25BU032743","Burlington PD","11","3.569","None/Other","Night","Riverside Ave","None","None","","VT0040100","Not at a Junction","None","317 Riverside Ave","Dry","0070","44.48770122903587,-73.19556550528952"
"8075171","","November 30, 2025 at 12:04 PM","Burlington","Shelburne St","I-189","Property Damage Only","Same Direction Sideswipe","","Ramp or Spur","25BU032762","Burlington PD","7","0.166","None/Other","Day","1-189","None","None","","VT0040100","Off Ramp","None","Shelburne St","Wet","1890","44.4483364356963,-73.20923696294496"
"8019326","","November 30, 2025 at 7:15 PM","Burlington","Pearl St","US-7","Property Damage Only","","","State Highway numbered route, Class 1 TH","25BU032793","Burlington PD","11","0.685","None/Other","Night","N Willard St","None","None","","VT0040100","Four-way Intersection","","Pearl St","","0070","44.455688551823435,-73.20854149031135"
"8017725","","December 1, 2025 at 2:03 PM","Burlington","Williston Rd","US-2","Property Damage Only","","","State Highway numbered route, Class 1 TH","25SB012075","So. Burlington PD.","11","0.764","None/Other","Day","East Ave","None","None","","VT0040300","Y - Intersection","","Williston Rd","","0020","44.47297666505476,-73.19117135317228"
"8075731","","December 1, 2025 at 2:18 PM","Burlington","Flynn Ave","TOWN ROAD 0201","Property Damage Only","","","Street or Town Highways in FA Urban Area","25BU032846","Burlington PD","5","999.99","None/Other","Day","Pine St","None","None","","VT0040100","Four-way Intersection","","Flynn Ave","","T0201","44.455468965083725,-73.2142235701407"
"8016721","","December 2, 2025 at 6:39 AM","Burlington","North St","NORTH ST.","Injury","","Freezing Precipitation","Federal Aid Urban System (Class 2 TH's and 3 TH's only)","25BU032865","Burlington PD","2","0.625","None/Other","Day","N Union St","None","None","","VT0040100","Four-way Intersection","None","North St","Snow","U5032","44.48485407148693,-73.20972954384352"
"8018430","","December 2, 2025 at 11:49 AM","Burlington","56 North Ave","NORTH AVE.","Property Damage Only","Same Direction Sideswipe","Freezing Precipitation","Federal Aid Urban System (Class 2 TH's and 3 TH's only)","25BU032879","Burlington PD","2","0.129","None/Other","Day","North St","None","Heavy Truck","","VT0040100","Not at a Junction","Road Surface Condition(wet, icy, snow, slush, etc)","56 North Ave","Snow","U5026","44.48364650845993,-73.22171727971251"
"8019139","","December 2, 2025 at 2:38 PM","Burlington","North St","NORTH ST.","Property Damage Only","","","Federal Aid Urban System (Class 2 TH's and 3 TH's only)","25BU032893","Burlington PD","2","0.856","None/Other","Day","Dans Court","None","None","","VT0040100","T - Intersection","","North St","","U5032","44.48495122772675,-73.20520342812877"
"8077245","","December 2, 2025 at 4:26 PM","Burlington","Matthew Ave","MATTHEW AVE","Property Damage Only","Rear End","Freezing Precipitation","Street or Town Highways in FA Urban Area","25BU032898","Burlington PD","5","999.99","None/Other","Day","Sandra Circle","None","Heavy Truck","","VT0040100","T - Intersection","Road Surface Condition(wet, icy, snow, slush, etc)","Matthew Ave","Snow","0000","44.51859571296667,-73.24725785466458"
"8080072","","December 4, 2025 at 6:59 AM","Burlington","322 St Paul St","SAINT PAUL ST","Property Damage Only","Other - Explain in Narrative","Freezing Precipitation","Other Public Roadway (Rest Areas, Shopping Center - anything open to public)","25BU032994","Burlington PD","9","999.99","None/Other","Day","Spruce St","None","None","","VT0040100","Other - Explain in Narrative","Road Surface Condition(wet, icy, snow, slush, etc)","322 St Paul St","Snow","0000","44.47052571236959,-73.21268535698539"
"8017094","","December 4, 2025 at 9:37 AM","Burlington","311 Colchester Ave","COLCHESTER AVE.","Property Damage Only","No Turns, Thru moves only, Broadside ^<","Clear","Federal Aid Urban System (Class 2 TH's and 3 TH's only)","25BU033007","Burlington PD","2","0.647","None/Other","Day","University Rd","None","None","","VT0040100","Not at a Junction","None","311 Colchester Ave","Wet","U5014","44.48371858019927,-73.18921090590347"
"8019402","","December 4, 2025 at 6:25 PM","Burlington","East Ave","EAST AVE.","Property Damage Only","","","Federal Aid Urban System (Class 2 TH's and 3 TH's only)","25BU033040","Burlington PD","2","0.1","None/Other","Night","Main St","None","None","","VT0040100","Not at a Junction","","East Ave","","U5016","44.473053835397835,-73.1913393496557"
"8016203","","December 4, 2025 at 11:00 PM","Burlington","North St","NORTH ST.","Property Damage Only","","","Federal Aid Urban System (Class 2 TH's and 3 TH's only)","25BU033269","Burlington PD","2","0.815","None/Other","Night","N Willard St","None","None","","VT0040100","Four-way Intersection","","North St","","U5032","44.48493811541445,-73.2060175459294"
"8079451","","December 5, 2025 at 2:03 PM","Burlington","North Ave","NORTH AVE","Property Damage Only","","","Street or Town Highways in FA Urban Area","25BU033084","Burlington PD","5","999.99","None/Other","Day","Starr Farm Rd","None","None","","VT0040100","T - Intersection","","North Ave","","0000","44.51714313068712,-73.2587356339927"
"8016083","","December 5, 2025 at 2:35 PM","Burlington","Main St","US-2","Property Damage Only","Rear End","Clear","State Highway numbered route, Class 1 TH","25BU033089","Burlington PD","11","0.45","None/Other","Day","University Ter","None","None","","VT0040100","Not at a Junction","None","Main St","Dry","0020","44.4754322482109,-73.19662530088705"
"8017908","","December 5, 2025 at 3:12 PM","Burlington","North Ave","NORTH AVE.","Property Damage Only","","","Federal Aid Urban System (Class 2 TH's and 3 TH's only)","25BU033092","Burlington PD","2","3.109","None/Other","Day","Plattsburg Ave","None","None","","VT0040100","Y - Intersection","","North Ave","","U5026","44.51579103222999,-73.25682961866195"
"8019258","","December 5, 2025 at 3:21 PM","Burlington","149 Main St","ALTERNATE US-7","Property Damage Only","Other - Explain in Narrative","Clear","State Highway numbered route, Class 1 TH","25BU033093","Burlington PD","11","0.893","None/Other","Day","S Winooski Ave","None","Heavy Truck","","VT0040100","Four-way Intersection","None","149 Main St","Dry","9993","44.476010191615764,-73.21099813792343"
"8079990","","December 5, 2025 at 5:12 PM","Burlington","692 Riverside Ave","RIVERSIDE AVE","Property Damage Only","","","Other Public Roadway (Rest Areas, Shopping Center - anything open to public)","25BU033101","Burlington PD","9","999.99","None/Other","Night","Intervale Ave","None","None","","VT0040100","Not at a Junction","","692 Riverside Ave","","0000","44.48941179318262,-73.20895509947199"
"8017358","","December 6, 2025 at 5:55 AM","Burlington","N Union","N UNION ST.","Property Damage Only","","","Federal Aid Secondary System (Class 2 TH)","25BU033141","Burlington PD","3","0.003","None/Other","Night","Pearl St","None","None","","VT0040100","Other - Explain in Narrative","","N Union","","U5034","44.48060068917079,-73.20931144203009"
"8019466","","December 6, 2025 at 6:07 AM","Burlington","819 North Ave","NORTH AVE.","Injury","Left Turn and Thru, Broadside v<--","Cloudy","Federal Aid Urban System (Class 2 TH's and 3 TH's only)","25BU033142","Burlington PD","2","1.621","None/Other","Day","Route 127 Ramp","None","None","","VT0040100","Four-way Intersection","Road Surface Condition(wet, icy, snow, slush, etc)","819 North Ave","Ice","U5026","44.50099181990598,-73.23678851733112"
"8082021","","December 7, 2025 at 1:39 PM","Burlington","88 S Willard St","S WILLARD ST","Injury","No Turns, Thru moves only, Broadside ^<","Cloudy","Private Property (Driveways)","25BU033222","Burlington PD","8","999.99","None/Other","Day","Bradley St","None","None","","VT0040100","Driveway","Road Surface Condition(wet, icy, snow, slush, etc)","88 S Willard St","Snow","0000","44.478084648078955,-73.20553723877805"
"8018724","","December 7, 2025 at 10:12 PM","Burlington","196 Pearl St","PEARL ST.","Property Damage Only","","","Federal Aid Urban System (Class 2 TH's and 3 TH's only)","25BU033247","Burlington PD","2","0.419","None/Other","Night","196 Pearl St","None","None","","VT0040100","Not at a Junction","","196 Pearl St","","U5038","44.480493976348335,-73.21089917922737"
"8083189","","December 8, 2025 at 2:11 AM","Burlington","82 Lyman Ave","LYMAN AVE","Property Damage Only","Same Direction Sideswipe","Freezing Precipitation","Street or Town Highways in FA Urban Area","25BU033251","Burlington PD","5","999.99","None/Other","Night","Pine St","None","Heavy Truck","","VT0040100","Not at a Junction","Road Surface Condition(wet, icy, snow, slush, etc)","82 Lyman Ave","Snow","0000","44.45323765241584,-73.21413355111031"
"8018682","","December 8, 2025 at 8:00 AM","Burlington","Shelburne Rd","ALTERNATE US-7","Property Damage Only","","","State Highway numbered route, Class 1 TH","25BU033335","Burlington PD","11","0.008","None/Other","Day","Locust St","None","None","","VT0040100","Traffic circle / roundabout","","Shelburne Rd","","9993","44.463668365509776,-73.20787916226821"
"8016814","","December 8, 2025 at 10:09 AM","Burlington","College St","COLLEGE ST.","Injury","Single Vehicle Crash","Clear","Federal Aid Urban System (Class 2 TH's and 3 TH's only)","25BU033270","Burlington PD","2","0.314","None/Other","Day","Church St","None","Pedestrian","","VT0040100","Four-way Intersection","Road Surface Condition(wet, icy, snow, slush, etc)","College St","Snow","U5068","44.477101476020096,-73.21255914165276"
"8019783","","December 8, 2025 at 2:44 PM","Burlington","184 North St","NORTH ST.","Property Damage Only","","","Federal Aid Urban System (Class 2 TH's and 3 TH's only)","25BU033299","Burlington PD","2","0.378","None/Other","Day","Elmwood Ave","None","None","","VT0040100","Not at a Junction","","184 North St","","U5032","44.484717560956774,-73.21473856778601"
"8017119","","December 8, 2025 at 3:55 PM","Burlington","Main St","US-2","Property Damage Only","","","State Highway numbered route, Class 1 TH","25BU033304","Burlington PD","11","0.166","None/Other","Day","Summit St","None","None","","VT0040100","Not at a Junction","","Main St","","0020","44.47630296213153,-73.20209692771509"