"ObjectID","Mapped","Crash Date","City/Town","Address","AOT Route","Crash Type","Collision Direction","Weather","Road Group","Report Number","Reporting Agency","Road Group ID","AOT Actual Milepoint","Animal","Time of Day","Intersection With","Impairment","Involving","Non Reportable Address","Reporting Agency ID","Road Characteristics","Road Condition","Street Address","Surface Condition","AOT Route ID","Coordinates"
"8084465","","December 9, 2025 at 7:22 AM","Burlington","1 North Ave","NORTH AVE","Injury","Single Vehicle Crash","Clear","Other Public Roadway (Rest Areas, Shopping Center - anything open to public)","25BU033332","Burlington PD","9","999.99","None/Other","Day","Battery Park","None","Pedestrian","","VT0040100","Other - Explain in Narrative","None","1 North Ave","Dry","0000","44.482166540297364,-73.22057052032099"
"8083981","","December 9, 2025 at 7:40 AM","Burlington","48 Pomeroy St","POMEROY ST","Property Damage Only","Same Direction Sideswipe","Clear","Street or Town Highways in FA Urban Area","25BU033333","Burlington PD","5","999.99","None/Other","Day","German St","None","Heavy Truck","","VT0040100","Not at a Junction","None","48 Pomeroy St","Snow","0000","44.486996472691,-73.20515436798043"
"8084015","","December 9, 2025 at 12:24 PM","Burlington","Brookes Ave","BROOKES AVE","Property Damage Only","Opp Direction Sideswipe","Clear","Street or Town Highways in FA Urban Area","25BU033351","Burlington PD","5","999.99","None/Other","Day","N Williams St","None","Heavy Truck","","VT0040100","T - Intersection","None","Brookes Ave","Snow","0000","44.48223479371586,-73.20385252050576"
"8019153","","December 9, 2025 at 2:26 PM","Burlington","Main St","US-2","Property Damage Only","","","State Highway numbered route, Class 1 TH","25BU033359","Burlington PD","11","0.124","None/Other","Day","S Williams St","None","None","","VT0040100","T - Intersection","","Main St","","0020","44.47627390692726,-73.2029584762233"
"8085985","","December 10, 2025 at 4:43 PM","Burlington","Brookes Ave","TOWN ROAD 0140","Property Damage Only","Head On","Freezing Precipitation","Street or Town Highways in FA Urban Area","25BU033437","Burlington PD","5","999.99","None/Other","Day","N Williams St","None","Heavy Truck","","VT0040100","Not at a Junction","Road Surface Condition(wet, icy, snow, slush, etc)","Brookes Ave","Snow","T0140","44.482224245401646,-73.20410380476493"
"8016787","","December 11, 2025 at 2:09 PM","Burlington","Grove St","GROVE ST.","Property Damage Only","Head On","Freezing Precipitation","Federal Aid Urban System (Class 2 TH's and 3 TH's only)","25BU033500","Burlington PD","2","0.27","None/Other","Day","Bayberry Circle","None","None","","VT0040100","Not at a Junction","Road Surface Condition(wet, icy, snow, slush, etc)","Grove St","Ice","U5018","44.483598058918744,-73.1842422586504"
"8086920","","December 11, 2025 at 2:19 PM","Burlington","52-78 University Pl","UNIVERSITY PL","Property Damage Only","Same Direction Sideswipe","Clear","Street or Town Highways in FA Urban Area","25UV009008","UVM Police","5","999.99","None/Other","Day","Billings Hall Bus Stop","None","Heavy Truck","","VT0041100","Not at a Junction","None","52-78 University Pl","Wet","0000","44.47900371665381,-73.19950221056317"
"8086801","","December 11, 2025 at 11:00 PM","Burlington","375 Maple St","MAPLE ST","Property Damage Only","","","Other Public Roadway (Rest Areas, Shopping Center - anything open to public)","25BU033758","Burlington PD","9","999.99","None/Other","Night","S Willard St","None","None","","VT0040100","Other - Explain in Narrative","","375 Maple St","","0000","44.47399810755824,-73.20420598097107"
"8017999","","December 12, 2025 at 1:50 PM","Burlington","100 Plattsburg Ave","PLATTSBURG AVE.","Property Damage Only","Rear End","Cloudy","Federal Aid Urban System (Class 2 TH's and 3 TH's only)","25BU033581","Burlington PD","2","0.188","None/Other","Day","St Francis Park","None","None","","VT0040100","Not at a Junction","Unknown","100 Plattsburg Ave","Wet","U5042","44.518508588749604,-73.25725076649546"
"8086915","","December 12, 2025 at 8:50 PM","Burlington","220 Main St","Unknown","Property Damage Only","","","Other Public Roadway (Rest Areas, Shopping Center - anything open to public)","25BU033602","Burlington PD","9","999.99","None/Other","Night","S Winooski Ave","None","None","","VT0040100","Parking Lot","","220 Main St","","0000","44.47625341110309,-73.2105931576785"
"8015656","","December 13, 2025 at 2:38 AM","Burlington","Shelburne St","US-7","Property Damage Only","Single Vehicle Crash","Clear","State Highway numbered route, Class 1 TH","25BU033632","Burlington PD","11","0.17","None/Other","Night","I-189 Shelburne St Exit","None","None","","VT0040100","Four-way Intersection","None","Shelburne St","Dry","0070","44.44839443838155,-73.20922414362032"
"8018414","","December 13, 2025 at 6:22 PM","Burlington","281 Shelburne St","US-7","Property Damage Only","","","State Highway numbered route, Class 1 TH","25BU033669","Burlington PD","11","0.818","None/Other","Night","Prospect Pkwy","None","None","","VT0040100","Not at a Junction","","281 Shelburne St","","0070","44.45757260854879,-73.20836855127948"
"8015798","","December 14, 2025 at 6:35 PM","Burlington","Pine St","PINE ST.","Property Damage Only","","","Federal Aid Urban System (Class 2 TH's and 3 TH's only)","25BU033726","Burlington PD","2","0.218","None/Other","Night","Sears Lane","None","None","","VT0040100","Not at a Junction","","Pine St","","U5040","44.458632953727225,-73.21439512538785"
"8090093","","December 15, 2025 at 8:24 AM","Burlington","N Winooski Ave","N WINOOSKI AVE","Injury","No Turns, Thru moves only, Broadside ^<","Cloudy","Other Public Roadway (Rest Areas, Shopping Center - anything open to public)","25BU033754","Burlington PD","9","999.99","None/Other","Day","Decatur St","None","None","","VT0040100","Other - Explain in Narrative","None","N Winooski Ave","Dry","0000","44.486301596246726,-73.20982256815778"
"8089600","","December 15, 2025 at 8:58 AM","Burlington","Bank St","TOWN ROAD 0113","Property Damage Only","","","Street or Town Highways in FA Urban Area","25BU033759","Burlington PD","5","999.99","None/Other","Day","Saint Paul St","None","None","","VT0040100","Not at a Junction","","Bank St","","T0113","44.478144663481594,-73.21470125740585"
"8019928","","December 15, 2025 at 9:00 AM","Burlington","Shelburne St","US-7","Property Damage Only","","","State Highway numbered route, Class 1 TH","25BU034307","Burlington PD","11","0.16","None/Other","Day","I-189 W","None","None","","VT0040100","Four-way Intersection","","Shelburne St","","0070","44.448250414443805,-73.20923198416106"
"8019582","","December 15, 2025 at 11:00 PM","Burlington","Park St","PARK ST.","Property Damage Only","","","Federal Aid Urban System (Class 2 TH's and 3 TH's only)","25BU033829","Burlington PD","2","0.073","None/Other","Night","Sherman St","None","None","","VT0040100","Not at a Junction","","Park St","","U5036","44.4814514029448,-73.21910267456155"
"8015661","","December 17, 2025 at 12:57 PM","Burlington","191 College St","COLLEGE ST.","Property Damage Only","Other - Explain in Narrative","Clear","Federal Aid Urban System (Class 2 TH's and 3 TH's only)","25BU033935","Burlington PD","2","0.345","None/Other","Day","191 College St","None","None","","VT0040100","Not at a Junction","None","191 College St","Dry","U5068","44.477120013630866,-73.21194603073903"
"8043472","","December 17, 2025 at 4:39 PM","Burlington","East Ave","EAST AVE","Property Damage Only","","","Federal Aid Urban System (Class 2 TH's and 3 TH's only)","25BU033951","Burlington PD","2","0.089","None/Other","Day","Main St","None","None","","VT0040100","Four-way Intersection","","East Ave","","0000","44.47318163495113,-73.19117624305065"
"8016511","","December 17, 2025 at 4:53 PM","Burlington","Williston Rd","US-2","Property Damage Only","Same Direction Sideswipe","Clear","State Highway numbered route, Class 1 TH","25SB012655","So. Burlington PD.","11","0.827","None/Other","Day","","None","None","","VT0040300","Four-way Intersection","Unknown","Williston Rd","Wet","0020","44.47248208862081,-73.19012760201264"
"8093310","","December 18, 2025 at 5:54 AM","Burlington","111 Colchester Ave","Unknown","Injury","No Turns, Thru moves only, Broadside ^<","Clear","Other Public Roadway (Rest Areas, Shopping Center - anything open to public)","25BU033990","Burlington PD","9","999.99","None/Other","Night","111 Colchester Ave","None","Pedestrian","","VT0040100","Other - Explain in Narrative","None","111 Colchester Ave","Dry","0000","44.48032334218956,-73.19562123283136"
"8093518","","December 18, 2025 at 10:40 AM","Burlington","43 Clarke St","CLARKE ST","Property Damage Only","","","Street or Town Highways in FA Urban Area","25BU034005","Burlington PD","5","999.99","None/Other","Day","Grant St","None","None","","VT0040100","Not at a Junction","","43 Clarke St","","0000","44.481660105846785,-73.21235579387634"
"8019729","","December 18, 2025 at 3:45 PM","Burlington","Colchester Ave","US-7","Property Damage Only","","","State Highway numbered route, Class 1 TH","25BU034029","Burlington PD","11","4.148","None/Other","Day","Riverside Ave","None","None","","VT0040100","Y - Intersection","","Colchester Ave","","0070","44.488576537406864,-73.18662824117804"
"8017017","","December 18, 2025 at 4:45 PM","Burlington","Shelburne St","US-7","Property Damage Only","","","State Highway numbered route, Class 1 TH","25BU034035","Burlington PD","11","0.339","None/Other","Day","Home Ave","None","None","","VT0040100","Four-way Intersection","","Shelburne St","","0070","44.45078683505341,-73.2089772071517"
"8024805","","December 18, 2025 at 6:42 PM","Burlington","N Winooski Ave","ALTERNATE US-7","Property Damage Only","Rear End","Clear","State Highway numbered route, Class 1 TH","25BU034042","Burlington PD","11","1.918","None/Other","Night","Riverside Ave","Alcohol and Drugs","None","","VT0040100","Four-way Intersection","None","N Winooski Ave","Dry","9993","44.48945470564595,-73.20605309293146"
"8093928","","December 19, 2025 at 12:15 PM","Burlington","Cedar St","CEDAR ST","Property Damage Only","","","Street or Town Highways in FA Urban Area","25BU034099","Burlington PD","5","999.99","None/Other","Day","Rose St","None","None","","VT0040100","T - Intersection","","Cedar St","","0000","44.48592506976824,-73.21679510048841"
"8093535","","December 19, 2025 at 4:47 PM","Burlington","9 Central Ave","Unknown","Property Damage Only","","","Other Public Roadway (Rest Areas, Shopping Center - anything open to public)","25BU034123","Burlington PD","9","999.99","None/Other","Day","Parking Lot","None","None","","VT0040100","Parking Lot","","9 Central Ave","","0000","44.460924917251305,-73.22102545214973"
"8094843","","December 20, 2025 at 10:29 AM","Burlington","Home Ave","HOME AVE","Property Damage Only","","","Street or Town Highways in FA Urban Area","25BU034172","Burlington PD","5","999.99","None/Other","Day","Shelburne St","None","None","","VT0040100","Four-way Intersection","","Home Ave","","0000","44.45072260758455,-73.20902712895747"
"8096196","","December 22, 2025 at 9:23 AM","Burlington","15 Center St","Unknown","Property Damage Only","","","Other Public Roadway (Rest Areas, Shopping Center - anything open to public)","25BU034436","Burlington PD","9","999.99","None/Other","Day","Center St Parking Lot","None","None","","VT0040100","Parking Lot","","15 Center St","","0000","44.47758726462019,-73.21172803729098"
"8096378","","December 22, 2025 at 4:35 PM","Burlington","1127 North Ave","Unknown","Property Damage Only","","","Other Public Roadway (Rest Areas, Shopping Center - anything open to public)","25BU034346","Burlington PD","9","999.99","None/Other","Day","Parking Lot","None","None","","VT0040100","Parking Lot","","1127 North Ave","","0000","44.50611166381025,-73.24616773783636"
"8096608","","December 22, 2025 at 5:59 PM","Burlington","82 S Winooski Ave","Unknown","Property Damage Only","","","Other Public Roadway (Rest Areas, Shopping Center - anything open to public)","25BU034349","Burlington PD","9","999.99","None/Other","Night","Parking Lot","None","None","","VT0040100","Parking Lot","","82 S Winooski Ave","","0000","44.47788226910493,-73.21060035757539"
"8017765","","December 22, 2025 at 6:09 PM","Burlington","North Ave","NORTH AVE","Property Damage Only","","","Federal Aid Urban System (Class 2 TH's and 3 TH's only)","25BU034351","Burlington PD","2","1.927","None/Other","Night","Ethan Allen Parkway","None","None","","VT0040100","Not at a Junction","","North Ave","","0000","44.504036098382706,-73.24093654146093"
"8018691","","December 22, 2025 at 11:00 PM","Burlington","127","PLATTSBURG AVE.","Property Damage Only","","","Federal Aid Urban System (Class 2 TH's and 3 TH's only)","25BU034440","Burlington PD","2","0.533","None/Other","","Plattsburg Ave","None","None","","VT0040100","Off Ramp","","127","","U5042","44.52282771667354,-73.25510172621357"
"8018305","","December 23, 2025 at 9:24 AM","Burlington","Shelburne St","US-7","Property Damage Only","Same Direction Sideswipe","Clear","State Highway numbered route, Class 1 TH","25BU034373","Burlington PD","11","0.645","None/Other","Day","Flynn Ave","None","None","","VT0040100","Not at a Junction","None","Shelburne St","Dry","0070","44.45512246135836,-73.208603986459"
"8016381","","December 23, 2025 at 3:18 PM","Burlington","330 Flynn Ave","FLYNN AVE.","Property Damage Only","","","Federal Aid Urban System (Class 2 TH's and 3 TH's only)","25BU034400","Burlington PD","2","0.043","None/Other","Day","","None","None","","VT0040100","Not at a Junction","","330 Flynn Ave","","U5017","44.455383074258165,-73.21332857147986"
"8017290","","December 23, 2025 at 3:49 PM","Burlington","North Ave","NORTH AVE.","Property Damage Only","","","Federal Aid Urban System (Class 2 TH's and 3 TH's only)","25BU034402","Burlington PD","2","2.909","None/Other","Day","Cayuga Ct","None","None","","VT0040100","T - Intersection","","North Ave","","U5026","44.51376063268088,-73.25410361612306"
"8017435","","December 23, 2025 at 3:56 PM","Burlington","College St","COLLEGE ST.","Property Damage Only","","","Federal Aid Urban System (Class 2 TH's and 3 TH's only)","25BU034403","Burlington PD","2","0.395","None/Other","Day","S Winooski Ave","None","None","","VT0040100","Four-way Intersection","","College St","","U5068","44.47716283073946,-73.21095875820562"
"8097463","","December 23, 2025 at 3:59 PM","Burlington","143 Elmwood Ave","ELMWOOD AVE","Property Damage Only","","","Street or Town Highways in FA Urban Area","25BU034404","Burlington PD","5","999.99","None/Other","Day","North St","None","None","","VT0040100","Not at a Junction","","143 Elmwood Ave","","0000","44.48445861794229,-73.21384809122364"
"8019792","","December 23, 2025 at 4:21 PM","Burlington","275 Main St","S UNION ST.","Property Damage Only","","","Federal Aid Urban System (Class 2 TH's and 3 TH's only)","25BU034406","Burlington PD","2","0.774","None/Other","Day","S Union St","None","None","","VT0040100","Four-way Intersection","","275 Main St","","U5052","44.47605709900999,-73.20894634671424"
"8016926","","December 23, 2025 at 6:21 PM","Burlington","Pine St","PINE ST.","Property Damage Only","Right Turn and Thru, Same Direction Sideswipe/Angle Crash ^^--","Freezing Precipitation","Federal Aid Urban System (Class 2 TH's and 3 TH's only)","25BU034411","Burlington PD","2","0.513","None/Other","Night","Locust St","None","None","","VT0040100","T - Intersection","Road Surface Condition(wet, icy, snow, slush, etc)","Pine St","Snow","U5040","44.46293232032831,-73.21468771537369"
"8016102","","December 24, 2025 at 11:00 PM","Burlington","Pearl St","S UNION ST.","Property Damage Only","","","Federal Aid Urban System (Class 2 TH's and 3 TH's only)","25BU034527","Burlington PD","2","0.503","None/Other","","S Union St","None","None","","VT0040100","Four-way Intersection","","Pearl St","","U5052","44.47219428989439,-73.20871319778468"
"8099883","","December 25, 2025 at 6:55 AM","Burlington","N Champlain St","TOWN ROAD 0315","Property Damage Only","Other - Explain in Narrative","Clear","Street or Town Highways in FA Urban Area","25BU034480","Burlington PD","5","999.99","None/Other","Day","Poplar St","None","None","","VT0040100","Not at a Junction","None","N Champlain St","Snow","T0315","44.48636805966075,-73.21790681273774"
"8099493","","December 25, 2025 at 1:04 PM","Burlington","S Willard St","S WILLARD ST","Property Damage Only","","","Other Public Roadway (Rest Areas, Shopping Center - anything open to public)","25BU034488","Burlington PD","9","999.99","None/Other","Day","Cliff St","None","None","","VT0040100","Other - Explain in Narrative","","S Willard St","","0000","44.46957411264386,-73.20505766641007"
"8099863","","December 26, 2025 at 2:31 PM","Burlington","135 Lyman Ave","LYMAN AVE","Property Damage Only","","","Street or Town Highways in FA Urban Area","25BU034548","Burlington PD","5","999.99","None/Other","Day","Raymond Place","None","None","","VT0040100","Not at a Junction","","135 Lyman Ave","","0000","44.453108336712006,-73.21178244995029"
"8018333","","December 27, 2025 at 6:03 AM","Burlington","Williston Rd","US-2","Property Damage Only","","","State Highway numbered route, Class 1 TH","25SB012945","So. Burlington PD.","11","0.822","None/Other","Day","East Terrac","None","None","","VT0040300","Four-way Intersection","Road Surface Condition(wet, icy, snow, slush, etc)","Williston Rd","","0020","44.4725200352812,-73.19020837747433"
"8019720","","December 27, 2025 at 6:33 AM","Burlington","Main St","MAIN ST.","Property Damage Only","No Turns, Thru moves only, Broadside ^<","Freezing Precipitation","Federal Aid Urban System (Class 2 TH's and 3 TH's only)","25BU034591","Burlington PD","2","0.001","None/Other","Day","Battery St","None","None","","VT0040100","Four-way Intersection","Road Surface Condition(wet, icy, snow, slush, etc)","Main St","Snow","U5022","44.4757261701771,-73.21865626676794"
"8018022","","December 27, 2025 at 4:58 PM","Burlington","North Ave","NORTH AVE.","Property Damage Only","","","Federal Aid Urban System (Class 2 TH's and 3 TH's only)","25BU034610","Burlington PD","2","1.536","Deer","Day","Beltline","None","None","","VT0040100","Off Ramp","","North Ave","","U5026","44.50016109883432,-73.23566591916604"
"8100705","","December 27, 2025 at 5:21 PM","Burlington","214 N Prospect St","Unknown","Property Damage Only","","","Other Public Roadway (Rest Areas, Shopping Center - anything open to public)","25BU034609","Burlington PD","9","999.99","None/Other","Night","","None","None","","VT0040100","Parking Lot","","214 N Prospect St","","0000","44.487135546490435,-73.20010225653832"
"8101954","","December 28, 2025 at 9:48 PM","Burlington","S Williams St","S WILLIAMS ST","Property Damage Only","","","Street or Town Highways in FA Urban Area","25BU034674","Burlington PD","5","999.99","None/Other","Night","Main St","None","None","","VT0040100","T - Intersection","","S Williams St","","0000","44.4762456227982,-73.20312691641634"
"8103392","","December 29, 2025 at 5:42 AM","Burlington","56 Cliff St","CLIFF ST","Property Damage Only","Single Vehicle Crash","Freezing Precipitation","Street or Town Highways in FA Urban Area","25BU034680","Burlington PD","5","999.99","None/Other","Night","S Willard St","None","Heavy Truck","","VT0040100","Not at a Junction","Road Surface Condition(wet, icy, snow, slush, etc)","56 Cliff St","Ice","0000","44.469634543459534,-73.20547313304863"
"8103192","","December 29, 2025 at 6:57 AM","Burlington","Cliff St","CLIFF ST","Property Damage Only","","","Street or Town Highways in FA Urban Area","25BU034683","Burlington PD","5","999.99","None/Other","Day","S Willard St","None","None","","VT0040100","Not at a Junction","","Cliff St","","0000","44.469665574437514,-73.20481997822925"
"8018360","","December 29, 2025 at 7:24 AM","Burlington","60 Battery St","BATTERY ST.","Property Damage Only","","Rain","Federal Aid Urban System (Class 2 TH's and 3 TH's only)","25BU034687","Burlington PD","2","0.373","None/Other","Day","Hotel Champlain Entrance","None","None","","VT0040100","Not at a Junction","Road Surface Condition(wet, icy, snow, slush, etc)","60 Battery St","Ice","U5008","44.477753130023935,-73.21883108069149"
"8016598","","December 29, 2025 at 11:44 AM","Burlington","63 Grove St","GROVE ST.","Property Damage Only","","","Federal Aid Urban System (Class 2 TH's and 3 TH's only)","26BU000162","Burlington PD","2","0.395","None/Other","Day","Schmanska Park","None","None","","VT0040100","Not at a Junction","","63 Grove St","","U5018","44.48537323871349,-73.18440374932726"
"8103003","","December 29, 2025 at 5:57 PM","Burlington","244 N Winooski Ave","HYDE ST","Property Damage Only","","","Other Public Roadway (Rest Areas, Shopping Center - anything open to public)","25BU034714","Burlington PD","9","999.99","None/Other","Night","Parking Lot","None","None","","VT0040100","Parking Lot","","244 N Winooski Ave","","0000","44.48776151054942,-73.2065967642594"
"8017140","","December 29, 2025 at 10:58 PM","Burlington","264 Maple St","MAPLE ST. BURLINGTON","Property Damage Only","","","Federal Aid Urban System (Class 2 TH's and 3 TH's only)","25BU034721","Burlington PD","2","0.487","None/Other","Night","S Union St","None","None","","VT0040100","Not at a Junction","","264 Maple St","","U5066","44.47385847525193,-73.20848757539659"
"8015849","","December 30, 2025 at 9:05 PM","Burlington","Pearl St","PEARL ST.","Property Damage Only","","","Federal Aid Urban System (Class 2 TH's and 3 TH's only)","25BU034770","Burlington PD","2","0.884","None/Other","Night","Campus Ct","None","None","","VT0040100","T - Intersection","","Pearl St","","U5038","44.480740132246076,-73.20170132943419"
"8017469","","December 31, 2025 at 10:00 AM","Burlington","102 S Winooski Ave","ALTERNATE US-7","Property Damage Only","","","State Highway numbered route, Class 1 TH","25BU034794","Burlington PD","11","1.007","None/Other","Day","Bank Street","None","None","","VT0040100","Not at a Junction","","102 S Winooski Ave","","9993","44.477680846231145,-73.21108263311417"
"8106614","","December 31, 2025 at 11:51 PM","Burlington","60 Battery St","Unknown","Property Damage Only","","","Other Public Roadway (Rest Areas, Shopping Center - anything open to public)","26BU000010","Burlington PD","9","999.99","None/Other","Night","","None","None","","VT0040100","Parking Lot","","60 Battery St","","0000","44.47782184242597,-73.2173872128244"
"8017229","","January 1, 2026 at 8:20 AM","Burlington","Main St","US-7","Property Damage Only","","","State Highway numbered route, Class 1 TH","26BU000261","Burlington PD","11","2.124","None/Other","Day","S Willard St","None","None","","VT0040100","Four-way Intersection","","Main St","","0070","44.47623617621667,-73.20550521302509"
"8017611","","January 1, 2026 at 9:08 AM","Burlington","186 Ethan Allen Pkwy","ETHAN ALLEN PARKWAY","Injury","Head On","Clear","Federal Aid Urban System (Class 2 TH's and 3 TH's only)","26BU000034","Burlington PD","2","0.473","None/Other","Day","","None","None","","VT0040100","Not at a Junction","None","186 Ethan Allen Pkwy","Dry","U5072","44.510436290765675,-73.24170195231243"
"8105927","","January 1, 2026 at 1:16 PM","Burlington","56 N Winooski Ave","Unknown","Property Damage Only","","","Other Public Roadway (Rest Areas, Shopping Center - anything open to public)","26BU000046","Burlington PD","9","999.99","None/Other","Day","A One Parking Lot","None","None","","VT0040100","Parking Lot","","56 N Winooski Ave","","0000","44.48206404128993,-73.21107851638128"
"8105977","","January 2, 2026 at 7:57 PM","Burlington","Mill St","MILL ST","Property Damage Only","No Turns, Thru moves only, Broadside ^<","Clear","Street or Town Highways in FA Urban Area","26BU000116","Burlington PD","5","999.99","None/Other","Night","Colchester Ave","None","Bicycle","","VT0040100","T - Intersection","Road Surface Condition(wet, icy, snow, slush, etc)","Mill St","Dry","0000","44.48844104339866,-73.18666595047968"
"8107735","","January 3, 2026 at 8:45 PM","Burlington","500 Riverside Ave","RIVERSIDE AVE","Property Damage Only","","","Other Public Roadway (Rest Areas, Shopping Center - anything open to public)","26BU000174","Burlington PD","9","999.99","None/Other","Night","N Prospect St","None","None","","VT0040100","Other - Explain in Narrative","","500 Riverside Ave","","0000","44.488762909826015,-73.20181893820049"
"8108846","","January 4, 2026 at 11:47 AM","Burlington","595 Shelburne St","Unknown","Property Damage Only","","","Other Public Roadway (Rest Areas, Shopping Center - anything open to public)","26BU000203","Burlington PD","9","999.99","None/Other","Day","Market 32 Parking Lot","None","None","","VT0040100","Parking Lot","","595 Shelburne St","","0000","44.44895150039257,-73.21018666238011"
"8025873","","January 4, 2026 at 10:57 PM","Burlington","Route 127/Beltline","VT ROUTE 127","Property Damage Only","","","Federal Aid Urban System (Class 2 TH's and 3 TH's only)","26BU000237","Burlington PD","2","1.739","None/Other","Night","Plattsburgh Ave","None","None","","VT0040100","Not at a Junction","","Route 127/Beltline","","0000","44.50939312390507,-73.23333259596168"
"8109461","","January 5, 2026 at 4:50 PM","Burlington","402-442 S Prospect St","S PROSPECT ST","Property Damage Only","Same Direction Sideswipe","Freezing Precipitation","Federal Aid Urban System (Class 2 TH's and 3 TH's only)","26UV000948","UVM Police","2","","None/Other","Day","University Heights","None","Heavy Truck","","VT0041100","Not at a Junction","Other - Explain in Narrative","402-442 S Prospect St","Snow","0000","44.46903587349154,-73.20038856124536"
"8109500","","January 5, 2026 at 5:22 PM","Burlington","North Ave","NORTH AVE","Property Damage Only","","","Street or Town Highways in FA Urban Area","26BU000301","Burlington PD","5","999.99","None/Other","Night","Sherman St","None","None","","VT0040100","Not at a Junction","","North Ave","","0000","44.482050270131694,-73.22045595445083"
"8111625","","January 7, 2026 at 5:58 AM","Burlington","University Ter","UNIVERSITY TER","Property Damage Only","Single Vehicle Crash","Freezing Precipitation","Street or Town Highways in FA Urban Area","26UV000121","UVM Police","5","999.99","None/Other","Night","University Ter.","None","None","","VT0041100","Not at a Junction","Road Surface Condition(wet, icy, snow, slush, etc)","University Ter","Snow","0000","44.47550185394404,-73.19673287613665"
"8015987","","January 7, 2026 at 7:14 AM","Burlington","298 College St","COLLEGE ST.","Property Damage Only","","","Federal Aid Urban System (Class 2 TH's and 3 TH's only)","26BU000394","Burlington PD","2","0.533","None/Other","Day","College St","None","None","","VT0040100","Not at a Junction","","298 College St","","U5068","44.477339614930635,-73.2082510668815"
"8111029","","January 7, 2026 at 7:53 AM","Burlington","171 Cherry St","CHERRY ST","Property Damage Only","","","Street or Town Highways in FA Urban Area","26BU000398","Burlington PD","5","999.99","None/Other","Day","S Winooski Ave","None","None","","VT0040100","T - Intersection","","171 Cherry St","","0000","44.47936198183956,-73.21143536411668"
"8110937","","January 7, 2026 at 2:34 PM","Burlington","76 Pine St","PINE ST","Property Damage Only","Opp Direction Sideswipe","Freezing Precipitation","Street or Town Highways in FA Urban Area","26BU000422","Burlington PD","5","999.99","None/Other","Day","College St","None","None","","VT0040100","Not at a Junction","Road Surface Condition(wet, icy, snow, slush, etc)","76 Pine St","Snow","0000","44.47680686364177,-73.21564020046374"
"8019748","","January 7, 2026 at 2:44 PM","Burlington","Battery St","BATTERY ST","Property Damage Only","","","Federal Aid Urban System (Class 2 TH's and 3 TH's only)","26BU000426","Burlington PD","2","0.22","None/Other","Day","Main St","None","None","","VT0040100","Four-way Intersection","","Battery St","","0000","44.47557517685523,-73.21867088492586"
"8110997","","January 7, 2026 at 4:25 PM","Burlington","Beaumont Ave","Unknown","Property Damage Only","Rear End","Clear","Other Public Roadway (Rest Areas, Shopping Center - anything open to public)","26UV000132","UVM Police","9","999.99","None/Other","Day","Carrigan Dr","None","None","","VT0041100","Other - Explain in Narrative","Road Surface Condition(wet, icy, snow, slush, etc)","Beaumont Ave","Wet","0000","44.47537898834539,-73.19263143350462"
"8016093","","January 7, 2026 at 9:05 PM","Burlington","Pearl St","PEARL ST.","Injury","Left Turn and Thru, Broadside v<--","Clear","Federal Aid Urban System (Class 2 TH's and 3 TH's only)","26BU000443","Burlington PD","2","0.369","None/Other","Night","N Winooski Ave","None","None","","VT0040100","Not at a Junction","None","Pearl St","Wet","U5038","44.48047670403666,-73.21185578989032"
"8112664","","January 7, 2026 at 11:00 PM","Burlington","1 North Ave","Unknown","Property Damage Only","","","Other Public Roadway (Rest Areas, Shopping Center - anything open to public)","26BU000476","Burlington PD","9","999.99","None/Other","","UNKNOWN","None","None","","VT0040100","Unknown","","1 North Ave","","0000","44.48239765214473,-73.22102590648184"
"8028875","","January 9, 2026 at 7:38 AM","Burlington","Main St","US-2","Property Damage Only","Rear End","Cloudy","State Highway numbered route, Class 1 TH","26BU000533","Burlington PD","11","0.748","None/Other","Day","Spear St","None","None","","VT0040100","Four-way Intersection","None","Main St","Wet","0020","44.47310155627042,-73.1914429873388"
"8025813","","January 10, 2026 at 5:47 AM","Burlington","Plattsburg Ave","VT ROUTE 127","Property Damage Only","","","Federal Aid Urban System (Class 2 TH's and 3 TH's only)","26BU000606","Burlington PD","2","3.214","None/Other","Night","Route 127","None","None","","VT0040100","On Ramp","","Plattsburg Ave","","0000","44.52202427307363,-73.25398610395868"
"8030832","","January 10, 2026 at 2:02 PM","Burlington","College St","COLLEGE ST","Property Damage Only","Left and Right Turns, Simultaneous Turn Crash --vv--","Cloudy","Federal Aid Urban System (Class 2 TH's and 3 TH's only)","26BU000622","Burlington PD","2","0.667","None/Other","Day","S Willard St","None","None","","VT0040100","Four-way Intersection","Road Surface Condition(wet, icy, snow, slush, etc)","College St","Wet","0000","44.47748460245368,-73.20561863872307"
"8114578","","January 11, 2026 at 9:43 AM","Burlington","Queen City Park Rd","QUEEN CITY PARK RD","Property Damage Only","","","Street or Town Highways in FA Urban Area","26BU000676","Burlington PD","5","999.99","None/Other","Day","Central Ave","None","None","","VT0040100","Not at a Junction","","Queen City Park Rd","","0000","44.44650293171707,-73.22035805872761"