"ObjectID","Mapped","Crash Date","City/Town","Address","AOT Route","Crash Type","Collision Direction","Weather","Road Group","Report Number","Reporting Agency","Road Group ID","AOT Actual Milepoint","Animal","Time of Day","Intersection With","Impairment","Involving","Non Reportable Address","Reporting Agency ID","Road Characteristics","Road Condition","Street Address","Surface Condition","AOT Route ID","Coordinates"
"8114322","","January 11, 2026 at 3:13 PM","Burlington","1 Mill St","Unknown","Property Damage Only","","","Other Public Roadway (Rest Areas, Shopping Center - anything open to public)","26BU000690","Burlington PD","9","999.99","None/Other","Day","Chace Mill Parking Lot","None","None","","VT0040100","Parking Lot","","1 Mill St","","0000","44.48862804256525,-73.18549895493574"
"8016662","","January 12, 2026 at 7:08 AM","Burlington","401-465 Main St","EDGEWOOD LN","Property Damage Only","Left Turn and Thru, Head On ^v--","Cloudy","Federal Aid Urban System (Class 2 TH's and 3 TH's only)","26UV000219","UVM Police","2","0.235","None/Other","Day","S Prospect St / Main St UVM","None","Heavy Truck","","VT0041100","Four-way Intersection","","401-465 Main St","","0000","44.46247361496826,-73.20322348552143"
"8016012","","January 12, 2026 at 7:57 PM","Burlington","267 S Willard St","US-7","Injury","Single Vehicle Crash","","State Highway numbered route, Class 1 TH","26BU000793","Burlington PD","11","1.868","None/Other","Night","Maple St","None","Pedestrian","","VT0040100","Other - Explain in Narrative","Unknown","267 S Willard St","Wet","0070","44.472553014318486,-73.20520224214034"
"8115910","","January 13, 2026 at 4:27 PM","Burlington","Kilburn St","KILBURN ST","Property Damage Only","","","Street or Town Highways in FA Urban Area","26BU000865","Burlington PD","5","999.99","None/Other","Day","St Paul St","None","None","","VT0040100","T - Intersection","","Kilburn St","","0000","44.47111508177496,-73.21342148341269"
"8116446","","January 13, 2026 at 5:30 PM","Burlington","82 S Winooski Ave","Unknown","Property Damage Only","","","Other Public Roadway (Rest Areas, Shopping Center - anything open to public)","26BU000932","Burlington PD","9","999.99","None/Other","Night","City Market Parking Lot","None","None","","VT0040100","Parking Lot","","82 S Winooski Ave","","0000","44.47788297284068,-73.21048723951925"
"8015948","","January 14, 2026 at 1:13 PM","Burlington","126 College St","COLLEGE ST.","Property Damage Only","","","Federal Aid Urban System (Class 2 TH's and 3 TH's only)","26BU000951","Burlington PD","2","0.196","None/Other","Day","126 College St","None","None","","VT0040100","Not at a Junction","","126 College St","","U5068","44.4770102629597,-73.21489134672103"
"8017850","","January 14, 2026 at 5:50 PM","Burlington","272 Pearl St","PEARL ST.","Property Damage Only","","","Federal Aid Urban System (Class 2 TH's and 3 TH's only)","26BU000968","Burlington PD","2","0.583","None/Other","Night","Greene St","None","None","","VT0040100","T - Intersection","","272 Pearl St","","U5038","44.48060177656505,-73.20776437908134"
"8018281","","January 15, 2026 at 2:37 PM","Burlington","Main St","LEDGE RD.","Property Damage Only","","","Federal Aid Urban System (Class 2 TH's and 3 TH's only)","26BU001081","Burlington PD","2","0.235","None/Other","Day","S Prospect St","None","None","","VT0040100","Four-way Intersection","","Main St","","U5058","44.46247361496826,-73.20322348552143"
"8017768","","January 15, 2026 at 4:05 PM","Burlington","Main St","US-2","Property Damage Only","","","State Highway numbered route, Class 1 TH","26BU001038","Burlington PD","11","0.32","None/Other","Day","University Pl","None","None","","VT0040100","T - Intersection","","Main St","","0020","44.4763741228011,-73.19894156928987"
"8117933","","January 15, 2026 at 9:30 PM","Burlington","300 Pearl St","Unknown","Property Damage Only","","","Other Public Roadway (Rest Areas, Shopping Center - anything open to public)","26BU001355","Burlington PD","9","999.99","None/Other","Night","Burlington Health & Rehab Parking Lot","None","None","","VT0040100","Parking Lot","","300 Pearl St","","0000","44.4810836384211,-73.20664185856027"
"8021068","","January 16, 2026 at 11:37 AM","Burlington","40-58 Carrigan Dr","CARRIGAN DR","Property Damage Only","","","Federal Aid Urban System (Class 2 TH's and 3 TH's only)","26UV000344","UVM Police","2","0.176","None/Other","Day","East Ave","None","None","","VT0041100","Four-way Intersection","","40-58 Carrigan Dr","","0000","44.47505825531559,-73.19079426773393"
"8015669","","January 16, 2026 at 2:55 PM","Burlington","Battery St","BATTERY ST.","Property Damage Only","Rear End","Clear","Federal Aid Urban System (Class 2 TH's and 3 TH's only)","26BU001115","Burlington PD","2","0.466","None/Other","Day","Cherry St","None","None","","VT0040100","Four-way Intersection","None","Battery St","Dry","U5008","44.479071482433866,-73.21892977139171"
"8118901","","January 17, 2026 at 12:10 PM","Burlington","595 Shelburne St","Unknown","Property Damage Only","","","Other Public Roadway (Rest Areas, Shopping Center - anything open to public)","26BU001191","Burlington PD","9","999.99","None/Other","Day","Parking Lot","None","None","","VT0040100","Parking Lot","","595 Shelburne St","","0000","44.44940308192092,-73.20992830096449"
"8118852","","January 17, 2026 at 2:40 PM","Burlington","Bank St","","","","","","26BU001200","Burlington PD","","","None/Other","Day","St Paul St","None","None","","VT0040100","","","Bank St","","",""
"8023499","","January 18, 2026 at 1:16 PM","Burlington","299 Main St","MAIN ST","Property Damage Only","","","Federal Aid Urban System (Class 2 TH's and 3 TH's only)","26BU001360","Burlington PD","2","0.653","None/Other","Day","Main St","None","None","","VT0040100","Not at a Junction","","299 Main St","","0000","44.476156830329785,-73.2066954763355"
"8033612","","January 18, 2026 at 4:09 PM","Burlington","North Ave","NORTH AVE","Injury","Rear End","Cloudy","Federal Aid Urban System (Class 2 TH's and 3 TH's only)","26BU001266","Burlington PD","2","3.085","None/Other","Day","Franklin Square","None","None","","VT0040100","T - Intersection","None","North Ave","Dry","0000","44.51551144642794,-73.25645516956264"
"8016729","","January 19, 2026 at 4:05 PM","Burlington","314 North St","NORTH ST.","Property Damage Only","","","Federal Aid Urban System (Class 2 TH's and 3 TH's only)","26BU001319","Burlington PD","2","0.661","None/Other","Day","314 North St","None","None","","VT0040100","Not at a Junction","","314 North St","","U5032","44.48486761041815,-73.20902221704787"
"8018093","","January 19, 2026 at 4:39 PM","Burlington","126 Maple St","MAPLE ST. BURLINGTON","Injury","Opp Direction Sideswipe","Cloudy","Federal Aid Urban System (Class 2 TH's and 3 TH's only)","26BU001320","Burlington PD","2","0.21","None/Other","Day","Saint Paul St","Alcohol","None","","VT0040100","Not at a Junction","None","126 Maple St","Dry","U5066","44.47363035319827,-73.21418539440575"
"8018438","","January 19, 2026 at 4:57 PM","Burlington","146 Ethan Allen Pkwy","ETHAN ALLEN PARKWAY","Property Damage Only","","","Federal Aid Urban System (Class 2 TH's and 3 TH's only)","26BU001323","Burlington PD","2","0.315","None/Other","Day","Lopes Ave","None","None","","VT0040100","Not at a Junction","","146 Ethan Allen Pkwy","","U5072","44.50820654342773,-73.24131205690986"
"8121876","","January 20, 2026 at 8:29 AM","Burlington","Calarco Ct","CALARCO CT","Property Damage Only","Rear-to-rear","Clear","Other Public Roadway (Rest Areas, Shopping Center - anything open to public)","26BU001361","Burlington PD","9","999.99","None/Other","Day","Colchester Ave","None","Heavy Truck","","VT0040100","Other - Explain in Narrative","None","Calarco Ct","Snow","0000","44.48527519867132,-73.18633967136626"
"8016928","","January 20, 2026 at 2:46 PM","Burlington","28 S Willard St","US-7","Property Damage Only","","","State Highway numbered route, Class 1 TH","26BU001393","Burlington PD","11","2.376","None/Other","Day","S Willard St","None","None","","VT0040100","Not at a Junction","","28 S Willard St","","0070","44.47984137010403,-73.205676880587"
"8015784","","January 20, 2026 at 6:04 PM","Burlington","Sherman St","NORTH AVE.","Property Damage Only","","","Federal Aid Urban System (Class 2 TH's and 3 TH's only)","26BU001401","Burlington PD","2","0.008","None/Other","Night","North Ave","None","None","","VT0040100","Not at a Junction","","Sherman St","","U5026","44.48210718978098,-73.22050284382588"
"8123430","","January 21, 2026 at 7:31 AM","Burlington","41 Cherry St","Unknown","Property Damage Only","","","Other Public Roadway (Rest Areas, Shopping Center - anything open to public)","26BU001428","Burlington PD","9","999.99","None/Other","Day","Parking Garage","None","None","","VT0040100","Parking Lot","","41 Cherry St","","0000","44.47883830846379,-73.21746251730113"
"8122833","","January 21, 2026 at 3:10 PM","Burlington","82 S Winooski Ave","Unknown","Property Damage Only","Other - Explain in Narrative","Clear","Other Public Roadway (Rest Areas, Shopping Center - anything open to public)","26BU001464","Burlington PD","9","999.99","None/Other","Day","82 S Winooski Ave","None","Heavy Truck","","VT0040100","Parking Lot","None","82 S Winooski Ave","Dry","0000","44.4779110636662,-73.21031160562127"
"8039476","","January 22, 2026 at 12:41 AM","Burlington","Plattsburg Ave","","","","","","26CC000673","Colchester PD.","","","None/Other","Night","Turf Rd","None","None","","VT0040500","","","Plattsburg Ave","","",""
"8123642","","January 22, 2026 at 7:31 AM","Burlington","Hickok Pl","HICKOK PL","Property Damage Only","Other - Explain in Narrative","Clear","Street or Town Highways in FA Urban Area","26BU001498","Burlington PD","5","999.99","None/Other","Day","Converse Ct","None","None","","VT0040100","T - Intersection","None","Hickok Pl","Dry","0000","44.48149591395556,-73.20836897974246"
"8022649","","January 22, 2026 at 10:05 AM","Burlington","S Willard St","US-7","Property Damage Only","Same Direction Sideswipe","Clear","State Highway numbered route, Class 1 TH","26BU001503","Burlington PD","11","2.329","None/Other","Day","Buell St","None","None","","VT0040100","T - Intersection","None","S Willard St","Wet","0070","44.47916897486418,-73.20564307215379"
"8123730","","January 22, 2026 at 11:07 AM","Burlington","S Williams St","S WILLIAMS ST","Property Damage Only","","","Street or Town Highways in FA Urban Area","26BU001518","Burlington PD","5","999.99","None/Other","Day","College St","None","None","","VT0040100","Four-way Intersection","","S Williams St","","0000","44.477631747213096,-73.20309328470155"
"8022356","","January 22, 2026 at 11:15 AM","Burlington","S Willard St","US-7","Property Damage Only","","","State Highway numbered route, Class 1 TH","26BU001519","Burlington PD","11","2.209","None/Other","Day","College St","None","None","","VT0040100","Four-way Intersection","","S Willard St","","0070","44.47745240304347,-73.20555825864481"
"8019912","","January 22, 2026 at 1:16 PM","Burlington","Riverside Ave","N. PROSPECT ST.","Property Damage Only","","","Federal Aid Urban System (Class 2 TH's and 3 TH's only)","26BU001528","Burlington PD","2","0.572","None/Other","Day","N Prospect St","None","None","","VT0040100","Four-way Intersection","","Riverside Ave","","U5054","44.488867154890634,-73.20238475670543"
"8019708","","January 22, 2026 at 3:09 PM","Burlington","S Prospect St","S PROSPECT ST","Property Damage Only","","","Federal Aid Urban System (Class 2 TH's and 3 TH's only)","26BU001535","Burlington PD","2","0.096","None/Other","Day","College St","None","None","","VT0040100","T - Intersection","","S Prospect St","","0000","44.477767208183124,-73.200589767095"
"8123952","","January 22, 2026 at 4:11 PM","Burlington","Austin Dr","AUSTIN DR","Property Damage Only","Same Direction Sideswipe","Freezing Precipitation","Street or Town Highways in FA Urban Area","26BU001537","Burlington PD","5","999.99","None/Other","Day","Dunder Rd","None","None","","VT0040100","T - Intersection","Road Surface Condition(wet, icy, snow, slush, etc)","Austin Dr","Snow","0000","44.45120367139735,-73.22698675825717"
"8016396","","January 22, 2026 at 7:50 PM","Burlington","South Union St","S UNION ST","Injury","Left Turn and Thru, Broadside v<--","Freezing Precipitation","Federal Aid Urban System (Class 2 TH's and 3 TH's only)","26BU001548","Burlington PD","2","1.089","None/Other","Night","Pearl St","None","Pedestrian","","VT0040100","Four-way Intersection","Road Surface Condition(wet, icy, snow, slush, etc)","South Union St","Snow","0000","44.48054420250051,-73.2093079823485"
"8017504","","January 22, 2026 at 8:50 PM","Burlington","Colchester Ave","COLCHESTER AVE","Property Damage Only","","","Federal Aid Urban System (Class 2 TH's and 3 TH's only)","26BU001550","Burlington PD","2","0.938","None/Other","Night","S Prospect St","None","None","","VT0040100","Not at a Junction","","Colchester Ave","","0000","44.48075554554687,-73.20058416722054"
"8023470","","January 23, 2026 at 7:34 AM","Burlington","Shelburne St","US-7","Injury","Rear End","Clear","State Highway numbered route, Class 1 TH","26BU001570","Burlington PD","11","0.353","None/Other","Day","Home Ave","None","None","","VT0040100","Not at a Junction","None","Shelburne St","Dry","0070","44.45098487770037,-73.20895430658126"
"8022732","","January 23, 2026 at 11:42 AM","Burlington","S Willard St","US-7","Property Damage Only","","","State Highway numbered route, Class 1 TH","26BU001586","Burlington PD","11","1.679","None/Other","Day","Cliff St","None","None","","VT0040100","Four-way Intersection","","S Willard St","","0070","44.469831963305964,-73.20502072431995"
"8032511","","January 23, 2026 at 12:27 PM","Burlington","Main St","LEDGE RD","Property Damage Only","Same Direction Sideswipe","Clear","Federal Aid Urban System (Class 2 TH's and 3 TH's only)","26BU001591","Burlington PD","2","0.235","None/Other","Day","S Prospect St","None","None","","VT0040100","Four-way Intersection","None","Main St","Dry","0000","44.46247361496826,-73.20322348552143"
"8124279","","January 23, 2026 at 4:42 PM","Burlington","Spear St","SPEAR ST","Property Damage Only","","","Federal Aid Urban System (Class 2 TH's and 3 TH's only)","26UV000593","UVM Police","2","0.754","None/Other","Day","Spear St #Jug Handle","None","None","","VT0041100","Four-way Intersection","","Spear St","","0000","44.473068988243725,-73.19135143140227"
"8040340","","January 24, 2026 at 8:50 AM","Burlington","College St","US-7","Injury","No Turns, Thru moves only, Broadside ^<","Clear","State Highway numbered route, Class 1 TH","26BU001664","Burlington PD","11","2.213","None/Other","Day","S Willard St","None","None","","VT0040100","Four-way Intersection","None","College St","Dry","0070","44.47750958525052,-73.20556205282011"
"8021928","","January 24, 2026 at 11:39 AM","Burlington","Colchester Ave","COLCHESTER AVE","Property Damage Only","","","Federal Aid Urban System (Class 2 TH's and 3 TH's only)","26BU001674","Burlington PD","2","0.305","None/Other","Day","Fletcher Pl","None","None","","VT0040100","Not at a Junction","","Colchester Ave","","0000","44.48127622242465,-73.19486966303384"
"8021636","","January 25, 2026 at 10:40 AM","Burlington","N Champlain St","N CHAMPLAIN ST","Property Damage Only","","","Federal Aid Urban System (Class 2 TH's and 3 TH's only)","26BU001729","Burlington PD","2","0.295","None/Other","Day","North St","None","None","","VT0040100","Four-way Intersection","","N Champlain St","","0000","44.48459088603169,-73.21772272484657"
"8080724","","January 25, 2026 at 12:26 PM","Burlington","Williston Rd","","","","","","26SB000879","So. Burlington PD.","","","None/Other","Day","Dorset St","None","None","","VT0040300","","","Williston Rd","","",""
"8037163","","January 25, 2026 at 7:06 PM","Burlington","431-483 Colchester Ave","COLCHESTER AVE","Property Damage Only","","","Federal Aid Urban System (Class 2 TH's and 3 TH's only)","26BU001749","Burlington PD","2","0.995","None/Other","Night","Barrett St","None","None","","VT0040100","Four-way Intersection","","431-483 Colchester Ave","","0000","44.48786040933611,-73.18674961160008"
"8030796","","January 25, 2026 at 8:24 PM","Burlington","S Union St","S UNION ST","Property Damage Only","","","Federal Aid Urban System (Class 2 TH's and 3 TH's only)","26BU001752","Burlington PD","2","0.783","None/Other","Night","Main St","None","None","","VT0040100","Four-way Intersection","","S Union St","","0000","44.47618533899676,-73.20895601844435"
"8023113","","January 26, 2026 at 5:53 AM","Burlington","245 East Ave","EAST AVE","Property Damage Only","Head On","Freezing Precipitation","Federal Aid Urban System (Class 2 TH's and 3 TH's only)","26UV000659","UVM Police","2","0.19","None/Other","Night","Firestone Medical Research Building","None","None","","VT0041100","Four-way Intersection","Road Surface Condition(wet, icy, snow, slush, etc)","245 East Ave","Snow","0000","44.4752618486092,-73.19084238377425"
"8126608","","January 26, 2026 at 6:48 AM","Burlington","Washington St","WASHINGTON ST","Property Damage Only","Right Turn and Thru, Broadside ^<--","Freezing Precipitation","Street or Town Highways in FA Urban Area","26BU001766","Burlington PD","5","999.99","None/Other","Day","North Ave","None","None","","VT0040100","T - Intersection","Road Surface Condition(wet, icy, snow, slush, etc)","Washington St","Snow","0000","44.48789765558211,-73.22507891360719"
"8017023","","January 26, 2026 at 8:02 AM","Burlington","Ethan Allen Pkwy","ETHAN ALLEN PARKWAY","Property Damage Only","Single Vehicle Crash","Freezing Precipitation","Federal Aid Urban System (Class 2 TH's and 3 TH's only)","26BU001772","Burlington PD","2","0.023","None/Other","Day","North Ave","None","None","","VT0040100","Y - Intersection","Road Surface Condition(wet, icy, snow, slush, etc)","Ethan Allen Pkwy","Dry","U5072","44.50408396615625,-73.2406112366282"
"8023547","","January 26, 2026 at 8:27 AM","Burlington","North Ave","NORTH AVE","Property Damage Only","","","Federal Aid Urban System (Class 2 TH's and 3 TH's only)","26BU001779","Burlington PD","2","1.899","None/Other","Day","Ethan Allen Pkwy","None","None","","VT0040100","Y - Intersection","","North Ave","","0000","44.50374859382907,-73.24054690846933"
"8018425","","January 26, 2026 at 8:40 AM","Burlington","North Ave","NORTH AVE","Property Damage Only","","","Federal Aid Urban System (Class 2 TH's and 3 TH's only)","26BU001780","Burlington PD","2","2.194","None/Other","Day","Cooperative Way","None","None","","VT0040100","Four-way Intersection","","North Ave","","0000","44.506726214619434,-73.2445709017799"
"8127213","","January 26, 2026 at 10:48 AM","Burlington","Pomeroy St","POMEROY ST","Property Damage Only","No Turns, Thru moves only, Broadside ^<","Freezing Precipitation","Street or Town Highways in FA Urban Area","26BU001796","Burlington PD","5","999.99","None/Other","Day","Colonial Sq","None","None","","VT0040100","T - Intersection","Road Surface Condition(wet, icy, snow, slush, etc)","Pomeroy St","Snow","0000","44.487070703397116,-73.20333238097568"
"8127337","","January 26, 2026 at 11:48 AM","Burlington","Pine St","TOWN ROAD 0008","Property Damage Only","Other - Explain in Narrative","Freezing Precipitation","Street or Town Highways in FA Urban Area","26BU001800","Burlington PD","5","999.99","None/Other","Day","Home Ave","None","Heavy Truck","","VT0040100","Four-way Intersection","None","Pine St","Snow","T0008","44.45106681647041,-73.21444632068963"
"8127877","","January 26, 2026 at 11:00 PM","Burlington","58 Cherry Ln","CHERRY LN","Property Damage Only","","","Street or Town Highways in FA Urban Area","26BU001936","Burlington PD","5","999.99","None/Other","","Bittersweet Ln","None","None","","VT0040100","Not at a Junction","","58 Cherry Ln","","0000","44.461173151976745,-73.21157884890506"
"8016823","","January 27, 2026 at 7:32 AM","Burlington","73 Birchcliff Pkwy","BIRCHCLIFF PKWY","Property Damage Only","","","Federal Aid Urban System (Class 2 TH's and 3 TH's only)","26BU001850","Burlington PD","2","0.135","None/Other","Day","Bittersweet Ln","None","None","","VT0040100","Not at a Junction","","73 Birchcliff Pkwy","","0000","44.458828959005515,-73.21204932960295"
"8128065","","January 27, 2026 at 7:51 AM","Burlington","Archibald St","TOWN ROAD 0109","Property Damage Only","","","Street or Town Highways in FA Urban Area","26BU001851","Burlington PD","5","999.99","None/Other","Day","Intervale Ave","None","None","","VT0040100","Four-way Intersection","","Archibald St","","T0109","44.487840233940496,-73.21131212491663"
"8023611","","January 27, 2026 at 8:24 AM","Burlington","60 Battery St","BATTERY ST","Property Damage Only","","","Federal Aid Urban System (Class 2 TH's and 3 TH's only)","26BU001857","Burlington PD","2","0.407","None/Other","Day","60 Battery St","None","None","","VT0040100","Not at a Junction","","60 Battery St","","0000","44.478235135125864,-73.2188668930443"
"8030550","","January 27, 2026 at 10:52 AM","Burlington","Pine St","PINE ST","Property Damage Only","","","Federal Aid Urban System (Class 2 TH's and 3 TH's only)","26BU001869","Burlington PD","2","0.009","None/Other","Day","Flynn Ave","None","None","","VT0040100","Four-way Intersection","","Pine St","","0000","44.45557265668212,-73.21419290372475"
"8024702","","January 27, 2026 at 11:01 AM","Burlington","North St","NORTH ST.","Property Damage Only","No Turns, Thru moves only, Broadside ^<","Clear","Federal Aid Urban System (Class 2 TH's and 3 TH's only)","26BU001870","Burlington PD","2","0.231","None/Other","Day","N Champlain St","None","None","","VT0040100","Four-way Intersection","Road Surface Condition(wet, icy, snow, slush, etc)","North St","Ice","U5032","44.484605928547346,-73.21770313343913"
"8128073","","January 27, 2026 at 11:37 AM","Burlington","Home Ave","HOME AVE","Property Damage Only","","","Street or Town Highways in FA Urban Area","26BU001872","Burlington PD","5","999.99","None/Other","Day","Raymond Pl","None","None","","VT0040100","Four-way Intersection","","Home Ave","","0000","44.450950174843776,-73.21294980133983"
"8025078","","January 27, 2026 at 2:44 PM","Burlington","501 Shelburne St","US-7","Property Damage Only","","","State Highway numbered route, Class 1 TH","26BU001881","Burlington PD","11","0.381","None/Other","Day","Scarff Ave","None","None","","VT0040100","Not at a Junction","","501 Shelburne St","","0070","44.45138158477312,-73.20891910745475"
"8028855","","January 27, 2026 at 5:25 PM","Burlington","Saint Paul St","SAINT PAUL ST","Property Damage Only","Head On","Freezing Precipitation","Federal Aid Urban System (Class 2 TH's and 3 TH's only)","26BU001888","Burlington PD","2","0.369","None/Other","Night","Adams St","None","None","","VT0040100","T - Intersection","Road Surface Condition(wet, icy, snow, slush, etc)","Saint Paul St","Snow","0000","44.47181437417467,-73.21368036567688"
"8127830","","January 27, 2026 at 6:30 PM","Burlington","72 Adams St","ADAMS ST","Property Damage Only","","","Street or Town Highways in FA Urban Area","26BU001896","Burlington PD","5","999.99","None/Other","Night","S Winooski Ave","None","None","","VT0040100","Not at a Junction","","72 Adams St","","0000","44.47220207966511,-73.21084563542998"
"8129131","","January 27, 2026 at 11:00 PM","Burlington","Beaumont Ave","CARRIGAN DR","Property Damage Only","","","Other Public Roadway (Rest Areas, Shopping Center - anything open to public)","26BU002053","Burlington PD","9","999.99","None/Other","Night","Carrigan Dr","None","None","","VT0040100","Other - Explain in Narrative","","Beaumont Ave","","0000","44.47564345462206,-73.19268729739963"
"8023046","","January 28, 2026 at 8:30 AM","Burlington","Main St","US-2","Property Damage Only","","","State Highway numbered route, Class 1 TH","26BU001917","Burlington PD","11","0.152","None/Other","Day","Summit St","None","None","","VT0040100","T - Intersection","","Main St","","0020","44.47628998081839,-73.20238387798193"
"8128968","","January 28, 2026 at 9:35 AM","Burlington","133 S Prospect St","Unknown","Property Damage Only","","","Other Public Roadway (Rest Areas, Shopping Center - anything open to public)","26BU001925","Burlington PD","9","999.99","None/Other","Day","Main St","None","None","","VT0040100","Parking Lot","","133 S Prospect St","","0000","44.47666046149313,-73.20152302019592"
"8128604","","January 28, 2026 at 11:54 AM","Burlington","Flynn Ave","TOWN ROAD 0201","Property Damage Only","Rear End","Clear","Street or Town Highways in FA Urban Area","26BU001932","Burlington PD","5","999.99","None/Other","Day","Lake Forest Dr","None","None","","VT0040100","Not at a Junction","Road Surface Condition(wet, icy, snow, slush, etc)","Flynn Ave","Snow","T0201","44.45575259375843,-73.22064767737899"
"8129190","","January 28, 2026 at 12:20 PM","Burlington","Lakeside Ave","LAKESIDE AVE","Property Damage Only","","","Other Public Roadway (Rest Areas, Shopping Center - anything open to public)","26BU001994","Burlington PD","9","999.99","None/Other","Day","Champlain Parkway","None","None","","VT0040100","Other - Explain in Narrative","","Lakeside Ave","","0000","44.46129486512862,-73.21658161985455"
"8128865","","January 28, 2026 at 2:10 PM","Burlington","Home Ave","HOME AVE","Property Damage Only","","","Street or Town Highways in FA Urban Area","26BU001938","Burlington PD","5","999.99","None/Other","Day","Pine St","None","None","","VT0040100","Four-way Intersection","","Home Ave","","0000","44.45074843408251,-73.20921589843017"
"8128697","","January 28, 2026 at 4:47 PM","Burlington","1 North Ave","Unknown","Property Damage Only","No Turns, Thru moves only, Broadside ^<","Clear","Other Public Roadway (Rest Areas, Shopping Center - anything open to public)","26BU001952","Burlington PD","9","999.99","None/Other","Day","Burlington PD Parking Lot","None","None","","VT0040100","Parking Lot","None","1 North Ave","Snow","0000","44.48268338984405,-73.2213814043109"
"8024848","","January 28, 2026 at 8:31 PM","Burlington","VT Rt 127","VT ROUTE 127","Property Damage Only","","","Federal Aid Urban System (Class 2 TH's and 3 TH's only)","26BU001969","Burlington PD","2","3.192","None/Other","Night","Plattsburg Ave","None","None","","VT0040100","Not at a Junction","","VT Rt 127","","0000","44.52187910646246,-73.25359165427187"
"8024497","","January 29, 2026 at 8:05 AM","Burlington","Riverside Ave","US-7","Property Damage Only","","","State Highway numbered route, Class 1 TH","26BU001987","Burlington PD","11","4.135","None/Other","Day","Colchester Ave","None","None","","VT0040100","Y - Intersection","","Riverside Ave","","0070","44.48843715611065,-73.18671072955163"
"8129484","","January 29, 2026 at 1:04 PM","Burlington","9 Catamount Way","Unknown","Property Damage Only","Other - Explain in Narrative","Freezing Precipitation","Other Public Roadway (Rest Areas, Shopping Center - anything open to public)","26UV000755","UVM Police","9","999.99","None/Other","Day","Parking Garage Outside Ground Level","None","None","","VT0041100","Parking Lot","None","9 Catamount Way","Wet","0000","44.46955898897782,-73.19303143234461"
"8129397","","January 29, 2026 at 1:12 PM","Burlington","22 Archibald St","TOWN ROAD 0109","Property Damage Only","","","Street or Town Highways in FA Urban Area","26BU002221","Burlington PD","5","999.99","None/Other","Day","","None","None","","VT0040100","Not at a Junction","","22 Archibald St","","T0109","44.48775562105018,-73.21333514705387"
"8129923","","January 29, 2026 at 2:14 PM","Burlington","332 Ethan Allen Pkwy","Unknown","Property Damage Only","","","Other Public Roadway (Rest Areas, Shopping Center - anything open to public)","26BU002015","Burlington PD","9","999.99","None/Other","Day","Ethan Allen Pkwy","None","None","","VT0040100","Parking Lot","","332 Ethan Allen Pkwy","","0000","44.51342369695337,-73.24271425216463"
"8063730","","January 29, 2026 at 3:34 PM","Burlington","901 North Ave","NORTH AVE","Property Damage Only","","","Federal Aid Urban System (Class 2 TH's and 3 TH's only)","26BU002027","Burlington PD","2","1.663","None/Other","Day","","Alcohol","None","","VT0040100","Not at a Junction","","901 North Ave","","0000","44.50139944304238,-73.23734742619851"
"8130032","","January 30, 2026 at 1:37 AM","Burlington","135 Loomis St","LOOMIS ST","Property Damage Only","No Turns, Thru moves only, Broadside ^<","Freezing Precipitation","Street or Town Highways in FA Urban Area","26BU002048","Burlington PD","5","999.99","None/Other","Night","Weston St","None","None","","VT0040100","Not at a Junction","None","135 Loomis St","Slush","0000","44.48331371853241,-73.2040163432267"
"8022923","","January 30, 2026 at 12:39 PM","Burlington","N Prospect St","N PROSPECT ST","Property Damage Only","No Turns, Thru moves only, Broadside ^<","Freezing Precipitation","Federal Aid Urban System (Class 2 TH's and 3 TH's only)","26BU002068","Burlington PD","2","0.186","None/Other","Day","Loomis St","None","None","","VT0040100","Four-way Intersection","None","N Prospect St","Snow","0000","44.4834035722543,-73.20123853683137"
"8024110","","January 30, 2026 at 4:35 PM","Burlington","North St","NORTH ST.","Property Damage Only","","","Federal Aid Urban System (Class 2 TH's and 3 TH's only)","26BU002090","Burlington PD","2","0.326","None/Other","Day","Murray St","None","None","","VT0040100","Not at a Junction","","North St","","U5032","44.484671953882525,-73.21578684355637"
"8029107","","January 30, 2026 at 8:51 PM","Burlington","Beltline","VT. 127 BELTLINE","Property Damage Only","Other - Explain in Narrative","Clear","Federal Aid Urban System (Class 2 TH's and 3 TH's only)","26BU002096","Burlington PD","2","0.827","None/Other","Night","Ethan Allen Bridge","Alcohol","None","","VT0040100","Not at a Junction","Unknown","Beltline","Other - Explain in Narrative","U5009","44.497584649720196,-73.22796136110564"
"8028774","","February 1, 2026 at 2:00 AM","Burlington","N Champlain St","N CHAMPLAIN ST","Injury","Rear End","Clear","Federal Aid Urban System (Class 2 TH's and 3 TH's only)","26BU002171","Burlington PD","2","0.066","None/Other","Night","Monroe St","None","None","","VT0040100","Not at a Junction","Road Surface Condition(wet, icy, snow, slush, etc)","N Champlain St","Snow","0000","44.48126398230705,-73.21748008982973"
"8022255","","February 1, 2026 at 2:35 AM","Burlington","Main St","US-2","Property Damage Only","","","State Highway numbered route, Class 1 TH","26UV000830","UVM Police","11","0.31","None/Other","Night","UNIVERSITY PL","None","None","","VT0041100","T - Intersection","","Main St","","0020","44.47639672986912,-73.19914395356291"
"8040930","","February 1, 2026 at 4:59 PM","Burlington","S Willard St","S WILLARD ST","Injury","Head On","Clear","Federal Aid Urban System (Class 2 TH's and 3 TH's only)","26BU002201","Burlington PD","2","0.671","None/Other","Day","College St","None","None","","VT0040100","Four-way Intersection","None","S Willard St","Dry","0000","44.47748864292075,-73.20553979393104"