"ObjectID","Mapped","Crash Date","City/Town","Address","AOT Route","Crash Type","Collision Direction","Weather","Road Group","Report Number","Reporting Agency","Road Group ID","AOT Actual Milepoint","Animal","Time of Day","Intersection With","Impairment","Involving","Non Reportable Address","Reporting Agency ID","Road Characteristics","Road Condition","Street Address","Surface Condition","AOT Route ID","Coordinates"
"8132104","","February 1, 2026 at 11:00 PM","Burlington","220 Riverside Ave","Unknown","Property Damage Only","","","Other Public Roadway (Rest Areas, Shopping Center - anything open to public)","26BU002261","Burlington PD","9","999.99","None/Other","","Parking Lot","None","None","","VT0040100","Parking Lot","","220 Riverside Ave","","0000","44.486008705433235,-73.19155281902918"
"8030772","","February 2, 2026 at 9:18 AM","Burlington","435 Saint Paul St","SAINT PAUL ST","Property Damage Only","","","Federal Aid Urban System (Class 2 TH's and 3 TH's only)","26BU002228","Burlington PD","2","0.082","None/Other","Day","Howard St","None","None","","VT0040100","Not at a Junction","","435 Saint Paul St","","0000","44.46829010323601,-73.21062184317073"
"8046441","","February 2, 2026 at 1:15 PM","Burlington","Maple St","MAPLE ST","Property Damage Only","No Turns, Thru moves only, Broadside ^<","","Federal Aid Urban System (Class 2 TH's and 3 TH's only)","26BU002252","Burlington PD","2","0.15","None/Other","Day","Pine St","None","None","","VT0040100","Four-way Intersection","None","Maple St","Slush","0000","44.47359354205589,-73.21542054102088"
"8132015","","February 2, 2026 at 1:39 PM","Burlington","111 Colchester Ave","Unknown","Property Damage Only","","","Other Public Roadway (Rest Areas, Shopping Center - anything open to public)","26BU002256","Burlington PD","9","999.99","None/Other","Day","","None","Heavy Truck","","VT0040100","Other - Explain in Narrative","","111 Colchester Ave","","0000","44.4789233702143,-73.19349286412971"
"8132677","","February 2, 2026 at 2:35 PM","Burlington","595 Shelburne St","SHELBURNE RD SHOPPING PLAZA","Property Damage Only","","","Other Public Roadway (Rest Areas, Shopping Center - anything open to public)","26BU002259","Burlington PD","9","999.99","None/Other","Day","595 Shelburne St","None","None","","VT0040100","Parking Lot","","595 Shelburne St","","0000","44.44972225558414,-73.2092537340799"
"8132512","","February 2, 2026 at 4:51 PM","Burlington","Shore Rd","SHORE RD","Property Damage Only","","","Street or Town Highways in FA Urban Area","26BU002270","Burlington PD","5","999.99","None/Other","Day","Fern St","None","None","","VT0040100","Four-way Intersection","","Shore Rd","","0000","44.5082171444378,-73.2517155247496"
"8133034","","February 3, 2026 at 8:04 AM","Burlington","Shore Rd","SHORE RD","Property Damage Only","Opp Direction Sideswipe","Clear","Street or Town Highways in FA Urban Area","26BU002307","Burlington PD","5","999.99","None/Other","Day","Fern St","None","None","","VT0040100","Four-way Intersection","Road Surface Condition(wet, icy, snow, slush, etc)","Shore Rd","Ice","0000","44.50849891595443,-73.25129155572081"
"8132889","","February 3, 2026 at 8:39 AM","Burlington","75 Front St","FRONT ST","Property Damage Only","Rear End","Clear","Street or Town Highways in FA Urban Area","26BU002309","Burlington PD","5","999.99","None/Other","Day","North St","None","None","","VT0040100","Not at a Junction","Road Surface Condition(wet, icy, snow, slush, etc)","75 Front St","Ice","0000","44.48405604076479,-73.22063149311667"
"8024725","","February 4, 2026 at 12:41 PM","Burlington","730-740 Shelburne Rd","US-7","Property Damage Only","","","State Highway numbered route, Class 1 TH","26SB001309","So. Burlington PD.","11","0.005","None/Other","Day","Shelburne Rd","None","None","","VT0040300","T - Intersection","","730-740 Shelburne Rd","","0070","44.44599737482262,-73.20940945294107"
"8063076","","February 4, 2026 at 2:59 PM","Burlington","N Winooski Ave","ALTERNATE US-7","Injury","Rear End","Clear","State Highway numbered route, Class 1 TH","26BU002395","Burlington PD","11","1.771","None/Other","Day","Archibald St","None","None","","VT0040100","Not at a Junction","None","N Winooski Ave","Wet","9993","44.48784032934332,-73.2079922109046"
"8134902","","February 5, 2026 at 10:30 AM","Burlington","109 South Prospect Street","Unknown","Property Damage Only","Head On","Clear","Other Public Roadway (Rest Areas, Shopping Center - anything open to public)","26UV000914","UVM Police","9","999.99","None/Other","Day","109 South Prospect Street Burlington, VT","None","None","","VT0041100","Parking Lot","None","109 South Prospect Street","Dry","0000","44.47732898908424,-73.20124143501079"
"8028991","","February 5, 2026 at 4:50 PM","Burlington","431-483 Colchester Ave","COLCHESTER AVE","Property Damage Only","","","Federal Aid Urban System (Class 2 TH's and 3 TH's only)","26BU002470","Burlington PD","2","0.972","None/Other","Day","Barrett St","None","None","","VT0040100","Not at a Junction","","431-483 Colchester Ave","","0000","44.48754517027564,-73.18680848627174"
"8029796","","February 6, 2026 at 7:11 AM","Burlington","Battery St","BATTERY ST","Property Damage Only","Same Direction Sideswipe","Clear","Federal Aid Urban System (Class 2 TH's and 3 TH's only)","26BU002502","Burlington PD","2","0.475","None/Other","Day","Cherry St","None","None","","VT0040100","Not at a Junction","None","Battery St","Dry","0000","44.47919904330485,-73.2189397341652"
"8032853","","February 6, 2026 at 11:00 PM","Burlington","230 Saint Paul St","SAINT PAUL ST","Property Damage Only","","","Federal Aid Urban System (Class 2 TH's and 3 TH's only)","26BU002686","Burlington PD","2","0.431","None/Other","Night","Maple St","None","None","","VT0040100","Not at a Junction","","230 Saint Paul St","","0000","44.47271059802226,-73.2137759433545"
"8029002","","February 7, 2026 at 12:26 PM","Burlington","Main St","US-2","Property Damage Only","","","State Highway numbered route, Class 1 TH","26BU002601","Burlington PD","11","0.439","None/Other","Day","University Ter","None","None","","VT0040100","T - Intersection","","Main St","","0020","44.475517071821606,-73.19681764147172"
"8029654","","February 7, 2026 at 1:38 PM","Burlington","Cherry St","CHURCH ST","Property Damage Only","","","Federal Aid Urban System (Class 2 TH's and 3 TH's only)","26BU002604","Burlington PD","2","0.321","None/Other","Day","Church St","None","None","","VT0040100","Not at a Junction","","Cherry St","","0000","44.480447554733935,-73.21277357262609"
"8029531","","February 7, 2026 at 6:23 PM","Burlington","42 Park St","PARK ST","Property Damage Only","","","Federal Aid Urban System (Class 2 TH's and 3 TH's only)","26BU002615","Burlington PD","2","0.086","None/Other","Night","Sherman St","None","None","","VT0040100","Not at a Junction","","42 Park St","","0000","44.481663300317265,-73.21911636702698"
"8029180","","February 9, 2026 at 2:01 PM","Burlington","Locust St","LOCUST ST","Property Damage Only","Rear End","Freezing Precipitation","Federal Aid Urban System (Class 2 TH's and 3 TH's only)","26BU002709","Burlington PD","2","0.006","None/Other","Day","Pine St","None","None","","VT0040100","T - Intersection","Road Surface Condition(wet, icy, snow, slush, etc)","Locust St","Slush","0000","44.46292134282199,-73.21456920585298"
"8033495","","February 10, 2026 at 9:29 AM","Burlington","555 Shelburne St","US-7","Property Damage Only","","","State Highway numbered route, Class 1 TH","26BU002747","Burlington PD","11","0.158","None/Other","Day","Home Ave","None","None","","VT0040100","Not at a Junction","","555 Shelburne St","","0070","44.4482213040582,-73.20923308254862"
"8049525","","February 10, 2026 at 11:49 PM","Burlington","Main St","US-2","Property Damage Only","Head On","Freezing Precipitation","State Highway numbered route, Class 1 TH","26BU002789","Burlington PD","11","0.303","None/Other","Night","University Pl","None","None","","VT0040100","Not at a Junction","Road Surface Condition(wet, icy, snow, slush, etc)","Main St","Snow","0020","44.47640299343944,-73.19928742644855"
"8138631","","February 11, 2026 at 6:00 AM","Burlington","41 Cherry St","CHERRY ST","Property Damage Only","No Turns, Thru moves only, Broadside ^<","Freezing Precipitation","Street or Town Highways in FA Urban Area","26BU003302","Burlington PD","5","999.99","None/Other","Day","S Winooski Ave","None","None","","VT0040100","Not at a Junction","Road Surface Condition(wet, icy, snow, slush, etc)","41 Cherry St","Snow","0000","44.47934116484039,-73.21188762880388"
"8138298","","February 11, 2026 at 1:48 PM","Burlington","Flynn Ave","TOWN ROAD 0201","Injury","No Turns, Thru moves only, Broadside ^<","Clear","Street or Town Highways in FA Urban Area","26BU002825","Burlington PD","5","999.99","None/Other","Day","Pine St","None","None","","VT0040100","Four-way Intersection","None","Flynn Ave","Dry","T0201","44.455450653184684,-73.21427360615691"
"8033666","","February 11, 2026 at 4:45 PM","Burlington","80 Colchester Ave","COLCHESTER AVE","Property Damage Only","","","Federal Aid Urban System (Class 2 TH's and 3 TH's only)","26BU002836","Burlington PD","2","0.19","None/Other","Day","UVMMC","None","None","","VT0040100","Not at a Junction","","80 Colchester Ave","","0000","44.48070187485612,-73.196897725907"
"8038098","","February 11, 2026 at 5:05 PM","Burlington","24 East Ave","EAST AVE.","Property Damage Only","","","Federal Aid Urban System (Class 2 TH's and 3 TH's only)","26BU002838","Burlington PD","2","0.63","None/Other","Night","Colchester Ave","None","None","","VT0040100","Not at a Junction","","24 East Ave","","U5016","44.481641611669765,-73.19250283612693"
"8139583","","February 12, 2026 at 10:25 AM","Burlington","30 University Hgts","Unknown","Property Damage Only","Head On","Clear","Other Public Roadway (Rest Areas, Shopping Center - anything open to public)","26UV001129","UVM Police","9","999.99","None/Other","Day","University Hights North Builing","None","None","","VT0041100","Parking Lot","None","30 University Hgts","Slush","0000","44.47367670432582,-73.19644721575162"
"8037989","","February 12, 2026 at 1:28 PM","Burlington","North St","US-7","Property Damage Only","","","State Highway numbered route, Class 1 TH","26BU002898","Burlington PD","11","2.71","None/Other","Day","N Willard St","None","None","","VT0040100","Not at a Junction","","North St","","0070","44.48476229348192,-73.20590711139556"
"8139677","","February 12, 2026 at 1:37 PM","Burlington","East Ave","EAST AVE.","Property Damage Only","Left Turn and Thru, Angle Broadside -->v--","Clear","Federal Aid Urban System (Class 2 TH's and 3 TH's only)","26BU002897","Burlington PD","2","999.99","None/Other","Day","Main St","None","None","","VT0040100","Four-way Intersection","","East Ave","Dry","U5016","44.473104631062824,-73.19136269852763"
"8039006","","February 13, 2026 at 11:06 AM","Burlington","Flynn Ave","FLYNN AVE.","Property Damage Only","","","Federal Aid Urban System (Class 2 TH's and 3 TH's only)","26BU002956","Burlington PD","2","0.003","None/Other","Day","Pine St","None","None","","VT0040100","Four-way Intersection","","Flynn Ave","","U5017","44.455436818825696,-73.21412481157178"
"8139844","","February 13, 2026 at 12:48 PM","Burlington","750 Pine St","Unknown","Property Damage Only","","","Other Public Roadway (Rest Areas, Shopping Center - anything open to public)","26BU002959","Burlington PD","9","999.99","None/Other","Day","Parking Lot","None","None","","VT0040100","Parking Lot","","750 Pine St","","0000","44.45885848460331,-73.21330990992293"
"8139072","","February 13, 2026 at 2:38 PM","Burlington","595 Shelburne St","Unknown","Property Damage Only","","","Other Public Roadway (Rest Areas, Shopping Center - anything open to public)","26BU002967","Burlington PD","9","999.99","None/Other","Day","595 Shelburne St","None","None","","VT0040100","Parking Lot","","595 Shelburne St","","0000","44.44895126604507,-73.21022434978394"
"8095313","","February 14, 2026 at 6:39 PM","Burlington","165 N Champlain St","N CHAMPLAIN ST","Property Damage Only","","","Federal Aid Urban System (Class 2 TH's and 3 TH's only)","26BU003042","Burlington PD","2","0.347","None/Other","Night","Myrtle St","None","None","","VT0040100","Not at a Junction","","165 N Champlain St","","0000","44.48534570343572,-73.21779436521633"
"8038573","","February 14, 2026 at 9:43 PM","Burlington","Pearl St","US-7","Property Damage Only","","","State Highway numbered route, Class 1 TH","26BU003054","Burlington PD","11","2.435","None/Other","Night","N Willard St","None","None","","VT0040100","Four-way Intersection","","Pearl St","","0070","44.4806864787114,-73.20571891368435"
"8036983","","February 15, 2026 at 2:41 AM","Burlington","Colchester Ave","US-7","Property Damage Only","","","State Highway numbered route, Class 1 TH","26BU003075","Burlington PD","11","4.137","None/Other","Night","Mill St","None","None","","VT0040100","Not at a Junction","","Colchester Ave","","0070","44.48843948790365,-73.18667020667208"
"8038687","","February 15, 2026 at 8:03 AM","Burlington","Main St","MAIN ST.","Property Damage Only","","","Federal Aid Urban System (Class 2 TH's and 3 TH's only)","26BU003083","Burlington PD","2","0.704","None/Other","Day","S Willard St","None","None","","VT0040100","Not at a Junction","","Main St","","U5022","44.47618784389813,-73.205759600008"
"8067278","","February 15, 2026 at 6:05 PM","Burlington","Main St","US-2","Injury","Rear End","Clear","State Highway numbered route, Class 1 TH","26BU003118","Burlington PD","11","0.225","None/Other","Night","S Prospect St","Alcohol","None","","VT0040100","Four-way Intersection","None","Main St","Dry","0020","44.47634983329081,-73.20088705700626"
"8142200","","February 15, 2026 at 11:00 PM","Burlington","47 S Williams St","S WILLIAMS ST","Property Damage Only","","","Street or Town Highways in FA Urban Area","26BU003181","Burlington PD","5","999.99","None/Other","Night","Pearl St","None","None","","VT0040100","Not at a Junction","","47 S Williams St","","0000","44.48008718004395,-73.2033238954142"
"8038395","","February 16, 2026 at 1:54 PM","Burlington","College St","COLLEGE ST","Property Damage Only","","","Federal Aid Urban System (Class 2 TH's and 3 TH's only)","26BU003149","Burlington PD","2","0.795","None/Other","Day","S Williams","None","None","","VT0040100","Four-way Intersection","","College St","","0000","44.47762068020154,-73.20307486111528"
"8039527","","February 17, 2026 at 11:48 AM","Burlington","S Willard St","US-7","Property Damage Only","","","State Highway numbered route, Class 1 TH","26BU003193","Burlington PD","11","2.21","None/Other","Day","College St","None","None","","VT0040100","Four-way Intersection","","S Willard St","","0070","44.47746671285491,-73.2055588337107"
"8132421","","February 18, 2026 at 7:39 AM","Burlington","Main St","","","","","","26BU003239","Burlington PD","","","None/Other","Day","St Paul St","None","None","","VT0040100","","","Main St","","",""
"8144900","","February 19, 2026 at 7:09 AM","Burlington","Washington St","WASHINGTON ST","Property Damage Only","","","Street or Town Highways in FA Urban Area","26BU003292","Burlington PD","5","999.99","None/Other","Day","Manhattan St","None","None","","VT0040100","Not at a Junction","","Washington St","","0000","44.48836281197725,-73.22410407048929"
"8040530","","February 19, 2026 at 1:45 PM","Burlington","East Ave","EAST AVE","Property Damage Only","","","Ramp or Spur","26BU003311","Burlington PD","7","0.028","None/Other","Day","Main St","None","None","","VT0040100","Four-way Intersection","","East Ave","","0000","44.472913846978784,-73.19018781934338"
"8144263","","February 20, 2026 at 10:44 AM","Burlington","669 Riverside Ave","Unknown","Property Damage Only","","","Other Public Roadway (Rest Areas, Shopping Center - anything open to public)","26BU003377","Burlington PD","9","999.99","None/Other","Day","Parking Lot","None","None","","VT0040100","Parking Lot","","669 Riverside Ave","","0000","44.48980591351271,-73.20780323311784"
"8048171","","February 20, 2026 at 3:31 PM","Burlington","249 Saint Paul St","SAINT PAUL ST","Property Damage Only","","","Federal Aid Urban System (Class 2 TH's and 3 TH's only)","26BU003394","Burlington PD","2","0.403","None/Other","Day","249 Saint Paul St","None","None","","VT0040100","Not at a Junction","","249 Saint Paul St","","0000","44.47230461551678,-73.21375066923328"
"8071615","","February 20, 2026 at 4:05 PM","Burlington","Maple St","MAPLE ST","Property Damage Only","","","Federal Aid Urban System (Class 2 TH's and 3 TH's only)","26BU003398","Burlington PD","2","0.614","None/Other","Day","S Willard St","None","None","","VT0040100","Not at a Junction","","Maple St","","0000","44.47393095740014,-73.20587274330946"
"8144635","","February 20, 2026 at 4:18 PM","Burlington","76 Hardy Ave","HARDY AVE","Property Damage Only","","","Street or Town Highways in FA Urban Area","26BU003401","Burlington PD","5","999.99","None/Other","Day","Derway Dr","None","None","","VT0040100","Not at a Junction","","76 Hardy Ave","","0000","44.52445322613901,-73.26777463586097"
"8040847","","February 20, 2026 at 5:22 PM","Burlington","509 Main St","US-2","Property Damage Only","","","State Highway numbered route, Class 1 TH","26BU003405","Burlington PD","11","0.317","None/Other","Night","509 Main St","None","None","","VT0040100","Not at a Junction","","509 Main St","","0020","44.47638472949855,-73.1990013117093"
"8041256","","February 20, 2026 at 5:28 PM","Burlington","College St","COLLEGE ST","Property Damage Only","","","Federal Aid Urban System (Class 2 TH's and 3 TH's only)","26BU003407","Burlington PD","2","0.003","None/Other","Night","Battery St","None","None","","VT0040100","Four-way Intersection","","College St","","0000","44.47687637131373,-73.21870709727536"
"8043953","","February 20, 2026 at 8:46 PM","Burlington","82 Shelburne St","US-7","Property Damage Only","","","State Highway numbered route, Class 1 TH","26BU003417","Burlington PD","11","1.184","None/Other","Night","82 Shelburne St","None","None","","VT0040100","Traffic circle / roundabout","","82 Shelburne St","","0070","44.46276520473349,-73.20784613703746"
"8041620","","February 21, 2026 at 5:50 AM","Burlington","Shelburne St","US-7","Property Damage Only","","","State Highway numbered route, Class 1 TH","26BU003435","Burlington PD","11","1.036","None/Other","Night","Hoover St","None","None","","VT0040100","T - Intersection","","Shelburne St","","0070","44.46066070116292,-73.20808255816674"
"8144906","","February 21, 2026 at 1:29 PM","Burlington","131 Catamount Way","CATAMOUNT WAY","Property Damage Only","","","Other Public Roadway (Rest Areas, Shopping Center - anything open to public)","26UV001357","UVM Police","9","999.99","None/Other","Day","","None","None","","VT0041100","Parking Lot","","131 Catamount Way","","0000","44.47073898877045,-73.19454143127598"
"8063304","","February 21, 2026 at 4:59 PM","Burlington","360 Main St","US-2","Property Damage Only","Rear End","Clear","State Highway numbered route, Class 1 TH","26BU003457","Burlington PD","11","0.007","None/Other","Day","S Willard St","None","None","","VT0040100","Four-way Intersection","None","360 Main St","Dry","0020","44.476197250344654,-73.20535888557396"
"8041197","","February 21, 2026 at 6:05 PM","Burlington","Route 127 - Beltline","VT ROUTE 127","Property Damage Only","","","Federal Aid Urban System (Class 2 TH's and 3 TH's only)","26BU003463","Burlington PD","2","0.002","None/Other","Night","Manhattan Dr","None","None","","VT0040100","T - Intersection","","Route 127 - Beltline","","0000","44.48752529604653,-73.21943730298636"
"8041498","","February 21, 2026 at 7:25 PM","Burlington","S Willard St","US-7","Property Damage Only","","","State Highway numbered route, Class 1 TH","26BU003468","Burlington PD","11","1.676","None/Other","Night","Cliff St","None","None","","VT0040100","Four-way Intersection","","S Willard St","","0070","44.46978877257725,-73.20501780861007"
"8144881","","February 21, 2026 at 8:01 PM","Burlington","Shelburne St","US-7","Property Damage Only","","","State Highway numbered route, Class 1 TH","26BU003470","Burlington PD","11","0.349","None/Other","Night","Locust St","None","None","","VT0040100","Traffic circle / roundabout","","Shelburne St","","0070","44.46335590044758,-73.20789824546486"
"8040492","","February 21, 2026 at 8:56 PM","Burlington","Rt 127","MANHATTAN DR","Property Damage Only","","","Federal Aid Urban System (Class 2 TH's and 3 TH's only)","26BU003473","Burlington PD","2","0.008","None/Other","Night","Manhattan Dr","None","None","","VT0040100","On Ramp","","Rt 127","","0000","44.48749907475275,-73.21926861041945"
"8041602","","February 21, 2026 at 9:44 PM","Burlington","Rt 127","VT ROUTE 127","Property Damage Only","","","Federal Aid Urban System (Class 2 TH's and 3 TH's only)","26BU003476","Burlington PD","2","0.009","None/Other","Night","Rt 127","None","None","","VT0040100","Four-way Intersection","","Rt 127","","0000","44.48762597536894,-73.21944520752206"
"8043301","","February 22, 2026 at 9:04 AM","Burlington","377 Pine St","PINE ST","Property Damage Only","","","Federal Aid Urban System (Class 2 TH's and 3 TH's only)","26BU003492","Burlington PD","2","0.929","None/Other","Day","","None","None","","VT0040100","Not at a Junction","","377 Pine St","","0000","44.468949905033185,-73.21510701910121"
"8145810","","February 22, 2026 at 10:38 AM","Burlington","266 Queen City Park Rd","QUEEN CITY PARK RD","Property Damage Only","Same Direction Sideswipe","Clear","Street or Town Highways in FA Urban Area","26BU003495","Burlington PD","5","999.99","None/Other","Day","266 Queen City Park Rd","None","None","","VT0040100","Not at a Junction","Road Surface Condition(wet, icy, snow, slush, etc)","266 Queen City Park Rd","Snow","0000","44.44648540944085,-73.22028246605802"
"8040728","","February 22, 2026 at 9:31 PM","Burlington","S Prospect St","S PROSPECT ST","Property Damage Only","","","Federal Aid Urban System (Class 2 TH's and 3 TH's only)","26BU003517","Burlington PD","2","0.276","None/Other","Night","Pearl St","None","None","","VT0040100","Four-way Intersection","","S Prospect St","","0000","44.48040144288429,-73.20054324824598"
"8048126","","February 23, 2026 at 10:03 AM","Burlington","1127 North Ave","NORTH AVE","Injury","Left Turn and Thru, Angle Broadside -->v--","Clear","Federal Aid Urban System (Class 2 TH's and 3 TH's only)","26BU003540","Burlington PD","2","2.198","None/Other","Day","Cooperative Way","None","None","","VT0040100","Four-way Intersection","None","1127 North Ave","Dry","0000","44.50676598237107,-73.24462522668588"
"8048805","","February 23, 2026 at 12:57 PM","Burlington","616 S Willard St","US-7","Property Damage Only","","","State Highway numbered route, Class 1 TH","26BU003555","Burlington PD","11","1.238","None/Other","Day","616 S Willard St","None","None","","VT0040100","Traffic circle / roundabout","","616 S Willard St","","0070","44.46369475317699,-73.20738515522535"
"8068365","","February 24, 2026 at 4:54 PM","Burlington","195 N Prospect St","N PROSPECT ST","Property Damage Only","","","Federal Aid Urban System (Class 2 TH's and 3 TH's only)","26BU003643","Burlington PD","2","0.396","None/Other","Day","Ohavi Zedek Synagogue","None","None","","VT0040100","Not at a Junction","","195 N Prospect St","","0000","44.486384117732214,-73.20178997764113"
"8147052","","February 24, 2026 at 6:23 PM","Burlington","230 Colchester Ave","Unknown","Property Damage Only","Same Direction Sideswipe","Clear","Other Public Roadway (Rest Areas, Shopping Center - anything open to public)","26UV001438","UVM Police","9","999.99","None/Other","Night","Mercy Hall Parking Lot","None","None","","VT0041100","Parking Lot","None","230 Colchester Ave","Dry","0000","44.484070611687486,-73.19208304283528"
"8148479","","February 25, 2026 at 6:50 AM","Burlington","438 S Prospect","Unknown","Property Damage Only","Rear End","Clear","Other Public Roadway (Rest Areas, Shopping Center - anything open to public)","26UV001446","UVM Police","9","999.99","None/Other","Day","Simpson Loading Dock","None","Heavy Truck","","VT0041100","Parking Lot","None","438 S Prospect","Dry","0000","44.46805423174795,-73.19756169904441"
"8046297","","February 25, 2026 at 7:34 AM","Burlington","Colchester Ave","COLCHESTER AVE","Property Damage Only","","","Federal Aid Urban System (Class 2 TH's and 3 TH's only)","26BU003638","Burlington PD","2","0.162","None/Other","Day","Mansfield Ave","None","None","","VT0040100","Not at a Junction","","Colchester Ave","","0000","44.48068119157135,-73.19743792662447"
"8149071","","February 26, 2026 at 12:06 PM","Burlington","49 Ave C","AVENUE C","Property Damage Only","","","Other Public Roadway (Rest Areas, Shopping Center - anything open to public)","26BU003702","Burlington PD","9","999.99","None/Other","Day","49 Ave C","None","None","","VT0040100","Other - Explain in Narrative","","49 Ave C","","0000","44.50813092023497,-73.24426935354401"
"8049983","","February 27, 2026 at 10:22 AM","Burlington","76 Ethan Allen Pkwy","ETHAN ALLEN PKWY","Property Damage Only","","","Federal Aid Urban System (Class 2 TH's and 3 TH's only)","26BU003768","Burlington PD","2","0.146","None/Other","Day","North Ave","None","None","","VT0040100","Y - Intersection","","76 Ethan Allen Pkwy","","0000","44.505819943856395,-73.24091328095656"
"8046898","","February 27, 2026 at 11:16 AM","Burlington","Ethan Allen Pkwy","ETHAN ALLEN PKWY","Property Damage Only","","","Federal Aid Urban System (Class 2 TH's and 3 TH's only)","26BU003773","Burlington PD","2","0.016","None/Other","Day","North Ave","None","None","","VT0040100","Y - Intersection","","Ethan Allen Pkwy","","0000","44.50398505993592,-73.24059537347547"
"8149025","","February 27, 2026 at 3:31 PM","Burlington","86 Fern St","FERN ST","Property Damage Only","","","Street or Town Highways in FA Urban Area","26BU003786","Burlington PD","5","999.99","None/Other","Day","Shore Rd","None","None","","VT0040100","Not at a Junction","","86 Fern St","","0000","44.50853753556203,-73.25226041978154"
"8051767","","February 27, 2026 at 3:53 PM","Burlington","Shelburne St","US-7","Property Damage Only","","","State Highway numbered route, Class 1 TH","26BU003791","Burlington PD","11","1.11","None/Other","Day","Adams Ct","None","None","","VT0040100","T - Intersection","","Shelburne St","","0070","44.461708765028185,-73.20798155585175"
"8046864","","February 28, 2026 at 2:30 AM","Burlington","412 Saint Paul St","SAINT PAUL ST","Property Damage Only","Rear End","Clear","Federal Aid Urban System (Class 2 TH's and 3 TH's only)","26BU003825","Burlington PD","2","0.064","None/Other","Night","Howard St","None","None","","VT0040100","Not at a Junction","None","412 Saint Paul St","Dry","0000","44.46807141454172,-73.21042225476151"
"8060721","","February 28, 2026 at 3:50 PM","Burlington","Main St","US-2","Property Damage Only","","","State Highway numbered route, Class 1 TH","26BU003850","Burlington PD","11","0.455","None/Other","Day","University Ter","None","None","","VT0040100","T - Intersection","","Main St","","0020","44.47539412822338,-73.19653749415109"
"8057984","","February 28, 2026 at 9:19 PM","Burlington","103 Shelburne St","US-7","Property Damage Only","","","State Highway numbered route, Class 1 TH","26BU003866","Burlington PD","11","1.172","None/Other","Night","Parking Lot","None","None","","VT0040100","Not at a Junction","","103 Shelburne St","","0070","44.46258639164069,-73.20788862017176"
"8150732","","March 1, 2026 at 8:08 AM","Burlington","185 Davis Rd","Unknown","Property Damage Only","Opp Direction Sideswipe","Freezing Precipitation","Other Public Roadway (Rest Areas, Shopping Center - anything open to public)","26UV001548","UVM Police","9","999.99","None/Other","Day","Redstone Lofts","None","None","","VT0041100","Parking Lot","","185 Davis Rd","","0000","44.468154568799235,-73.19586627697034"
"8150939","","March 1, 2026 at 12:22 PM","Burlington","129 Saint Paul St","SAINT PAUL ST","Property Damage Only","","","Street or Town Highways in FA Urban Area","26BU003891","Burlington PD","5","999.99","None/Other","Day","Main St","None","None","","VT0040100","Not at a Junction","","129 Saint Paul St","","0000","44.47633084145597,-73.21405065178239"
"8059872","","March 2, 2026 at 9:07 PM","Burlington","East Ave","EAST AVE","Property Damage Only","","","Federal Aid Urban System (Class 2 TH's and 3 TH's only)","26BU003966","Burlington PD","2","0.661","None/Other","Night","Colchester Ave","None","None","","VT0040100","T - Intersection","","East Ave","","0000","44.48209042141706,-73.19262460749874"
"8050035","","March 3, 2026 at 12:16 PM","Burlington","Pearl St","PEARL ST","Property Damage Only","","","Federal Aid Urban System (Class 2 TH's and 3 TH's only)","26BU003987","Burlington PD","2","0.687","None/Other","Day","N Winooski Ave","None","None","","VT0040100","Four-way Intersection","","Pearl St","","0000","44.48065503377151,-73.20577539324042"
"8052660","","March 3, 2026 at 12:25 PM","Burlington","116 Maple St","MAPLE ST","Property Damage Only","","","Federal Aid Urban System (Class 2 TH's and 3 TH's only)","26BU004019","Burlington PD","2","0.179","None/Other","Day","Maple St","None","None","","VT0040100","Not at a Junction","","116 Maple St","","0000","44.47360941876483,-73.21482343482673"
"8046700","","March 3, 2026 at 1:46 PM","Burlington","730 Shelburne Rd","I-189","Property Damage Only","Same Direction Sideswipe","Clear","Ramp or Spur","26SB002581","So. Burlington PD.","7","0.01","None/Other","Day","Swift Rd","None","None","","VT0040300","On Ramp","None","730 Shelburne Rd","Dry","1890","44.446241370577376,-73.20931243348127"
"8152864","","March 4, 2026 at 1:56 PM","Burlington","Starr Farm Rd","STARR FARM RD","Property Damage Only","No Turns, Thru moves only, Broadside ^<","Clear","Street or Town Highways in FA Urban Area","26BU004055","Burlington PD","5","999.99","None/Other","Day","North Ave","None","Heavy Truck","","VT0040100","T - Intersection","None","Starr Farm Rd","Dry","0000","44.51710705264112,-73.25874774384263"
"8052044","","March 4, 2026 at 3:35 PM","Burlington","College St","COLLEGE ST","Property Damage Only","","","Federal Aid Urban System (Class 2 TH's and 3 TH's only)","26BU004059","Burlington PD","2","0.368","None/Other","Day","Center St","None","None","","VT0040100","T - Intersection","","College St","","0000","44.47713492103734,-73.21149123679459"