"ObjectID","Mapped","Crash Date","City/Town","Address","AOT Route","Crash Type","Collision Direction","Weather","Road Group","Report Number","Reporting Agency","Road Group ID","AOT Actual Milepoint","Animal","Time of Day","Intersection With","Impairment","Involving","Non Reportable Address","Reporting Agency ID","Road Characteristics","Road Condition","Street Address","Surface Condition","AOT Route ID","Coordinates"
"8153028","","March 4, 2026 at 8:39 PM","Burlington","Cambrian Way","CAMBRIAN WAY","Property Damage Only","","","Other Public Roadway (Rest Areas, Shopping Center - anything open to public)","26BU004076","Burlington PD","9","999.99","None/Other","Night","North Ave","None","None","","VT0040100","Other - Explain in Narrative","","Cambrian Way","","0000","44.49039415422618,-73.22733514335184"
"8154131","","March 5, 2026 at 4:41 PM","Burlington","S Williams  St","S WILLIAMS ST","Property Damage Only","Left Turn and Thru, Angle Broadside -->v--","Freezing Precipitation","Other Public Roadway (Rest Areas, Shopping Center - anything open to public)","26BU004124","Burlington PD","9","999.99","None/Other","Day","Main St","None","None","","VT0040100","Parking Lot","Road Surface Condition(wet, icy, snow, slush, etc)","S Williams  St","Snow","0000","44.47687561608576,-73.20312191271913"
"8057861","","March 6, 2026 at 2:52 PM","Burlington","S Winooski Ave","ALTERNATE US-7","Property Damage Only","","","State Highway numbered route, Class 1 TH","26BU004175","Burlington PD","11","0.895","None/Other","Day","Main St","None","None","","VT0040100","Four-way Intersection","","S Winooski Ave","","9993","44.476039663845555,-73.21099943065121"
"8069315","","March 6, 2026 at 6:11 PM","Burlington","Pearl St","PEARL ST","Injury","Left Turn and Thru, Angle Broadside -->v--","Clear","Federal Aid Urban System (Class 2 TH's and 3 TH's only)","26BU004186","Burlington PD","2","0.504","None/Other","Night","N Union St","None","None","","VT0040100","Four-way Intersection","None","Pearl St","Dry","0000","44.480559543671276,-73.2092751655695"
"8155279","","March 7, 2026 at 3:20 PM","Burlington","Lake St","LAKE ST","Property Damage Only","","","Street or Town Highways in FA Urban Area","26BU004256","Burlington PD","5","999.99","None/Other","Day","College St","None","None","","VT0040100","Not at a Junction","","Lake St","","0000","44.477041685116575,-73.21980355564602"
"8090569","","March 7, 2026 at 11:17 PM","Burlington","Pearl St","PEARL ST","Property Damage Only","Same Direction Sideswipe","Rain","Federal Aid Urban System (Class 2 TH's and 3 TH's only)","26BU004289","Burlington PD","2","0.412","None/Other","Night","N Winooski Ave","None","None","","VT0040100","Four-way Intersection","None","Pearl St","Wet","0000","44.48049271214685,-73.21103314237814"
"8068970","","March 9, 2026 at 2:10 PM","Burlington","114 North St","NORTH ST","Property Damage Only","No Turns, Thru moves only, Broadside ^<","Clear","Federal Aid Urban System (Class 2 TH's and 3 TH's only)","26BU004383","Burlington PD","2","0.233","None/Other","Day","N Champlain St","None","None","","VT0040100","Four-way Intersection","None","114 North St","Dry","0000","44.48460645510752,-73.21766274945509"
"8157293","","March 10, 2026 at 11:43 AM","Burlington","53 S Crest Dr","Unknown","Property Damage Only","Other - Explain in Narrative","Clear","Private Property (Driveways)","26BU004444","Burlington PD","8","999.99","None/Other","Day","53 S Crest Dr","Alcohol","None","","VT0040100","Driveway","None","53 S Crest Dr","Dry","0000","44.449794706376956,-73.21639073300149"
"8157596","","March 10, 2026 at 7:42 PM","Burlington","Home Ave","HOME AVE","Property Damage Only","","","Street or Town Highways in FA Urban Area","26BU004499","Burlington PD","5","999.99","None/Other","Night","Shelburne St","None","None","","VT0040100","Not at a Junction","","Home Ave","","0000","44.45074788798246,-73.2093038384198"
"8157925","","March 11, 2026 at 8:14 AM","Burlington","Church St","CHURCH ST","Property Damage Only","","","Street or Town Highways in FA Urban Area","26BU004526","Burlington PD","5","999.99","None/Other","Day","King St","None","None","","VT0040100","Four-way Intersection","","Church St","","0000","44.47479309738919,-73.2124230721167"
"8159416","","March 13, 2026 at 9:34 AM","Burlington","Main St","TOWN ROAD 0001","Property Damage Only","Other - Explain in Narrative","","Street or Town Highways in FA Urban Area","26BU004669","Burlington PD","5","999.99","None/Other","Day","Battery St","None","None","","VT0040100","Not at a Junction","None","Main St","Dry","T0001","44.475723458125735,-73.21905833851497"
"8091709","","March 13, 2026 at 8:56 PM","Burlington","111-137 North St","NORTH ST","Property Damage Only","Rear End","Clear","Federal Aid Urban System (Class 2 TH's and 3 TH's only)","26BU004707","Burlington PD","2","0.24","None/Other","Night","N Champlain St","None","None","","VT0040100","Not at a Junction","None","111-137 North St","Dry","0000","44.48460830220474,-73.2175214006453"
"8091554","","March 15, 2026 at 6:47 PM","Burlington","N Champlain St","N CHAMPLAIN ST","Property Damage Only","Rear End","Clear","Federal Aid Urban System (Class 2 TH's and 3 TH's only)","26BU004842","Burlington PD","2","0.288","None/Other","Night","North St","None","None","","VT0040100","Four-way Intersection","None","N Champlain St","Dry","0000","44.48448908181383,-73.21771859109127"
"8062521","","March 16, 2026 at 9:33 AM","Burlington","336 Pearl St","PEARL ST","Property Damage Only","","","Federal Aid Urban System (Class 2 TH's and 3 TH's only)","26BU004876","Burlington PD","2","0.724","None/Other","Day","336 Pearl St","None","None","","VT0040100","Not at a Junction","","336 Pearl St","","0000","44.48067547829753,-73.20501422602914"
"8068569","","March 16, 2026 at 10:14 AM","Burlington","140 East Ave","EAST AVE","Property Damage Only","","","Federal Aid Urban System (Class 2 TH's and 3 TH's only)","26BU004879","Burlington PD","2","0.397","None/Other","Day","140 East Ave","None","None","","VT0040100","Not at a Junction","","140 East Ave","","0000","44.478263026419505,-73.1916249203013"
"8161883","","March 16, 2026 at 9:58 PM","Burlington","Main St","MAIN ST","Injury","Single Vehicle Crash","Cloudy","Other Public Roadway (Rest Areas, Shopping Center - anything open to public)","26BU004923","Burlington PD","9","999.99","None/Other","Night","University Pl","Alcohol","None","","VT0040100","Other - Explain in Narrative","Unknown","Main St","Wet","0000","44.4763441482553,-73.19880426313708"
"8069134","","March 17, 2026 at 2:13 PM","Burlington","College St","COLLEGE ST","Property Damage Only","Other - Explain in Narrative","Clear","Federal Aid Urban System (Class 2 TH's and 3 TH's only)","26BU004962","Burlington PD","2","0.234","None/Other","Day","Saint Paul St","None","Heavy Truck","","VT0040100","Four-way Intersection","None","College St","Dry","0000","44.47704513667713,-73.21414071303698"
"8069497","","March 17, 2026 at 5:30 PM","Burlington","Shelburne St","US-7","Property Damage Only","","","State Highway numbered route, Class 1 TH","26BU004974","Burlington PD","11","0.322","None/Other","Day","Home Ave","None","None","","VT0040100","Four-way Intersection","","Shelburne St","","0070","44.450546907532846,-73.20901357016203"
"8162925","","March 17, 2026 at 8:19 PM","Burlington","50 Bilodeau Ct","BILODEAU CT","Property Damage Only","","","Street or Town Highways in FA Urban Area","26BU004983","Burlington PD","5","999.99","None/Other","Night","50 Bilodeau Ct","None","None","","VT0040100","Not at a Junction","","50 Bilodeau Ct","","0000","44.47862239761804,-73.18969322488914"
"8162912","","March 17, 2026 at 8:25 PM","Burlington","Elmwood Ave","ELMWOOD AVE","Property Damage Only","","","Street or Town Highways in FA Urban Area","26BU004984","Burlington PD","5","999.99","None/Other","Night","Pearl St","None","None","","VT0040100","T - Intersection","","Elmwood Ave","","0000","44.48046442137909,-73.21359826173162"
"8163225","","March 18, 2026 at 1:59 PM","Burlington","Cherry St","CHERRY ST","Property Damage Only","","","Street or Town Highways in FA Urban Area","26BU005018","Burlington PD","5","999.99","None/Other","Day","St Paul St","None","None","","VT0040100","Four-way Intersection","","Cherry St","","0000","44.479254264572525,-73.21427485619394"
"8163104","","March 18, 2026 at 2:21 PM","Burlington","111 Colchester Ave","Unknown","Property Damage Only","","","Other Public Roadway (Rest Areas, Shopping Center - anything open to public)","26BU005038","Burlington PD","9","999.99","None/Other","Day","2nd Floor Parking Garage","None","None","","VT0040100","Parking Lot","","111 Colchester Ave","","0000","44.47860899025191,-73.19270143140307"
"8069480","","March 18, 2026 at 4:10 PM","Burlington","172 College St","COLLEGE ST","Property Damage Only","","","Federal Aid Urban System (Class 2 TH's and 3 TH's only)","26BU005035","Burlington PD","2","0.292","None/Other","Day","172 College St","None","None","","VT0040100","Not at a Junction","","172 College St","","0000","44.47708509968447,-73.21299402601908"
"8082489","","March 19, 2026 at 3:37 PM","Burlington","North St","NORTH ST","Property Damage Only","","","Federal Aid Urban System (Class 2 TH's and 3 TH's only)","26BU005102","Burlington PD","2","0.627","None/Other","Day","N Union St","None","None","","VT0040100","Not at a Junction","","North St","","0000","44.484855104912874,-73.20968860202467"
"8163924","","March 20, 2026 at 1:17 PM","Burlington","85 S Prospect","Unknown","Property Damage Only","Opp Direction Sideswipe","Freezing Precipitation","Other Public Roadway (Rest Areas, Shopping Center - anything open to public)","26UV002018","UVM Police","9","999.99","None/Other","Day","Waterman Parking Lot","None","None","","VT0041100","Parking Lot","Road Surface Condition(wet, icy, snow, slush, etc)","85 S Prospect","Snow","0000","44.478720646238344,-73.2016356947976"
"8069705","","March 20, 2026 at 1:39 PM","Burlington","Park St","PARK ST","Property Damage Only","","","Federal Aid Urban System (Class 2 TH's and 3 TH's only)","26BU005167","Burlington PD","2","0.004","None/Other","Day","Pearl St","None","None","","VT0040100","T - Intersection","","Park St","","0000","44.48032718270212,-73.21902154785214"
"8076347","","March 20, 2026 at 1:59 PM","Burlington","Colchester Ave","COLCHESTER AVE","Property Damage Only","","","Federal Aid Urban System (Class 2 TH's and 3 TH's only)","26BU005169","Burlington PD","2","0.947","None/Other","Day","Chase St","None","None","","VT0040100","Not at a Junction","","Colchester Ave","","0000","44.48720314983308,-73.18687967658425"
"8164384","","March 20, 2026 at 2:31 PM","Burlington","Intervale Rd","INTERVALE RD","Injury","Rear End","Freezing Precipitation","Street or Town Highways in FA Urban Area","26BU005171","Burlington PD","5","999.99","None/Other","Day","Riverside Ave","None","None","","VT0040100","Four-way Intersection","Road Surface Condition(wet, icy, snow, slush, etc)","Intervale Rd","Snow","0000","44.489020087671385,-73.20243805098039"
"8078648","","March 20, 2026 at 2:46 PM","Burlington","Colchester Ave","COLCHESTER AVE","Property Damage Only","","","Federal Aid Urban System (Class 2 TH's and 3 TH's only)","26BU005173","Burlington PD","2","0.899","None/Other","Day","Chase St","None","None","","VT0040100","T - Intersection","","Colchester Ave","","0000","44.48654566334615,-73.18700863410442"
"8069764","","March 20, 2026 at 3:00 PM","Burlington","Riverside Ave","US-7","Injury","Rear End","Freezing Precipitation","State Highway numbered route, Class 1 TH","26BU005174","Burlington PD","11","3.686","None/Other","Day","Hillside Ter","None","None","","VT0040100","Not at a Junction","Road Surface Condition(wet, icy, snow, slush, etc)","Riverside Ave","Snow","0070","44.486814778522906,-73.19354120990268"
"8075685","","March 20, 2026 at 3:35 PM","Burlington","N Prospect St","N PROSPECT ST","Property Damage Only","","","Federal Aid Urban System (Class 2 TH's and 3 TH's only)","26BU005368","Burlington PD","2","0.564","None/Other","Day","Riverside Ave","None","None","","VT0040100","Four-way Intersection","","N Prospect St","","0000","44.48875504196997,-73.20235198127898"
"8070348","","March 21, 2026 at 1:53 PM","Burlington","Battery St","BATTERY ST","Injury","Same Direction Sideswipe","Clear","Federal Aid Urban System (Class 2 TH's and 3 TH's only)","26BU005235","Burlington PD","2","0.402","None/Other","Day","College St","None","None","","VT0040100","Not at a Junction","None","Battery St","Dry","0000","44.47816424633722,-73.21886171554333"
"8077712","","March 22, 2026 at 3:10 AM","Burlington","Main St","US-2","Property Damage Only","Left Turn and Thru, Same Direction Sideswipe/Angle Crash vv--","Rain","State Highway numbered route, Class 1 TH","26BU005280","Burlington PD","11","0.236","None/Other","Night","S Prospect St","None","None","","VT0040100","Four-way Intersection","None","Main St","Wet","0020","44.476363851313536,-73.20066201248227"
"8164532","","March 22, 2026 at 4:27 PM","Burlington","Cherry St","CHERRY ST","Property Damage Only","","","Street or Town Highways in FA Urban Area","26BU005303","Burlington PD","5","999.99","None/Other","Day","S Winooski Ave","None","None","","VT0040100","T - Intersection","","Cherry St","","0000","44.47937184175746,-73.21129721457906"
"8164360","","March 23, 2026 at 1:47 PM","Burlington","43 Elmwood Ave","ELMWOOD AVE","Property Damage Only","","","Street or Town Highways in FA Urban Area","26BU005381","Burlington PD","5","999.99","None/Other","Day","43 Elmwood Ave","None","None","","VT0040100","Not at a Junction","","43 Elmwood Ave","","0000","44.48168786156879,-73.21367602771616"
"8164167","","March 23, 2026 at 1:50 PM","Burlington","121 Saint Paul St","Unknown","Property Damage Only","","Cloudy","Other Public Roadway (Rest Areas, Shopping Center - anything open to public)","26BU005382","Burlington PD","9","999.99","None/Other","Day","Main St","None","Heavy Truck","","VT0040100","Parking Lot","None","121 Saint Paul St","Dry","0000","44.47623723770068,-73.21462769657585"
"8164333","","March 23, 2026 at 7:11 PM","Burlington","60 Lake St","LAKE ST","Property Damage Only","","","Street or Town Highways in FA Urban Area","26BU005474","Burlington PD","5","999.99","None/Other","Night","College St","None","None","","VT0040100","Not at a Junction","","60 Lake St","","0000","44.477185269288775,-73.2198681682621"
"8074583","","March 24, 2026 at 8:19 AM","Burlington","Riverside Ave","US-7","Property Damage Only","","","State Highway numbered route, Class 1 TH","26BU005443","Burlington PD","11","3.525","None/Other","Day","Hillside Ter","None","None","","VT0040100","T - Intersection","","Riverside Ave","","0070","44.48788785079718,-73.19642298084054"
"8164729","","March 24, 2026 at 5:07 PM","Burlington","228 N Winooski Ave","Unknown","Property Damage Only","","","Other Public Roadway (Rest Areas, Shopping Center - anything open to public)","26BU005485","Burlington PD","9","999.99","None/Other","Day","Parking Lot","None","None","","VT0040100","Parking Lot","","228 N Winooski Ave","","0000","44.48644870048225,-73.20932149372601"
"8078109","","March 24, 2026 at 10:23 PM","Burlington","Park St","PARK ST","Property Damage Only","","","Federal Aid Urban System (Class 2 TH's and 3 TH's only)","26BU005502","Burlington PD","2","0.111","None/Other","Night","Sherman St","None","None","","VT0040100","Four-way Intersection","","Park St","","0000","44.4820677415112,-73.21916481959238"
"8164694","","March 25, 2026 at 4:30 PM","Burlington","33 Colchester Ave","Unknown","Property Damage Only","","","Other Public Roadway (Rest Areas, Shopping Center - anything open to public)","26UV002170","UVM Police","9","999.99","None/Other","Day","","None","None","","VT0041100","Parking Lot","","33 Colchester Ave","","0000","44.4801189896363,-73.19815143483704"
"8164248","","March 26, 2026 at 2:47 PM","Burlington","Lake St","LAKE ST","Property Damage Only","Same Direction Sideswipe","Cloudy","Street or Town Highways in FA Urban Area","26BU005625","Burlington PD","5","999.99","None/Other","Day","College St","None","None","","VT0040100","Not at a Junction","None","Lake St","Dry","0000","44.47744536198027,-73.22000963101846"
"8090123","","March 26, 2026 at 7:51 PM","Burlington","Rte 127","VT ROUTE 127","Injury","Single Vehicle Crash","Rain","Federal Aid Urban System (Class 2 TH's and 3 TH's only)","26BU005641","Burlington PD","2","0.618","None/Other","Night","Bike Path","Alcohol","None","","VT0040100","Not at a Junction","Road Surface Condition(wet, icy, snow, slush, etc)","Rte 127","Wet","0000","44.494947536620955,-73.22590910837017"
"8164446","","March 27, 2026 at 3:42 AM","Burlington","Main St","MAIN ST","Property Damage Only","Head On","Clear","Other Public Roadway (Rest Areas, Shopping Center - anything open to public)","26BU005662","Burlington PD","9","999.99","None/Other","Night","East Ave","None","None","","VT0040100","Other - Explain in Narrative","None","Main St","Wet","0000","44.47314848390254,-73.19155174538574"
"8100056","","March 27, 2026 at 1:37 PM","Burlington","Main St","US-2","Property Damage Only","Rear End","Clear","State Highway numbered route, Class 1 TH","26BU005691","Burlington PD","11","0.69","None/Other","Day","Spear St","None","None","","VT0040100","Not at a Junction","None","Main St","Dry","0020","44.4735586146273,-73.19244858736772"
"8078459","","March 27, 2026 at 2:00 PM","Burlington","86 Pearl St","PEARL ST","Property Damage Only","","","Federal Aid Urban System (Class 2 TH's and 3 TH's only)","26BU005695","Burlington PD","2","0.174","None/Other","Day","","None","None","","VT0040100","Not at a Junction","","86 Pearl St","","0000","44.48035622621442,-73.21560597736816"
"8164066","","March 30, 2026 at 12:26 PM","Burlington","63 Carrigan Dr","Unknown","Property Damage Only","Right Turn, Same Direciton, Rear End ^--^--","Clear","Other Public Roadway (Rest Areas, Shopping Center - anything open to public)","26UV002299","UVM Police","9","999.99","None/Other","Day","Jeffords Parking Lot","None","None","","VT0041100","Parking Lot","None","63 Carrigan Dr","Dry","0000","44.474733811412875,-73.19280222565818"
"8104749","","March 30, 2026 at 5:31 PM","Burlington","North St","NORTH ST","Property Damage Only","Same Direction Sideswipe","Clear","Federal Aid Urban System (Class 2 TH's and 3 TH's only)","26BU005956","Burlington PD","2","0.413","None/Other","Day","Elmwood Ave","None","Heavy Truck","","VT0040100","Not at a Junction","None","North St","Dry","0000","44.484747465578565,-73.21403293431013"
"8077433","","March 31, 2026 at 2:57 PM","Burlington","Shelburne St","US-7","Property Damage Only","No Turns, Thru moves only, Broadside ^<","Rain","State Highway numbered route, Class 1 TH","26BU006042","Burlington PD","11","0.332","None/Other","Day","Home Ave","None","None","","VT0040100","Four-way Intersection","Road Surface Condition(wet, icy, snow, slush, etc)","Shelburne St","Wet","0070","44.45068803090101,-73.20899206793666"
"8164361","","March 31, 2026 at 3:15 PM","Burlington","King St","KING ST","Property Damage Only","","","Street or Town Highways in FA Urban Area","26BU006045","Burlington PD","5","999.99","None/Other","Day","Saint Paul St","None","None","","VT0040100","Not at a Junction","","King St","","0000","44.474745484606515,-73.21428269713684"
"8163957","","April 1, 2026 at 10:53 AM","Burlington","S Willard St","S WILLARD ST","Property Damage Only","","","Other Public Roadway (Rest Areas, Shopping Center - anything open to public)","26BU006093","Burlington PD","9","999.99","None/Other","Day","Bradley St","None","None","","VT0040100","Other - Explain in Narrative","","S Willard St","","0000","44.47844428915073,-73.20559185180254"
"8087085","","April 3, 2026 at 11:21 AM","Burlington","North St","NORTH ST","Property Damage Only","","Cloudy","Federal Aid Urban System (Class 2 TH's and 3 TH's only)","26BU006276","Burlington PD","2","0.446","None/Other","Day","Elmwood Ave","None","None","","VT0040100","Not at a Junction","None","North St","","0000","44.48476636064065,-73.21336701436206"
"8164669","","April 3, 2026 at 2:50 PM","Burlington","89 Buell St","BUELL ST","Property Damage Only","No Turns, Thru moves only, Broadside ^<","Clear","Private Property (Driveways)","26BU006288","Burlington PD","8","999.99","None/Other","Day","Hungerford Ter","None","None","","VT0040100","Driveway","None","89 Buell St","Dry","0000","44.4791070681236,-73.20756074183052"
"8085350","","April 3, 2026 at 2:58 PM","Burlington","South Willard St","US-7","Injury","No Turns, Thru moves only, Broadside ^<","Cloudy","State Highway numbered route, Class 1 TH","26BU006290","Burlington PD","11","2.121","None/Other","Day","Main St","None","None","","VT0040100","Four-way Intersection","None","South Willard St","Dry","0070","44.47619327232782,-73.20550253767293"
"8090290","","April 3, 2026 at 4:13 PM","Burlington","Pearl St","PEARL ST","Property Damage Only","","","Federal Aid Urban System (Class 2 TH's and 3 TH's only)","26BU006293","Burlington PD","2","0.918","None/Other","Day","N Prospect St","None","None","","VT0040100","Not at a Junction","","Pearl St","","0000","44.48075574347098,-73.20099742013618"
"8092187","","April 3, 2026 at 5:10 PM","Burlington","Saint Paul St","SAINT PAUL ST","Property Damage Only","","","Federal Aid Urban System (Class 2 TH's and 3 TH's only)","26BU006294","Burlington PD","2","0.521","None/Other","Day","Maple St","None","None","","VT0040100","Not at a Junction","","Saint Paul St","","0000","44.47401513793037,-73.21386715409069"
"8091927","","April 3, 2026 at 5:49 PM","Burlington","230 N Champlain St","N CHAMPLAIN ST","Property Damage Only","","","Federal Aid Urban System (Class 2 TH's and 3 TH's only)","26BU006298","Burlington PD","2","0.462","None/Other","Day","Maple St","None","None","","VT0040100","Not at a Junction","","230 N Champlain St","","0000","44.487016711716905,-73.21791531518552"
"8164049","","April 4, 2026 at 1:54 PM","Burlington","111 Colchester Ave","Unknown","Property Damage Only","Same Direction Sideswipe","Clear","Other Public Roadway (Rest Areas, Shopping Center - anything open to public)","26BU006378","Burlington PD","9","999.99","None/Other","Day","Beaumont Ave","None","Heavy Truck","","VT0040100","Other - Explain in Narrative","None","111 Colchester Ave","Dry","0000","44.47841318432368,-73.1930343102585"
"8137155","","April 6, 2026 at 12:33 PM","Burlington","228 N Winooski Ave","ALTERNATE US-7","Property Damage Only","","","State Highway numbered route, Class 1 TH","26BU006528","Burlington PD","11","1.642","None/Other","Day","N Union St","None","None","","VT0040100","Not at a Junction","","228 N Winooski Ave","","9993","44.48642161810712,-73.20969062488312"
"8109215","","April 6, 2026 at 12:36 PM","Burlington","Grove St","GROVE ST","Property Damage Only","","","Federal Aid Urban System (Class 2 TH's and 3 TH's only)","26BU006529","Burlington PD","2","0.54","None/Other","Day","Chase St","None","None","","VT0040100","Not at a Junction","","Grove St","","0000","44.48737651050964,-73.18348985311636"
"8095076","","April 7, 2026 at 12:09 PM","Burlington","Winooski Bridge","US-7","Property Damage Only","","","State Highway numbered route, Class 1 TH","26BU006609","Burlington PD","11","4.15","None/Other","Day","Colchester Ave","None","None","","VT0040100","Y - Intersection","","Winooski Bridge","","0070","44.48860145550724,-73.18662060928185"
"8087110","","April 7, 2026 at 2:42 PM","Burlington","555 Shelburne St","US-7","Injury","No Turns, Thru moves only, Broadside ^<","Wind","State Highway numbered route, Class 1 TH","26BU006619","Burlington PD","11","0.168","None/Other","Day","555 Shelburne St","None","None","","VT0040100","Four-way Intersection","None","555 Shelburne St","Snow","0070","44.44836609269987,-73.20922641533471"
"8099954","","April 8, 2026 at 9:13 PM","Burlington","N Champlain St","N CHAMPLAIN ST","Property Damage Only","Single Vehicle Crash","Clear","Federal Aid Urban System (Class 2 TH's and 3 TH's only)","26BU006716","Burlington PD","2","0.138","None/Other","Night","Sherman St","None","None","","VT0040100","Not at a Junction","None","N Champlain St","Dry","0000","44.48230982126083,-73.21756140418022"
"8100282","","April 9, 2026 at 9:32 AM","Burlington","300-308 Pearl St","PEARL ST","Property Damage Only","","","Federal Aid Urban System (Class 2 TH's and 3 TH's only)","26BU006743","Burlington PD","2","0.634","None/Other","Day","Burlington Health And Rehab Parking Lot","None","None","","VT0040100","Not at a Junction","","300-308 Pearl St","","0000","44.480621679065145,-73.20678871768474"
"8164309","","April 9, 2026 at 9:56 AM","Burlington","24 Cayuga Ct","CAYUGA CT","Property Damage Only","","","Street or Town Highways in FA Urban Area","26BU006747","Burlington PD","5","999.99","None/Other","Day","North Ave","None","None","","VT0040100","Not at a Junction","","24 Cayuga Ct","","0000","44.51423596180099,-73.25335250041269"
"8164341","","April 9, 2026 at 12:24 PM","Burlington","41 Cherry St","Unknown","Property Damage Only","","","Other Public Roadway (Rest Areas, Shopping Center - anything open to public)","26BU006757","Burlington PD","9","999.99","None/Other","Day","Lakeview Parking Garage","None","None","","VT0040100","Parking Lot","","41 Cherry St","","0000","44.4795331869977,-73.21715678377505"
"8092718","","April 10, 2026 at 9:50 AM","Burlington","N Union St","N UNION ST","Property Damage Only","","","Federal Aid Urban System (Class 2 TH's and 3 TH's only)","26BU006843","Burlington PD","2","0.408","None/Other","Day","N Winooski Ave","None","None","","VT0040100","Y - Intersection","","N Union St","","0000","44.486288913138424,-73.20979194434486"
"8117310","","April 10, 2026 at 2:22 PM","Burlington","S Winooski Ave","ALTERNATE US-7","Injury","Left Turn and Thru, Same Direction Sideswipe/Angle Crash vv--","Cloudy","State Highway numbered route, Class 1 TH","26BU006871","Burlington PD","11","1.03","None/Other","Day","Bank St","None","None","","VT0040100","Not at a Junction","None","S Winooski Ave","Dry","9993","44.47801403062854,-73.21109769792278"
"8093457","","April 10, 2026 at 5:06 PM","Burlington","S Winooski Ave","ALTERNATE US-7","Property Damage Only","","","State Highway numbered route, Class 1 TH","26BU006885","Burlington PD","11","0.901","None/Other","Day","Main St","None","None","","VT0040100","Four-way Intersection","","S Winooski Ave","","9993","44.47612808053394,-73.21100330884362"
"8092497","","April 11, 2026 at 12:00 AM","Burlington","251 Staniford Rd","STANIFORD RD","Property Damage Only","","","Federal Aid Urban System (Class 2 TH's and 3 TH's only)","26BU006960","Burlington PD","2","0.773","None/Other","Night","Stanbury Rd","None","None","","VT0040100","Not at a Junction","","251 Staniford Rd","","0000","44.50830748074423,-73.25968727953747"
"8092183","","April 11, 2026 at 10:01 AM","Burlington","294 N Winooski Ave","ALTERNATE US-7","Property Damage Only","","","State Highway numbered route, Class 1 TH","26BU006933","Burlington PD","11","1.771","None/Other","Day","Archibald St","None","None","","VT0040100","Not at a Junction","","294 N Winooski Ave","","9993","44.48784032934332,-73.2079922109046"
"8097119","","April 11, 2026 at 8:23 PM","Burlington","Plattsburg Ave","ENT EXT RAMP TOWN HWY","Property Damage Only","","","Federal Aid Urban System (Class 2 TH's and 3 TH's only)","26BU006966","Burlington PD","2","0.499","None/Other","Night","Rt 127","None","None","","VT0040100","Y - Intersection","","Plattsburg Ave","","0000","44.52259482778123,-73.25570764497706"
"8096506","","April 12, 2026 at 1:12 PM","Burlington","328 Manhattan Dr","MANHATTAN DR","Property Damage Only","","","Federal Aid Urban System (Class 2 TH's and 3 TH's only)","26BU007014","Burlington PD","2","0.25","None/Other","Day","328 Manhattan Dr","None","None","","VT0040100","Not at a Junction","","328 Manhattan Dr","","0000","44.48948570845216,-73.2143697553831"
"8093111","","April 12, 2026 at 7:29 PM","Burlington","Pearl St","S PROSPECT ST","Injury","Left Turn and Thru, Angle Broadside -->v--","Rain","Federal Aid Urban System (Class 2 TH's and 3 TH's only)","26BU007033","Burlington PD","2","0.939","None/Other","Night","S Prospect St","None","Pedestrian","","VT0040100","Y - Intersection","Road Surface Condition(wet, icy, snow, slush, etc)","Pearl St","Wet","0000","44.48075411397721,-73.20056355060913"
"8110955","","April 13, 2026 at 9:21 AM","Burlington","320 Pine St","PINE ST","Property Damage Only","","","Federal Aid Urban System (Class 2 TH's and 3 TH's only)","26BU007061","Burlington PD","2","1.029","None/Other","Day","320 Pine St","None","None","","VT0040100","Not at a Junction","","320 Pine St","","0000","44.470396577904104,-73.21520285546003"
"8164604","","April 13, 2026 at 1:15 PM","Burlington","435  Main St","Unknown","Property Damage Only","No Turns, Thru moves only, Broadside ^<","Clear","Private Property (Driveways)","26BU007081","Burlington PD","8","999.99","None/Other","Day","435 Main St","None","None","","VT0040100","Driveway","None","435  Main St","Dry","0000","44.47614722097373,-73.20156714774716"
"8164142","","April 14, 2026 at 4:38 PM","Burlington","148 S Williams St","S WILLIAMS ST","Property Damage Only","","","Street or Town Highways in FA Urban Area","26BU007168","Burlington PD","5","999.99","None/Other","Day","Main St","None","None","","VT0040100","Not at a Junction","","148 S Williams St","","0000","44.47645313676847,-73.203041423256"
"8164707","","April 14, 2026 at 9:28 PM","Burlington","109 North Ave","Unknown","Property Damage Only","","","Other Public Roadway (Rest Areas, Shopping Center - anything open to public)","26BU007187","Burlington PD","9","999.99","None/Other","Night","Haswell St","None","None","","VT0040100","Parking Lot","","109 North Ave","","0000","44.4846533388657,-73.2229519246396"
"8111929","","April 15, 2026 at 12:00 AM","Burlington","142 N Winooski Ave","ALTERNATE US-7","Property Damage Only","","","State Highway numbered route, Class 1 TH","26BU007911","Burlington PD","11","1.493","None/Other","Night","North St","None","None","","VT0040100","Not at a Junction","","142 N Winooski Ave","","9993","44.484723284045366,-73.21146124037172"
"8164197","","April 15, 2026 at 12:00 AM","Burlington","3 Mill St","MILL ST","Property Damage Only","","","Street or Town Highways in FA Urban Area","26BU007298","Burlington PD","5","999.99","None/Other","Night","Colchester Ave","None","None","","VT0040100","Not at a Junction","","3 Mill St","","0000","44.48843408472527,-73.18632642782285"
"8103535","","April 15, 2026 at 9:02 AM","Burlington","S Winooski Ave","ALTERNATE US-7","Property Damage Only","No Turns, Thru moves only, Broadside ^<","Clear","State Highway numbered route, Class 1 TH","26BU007202","Burlington PD","11","0.739","None/Other","Day","Maple St","None","Heavy Truck","","VT0040100","Four-way Intersection","None","S Winooski Ave","Dry","9993","44.4738101441335,-73.21074555331471"