"ObjectID","Mapped","Crash Date","City/Town","Address","AOT Route","Crash Type","Collision Direction","Weather","Road Group","Report Number","Reporting Agency","Road Group ID","AOT Actual Milepoint","Animal","Time of Day","Intersection With","Impairment","Involving","Non Reportable Address","Reporting Agency ID","Road Characteristics","Road Condition","Street Address","Surface Condition","AOT Route ID","Coordinates"
"8093041","","April 15, 2026 at 4:40 PM","Burlington","Pine St","PINE ST","Property Damage Only","Rear End","Cloudy","Federal Aid Urban System (Class 2 TH's and 3 TH's only)","26BU007233","Burlington PD","2","0.54","None/Other","Day","Locust St","None","None","","VT0040100","Not at a Junction","Road Surface Condition(wet, icy, snow, slush, etc)","Pine St","Wet","0000","44.463322952863415,-73.21471332219011"
"8164080","","April 16, 2026 at 11:36 AM","Burlington","King St","Unknown","Property Damage Only","","","Other Public Roadway (Rest Areas, Shopping Center - anything open to public)","26BU007296","Burlington PD","9","999.99","None/Other","Day","Saint Paul St / Rear Parking Lot Of Flynn Theater","None","Heavy Truck","","VT0040100","Parking Lot","","King St","","0000","44.47548004148733,-73.2133866824756"
"8164008","","April 17, 2026 at 3:41 PM","Burlington","240 Pearl St","Unknown","Property Damage Only","","","Other Public Roadway (Rest Areas, Shopping Center - anything open to public)","26BU007425","Burlington PD","9","999.99","None/Other","Day","Pearl St","None","None","","VT0040100","Parking Lot","","240 Pearl St","","0000","44.48075551856631,-73.20876226821446"
"8164239","","April 17, 2026 at 8:20 PM","Burlington","Church St","CHURCH ST","Property Damage Only","Same Direction Sideswipe","Cloudy","Street or Town Highways in FA Urban Area","26BU007444","Burlington PD","5","999.99","None/Other","Night","King St","None","None","","VT0040100","Not at a Junction","Unknown","Church St","Dry","0000","44.47281383498924,-73.212323580151"
"8127182","","April 19, 2026 at 5:47 AM","Burlington","197 S Willard St","US-7","Property Damage Only","Head On","Rain","State Highway numbered route, Class 1 TH","26BU007565","Burlington PD","11","2.036","None/Other","Night","Jackson Ct","None","None","","VT0040100","Not at a Junction","None","197 S Willard St","Wet","0070","44.47497004733354,-73.20540636351774"
"8117508","","April 19, 2026 at 3:33 PM","Burlington","647 Main St","US-2","Property Damage Only","Rear End","Rain","State Highway numbered route, Class 1 TH","26BU007584","Burlington PD","11","0.588","None/Other","Day","647 Main St","None","None","","VT0040100","Not at a Junction","Road Surface Condition(wet, icy, snow, slush, etc)","647 Main St","Wet","0020","44.474353368612434,-73.19422506425721"
"8164642","","April 19, 2026 at 5:02 PM","Burlington","34 Avenue C","AVENUE B","Property Damage Only","","","Other Public Roadway (Rest Areas, Shopping Center - anything open to public)","26BU007591","Burlington PD","9","999.99","None/Other","Day","Cooperative Way","None","None","","VT0040100","Shared-use path or trail","","34 Avenue C","","0000","44.507277521589735,-73.24403212661022"
"8098660","","April 19, 2026 at 8:41 PM","Burlington","Shelburne St","US-7","Property Damage Only","","","State Highway numbered route, Class 1 TH","26BU007597","Burlington PD","11","1.098","None/Other","Night","Adams Ct","None","None","","VT0040100","Not at a Junction","","Shelburne St","","0070","44.46153883893817,-73.20799861837635"
"8098476","","April 19, 2026 at 10:53 PM","Burlington","Pearl St","COLCHESTER AVE","Property Damage Only","","","Federal Aid Urban System (Class 2 TH's and 3 TH's only)","26BU007605","Burlington PD","2","0.013","None/Other","Night","S Prospect St","None","None","","VT0040100","Not at a Junction","","Pearl St","","0000","44.48070994202185,-73.20029896468724"
"8164216","","April 20, 2026 at 11:59 AM","Burlington","364 Manhattan Dr","MANHATTAN DR","Property Damage Only","","","Street or Town Highways in FA Urban Area","26BU007645","Burlington PD","5","999.99","None/Other","Day","Manhattan Dr","None","None","","VT0040100","Not at a Junction","","364 Manhattan Dr","","0000","44.4905234681984,-73.21397235693173"
"8164254","","April 20, 2026 at 12:23 PM","Burlington","436 S Prospect St","","","","","","26UV002829","UVM Police","","","None/Other","Day","","None","None","","VT0041100","","","436 S Prospect St","","",""
"8164475","","April 20, 2026 at 2:25 PM","Burlington","333 Shelburne St","Unknown","Property Damage Only","","","Other Public Roadway (Rest Areas, Shopping Center - anything open to public)","26BU007658","Burlington PD","9","999.99","None/Other","Day","Burlington Hyundai Parking Lot","None","None","","VT0040100","Parking Lot","","333 Shelburne St","","0000","44.45603175769124,-73.20911650286175"
"8100210","","April 21, 2026 at 2:06 PM","Burlington","176 S Winooski Ave","ALTERNATE US-7","Property Damage Only","","","State Highway numbered route, Class 1 TH","26BU007745","Burlington PD","11","0.84","None/Other","Day","","None","Heavy Truck","","VT0040100","Not at a Junction","","176 S Winooski Ave","","9993","44.47525546165967,-73.21086434702416"
"8164269","","April 22, 2026 at 11:42 AM","Burlington","220 Main St","Unknown","Property Damage Only","Other - Explain in Narrative","Clear","Other Public Roadway (Rest Areas, Shopping Center - anything open to public)","26BU007813","Burlington PD","9","999.99","None/Other","Day","S Winooski Ave","None","None","","VT0040100","Parking Lot","None","220 Main St","Dry","0000","44.476413746794876,-73.21085905904145"
"8122223","","April 22, 2026 at 11:22 PM","Burlington","S Willard St","US-7","Property Damage Only","","","State Highway numbered route, Class 1 TH","26BU007866","Burlington PD","11","2.212","None/Other","Night","College St","None","None","","VT0040100","Four-way Intersection","","S Willard St","","0070","44.477495312365726,-73.20556050798658"
"8164410","","April 24, 2026 at 2:35 PM","Burlington","1127 North Ave","Unknown","Property Damage Only","","","Other Public Roadway (Rest Areas, Shopping Center - anything open to public)","26BU007999","Burlington PD","9","999.99","None/Other","Day","Leddy Park Rd","None","None","","VT0040100","Parking Lot","","1127 North Ave","","0000","44.50556520907721,-73.2457834994813"
"8127622","","April 25, 2026 at 4:25 AM","Burlington","263 North Ave","NORTH AVE","Property Damage Only","Single Vehicle Crash","Clear","Federal Aid Urban System (Class 2 TH's and 3 TH's only)","26BU008060","Burlington PD","2","0.529","None/Other","Night","Convent Square","None","None","","VT0040100","Not at a Junction","None","263 North Ave","Dry","0000","44.48850674020904,-73.22556369894005"
"8102563","","April 25, 2026 at 9:59 AM","Burlington","162 Maple St","MAPLE ST","Property Damage Only","Rear End","Clear","Federal Aid Urban System (Class 2 TH's and 3 TH's only)","26BU008074","Burlington PD","2","0.273","None/Other","Day","162 Maple St","None","None","","VT0040100","Not at a Junction","None","162 Maple St","Dry","0000","44.4736898302653,-73.2128899998823"
"8103146","","April 25, 2026 at 12:58 PM","Burlington","Shelburne St","US-7","Injury","No Turns, Thru moves only, Broadside ^<","Clear","State Highway numbered route, Class 1 TH","26BU008084","Burlington PD","11","0.173","None/Other","Day","I-189","None","None","","VT0040100","T - Intersection","None","Shelburne St","Dry","0070","44.44843695829765,-73.20922073802474"
"8163969","","April 26, 2026 at 12:56 PM","Burlington","College St","COLLEGE ST","Property Damage Only","","","Street or Town Highways in FA Urban Area","26BU008162","Burlington PD","5","999.99","None/Other","Day","Battery St","None","None","","VT0040100","Four-way Intersection","","College St","","0000","44.476884220071355,-73.21908516354804"
"8163937","","April 26, 2026 at 3:52 PM","Burlington","63 Carrigan Dr","Unknown","Property Damage Only","","","Other Public Roadway (Rest Areas, Shopping Center - anything open to public)","26UV003001","UVM Police","9","999.99","None/Other","Day","Jeffords Lot","None","None","","VT0041100","Parking Lot","","63 Carrigan Dr","","0000","44.475118549255924,-73.19317127977756"
"8109356","","April 26, 2026 at 4:24 PM","Burlington","266 Pine St","PINE ST","Injury","Opp Direction Sideswipe","Clear","Federal Aid Urban System (Class 2 TH's and 3 TH's only)","26BU008174","Burlington PD","2","1.235","None/Other","Day","266 Pine St","None","None","","VT0040100","Not at a Junction","None","266 Pine St","Dry","0000","44.47337667736593,-73.21540370454797"
"8164658","","April 26, 2026 at 5:54 PM","Burlington","Rock Point Upper Lot","ROCK POINT RD","Property Damage Only","","","Other Public Roadway (Rest Areas, Shopping Center - anything open to public)","26BU008181","Burlington PD","9","999.99","None/Other","Day","","None","None","","VT0040100","Parking Lot","","Rock Point Upper Lot","","0000","44.49666436733425,-73.24031365680119"
"8103559","","April 27, 2026 at 3:56 PM","Burlington","Williston Rd","US-2","Injury","Right Turn and Thru, Angle Broadside -->^--","Clear","State Highway numbered route, Class 1 TH","26SB006109","So. Burlington PD.","11","0.76","None/Other","Day","Main St","None","None","","VT0040300","Four-way Intersection","None","Williston Rd","Dry","0020","44.47300753433981,-73.19123855290421"
"8164578","","April 28, 2026 at 6:00 PM","Burlington","220 Main St","Unknown","Property Damage Only","Other - Explain in Narrative","Clear","Other Public Roadway (Rest Areas, Shopping Center - anything open to public)","26BU008379","Burlington PD","9","999.99","None/Other","Day","Main St Parking Lot","None","Heavy Truck","","VT0040100","Parking Lot","None","220 Main St","Dry","0000","44.476261549647305,-73.2107315184642"
"8122519","","April 29, 2026 at 2:24 PM","Burlington","College St","COLLEGE ST","Property Damage Only","No Turns, Thru moves only, Broadside ^<","Clear","Federal Aid Urban System (Class 2 TH's and 3 TH's only)","26BU008447","Burlington PD","2","0.197","None/Other","Day","St Paul St","None","None","","VT0040100","Not at a Junction","None","College St","Dry","0000","44.47701118108978,-73.21487159249585"
"8164265","","April 30, 2026 at 2:18 PM","Burlington","655 Spear St","Unknown","Property Damage Only","Other - Explain in Narrative","Rain","Other Public Roadway (Rest Areas, Shopping Center - anything open to public)","26UV003110","UVM Police","9","999.99","None/Other","Day","Bio Research","None","None","","VT0041100","Parking Lot","None","655 Spear St","Wet","0000","44.45580750536427,-73.19286739217976"
"8163962","","May 1, 2026 at 8:02 AM","Burlington","Beaumont Ave","CARRIGAN DR","Property Damage Only","","","Other Public Roadway (Rest Areas, Shopping Center - anything open to public)","26BU008597","Burlington PD","9","999.99","None/Other","Day","Carrigan Dr","None","None","","VT0040100","Other - Explain in Narrative","","Beaumont Ave","","0000","44.475634532026056,-73.19267462270142"
"8108293","","May 1, 2026 at 9:42 AM","Burlington","1251 North Ave","NORTH AVE","Property Damage Only","","","Federal Aid Urban System (Class 2 TH's and 3 TH's only)","26BU008604","Burlington PD","2","2.53","None/Other","Day","1251 North Ave","None","None","","VT0040100","Not at a Junction","","1251 North Ave","","0000","44.510056511423706,-73.24907201911759"
"8164716","","May 1, 2026 at 11:09 AM","Burlington","1 S Prospect St","Unknown","Property Damage Only","Rear End","Clear","Other Public Roadway (Rest Areas, Shopping Center - anything open to public)","26UV003141","UVM Police","9","999.99","None/Other","Day","UHC","None","None","","VT0041100","Parking Lot","None","1 S Prospect St","","0000","44.479955488633436,-73.20132367256217"
"8117439","","May 1, 2026 at 12:51 PM","Burlington","901 North Ave","NORTH AVE","Property Damage Only","","","Federal Aid Urban System (Class 2 TH's and 3 TH's only)","26BU008624","Burlington PD","2","1.672","None/Other","Day","901 North Ave","None","None","","VT0040100","Not at a Junction","","901 North Ave","","0000","44.50148683353235,-73.23746713850527"
"8117260","","May 1, 2026 at 2:03 PM","Burlington","N Prospect St","N PROSPECT ST","Property Damage Only","","","Federal Aid Urban System (Class 2 TH's and 3 TH's only)","26BU008632","Burlington PD","2","0.433","None/Other","Day","Colonial Sq","None","None","","VT0040100","Not at a Junction","","N Prospect St","","0000","44.48690902537306,-73.20188985310784"
"8120729","","May 1, 2026 at 4:16 PM","Burlington","S Union St","N UNION ST","Property Damage Only","","","Federal Aid Urban System (Class 2 TH's and 3 TH's only)","26BU008641","Burlington PD","2","0.301","None/Other","Day","North St","None","None","","VT0040100","Four-way Intersection","","S Union St","","0000","44.48479349628026,-73.2096223517183"
"8164177","","May 1, 2026 at 5:56 PM","Burlington","633 Main St","Unknown","Property Damage Only","","","Other Public Roadway (Rest Areas, Shopping Center - anything open to public)","26UV003153","UVM Police","9","999.99","None/Other","Day","","None","None","","VT0041100","Parking Lot","","633 Main St","","0000","44.47334880302389,-73.19561378493046"
"8111880","","May 2, 2026 at 2:38 PM","Burlington","308 Shelburne Rd","US-7","Property Damage Only","","","State Highway numbered route, Class 1 TH","26BU008728","Burlington PD","11","0.732","None/Other","Day","","None","None","","VT0040100","Not at a Junction","","308 Shelburne Rd","","0070","44.45635412123513,-73.20847545459719"
"8164500","","May 2, 2026 at 4:03 PM","Burlington","1127 North Ave","Unknown","Property Damage Only","","","Other Public Roadway (Rest Areas, Shopping Center - anything open to public)","26BU008738","Burlington PD","9","999.99","None/Other","Day","Hannaford Parking Lot","None","None","","VT0040100","Parking Lot","","1127 North Ave","","0000","44.506091612203605,-73.24648187406201"
"8110264","","May 2, 2026 at 7:40 PM","Burlington","Main St","US-2","Property Damage Only","","","State Highway numbered route, Class 1 TH","26BU008757","Burlington PD","11","0.536","None/Other","Night","University Heights","None","None","","VT0040100","T - Intersection","","Main St","","0020","44.474757886548865,-73.19513127610337"
"8164152","","May 2, 2026 at 7:40 PM","Burlington","184 Pearl St","Unknown","Property Damage Only","","","Other Public Roadway (Rest Areas, Shopping Center - anything open to public)","26BU008889","Burlington PD","9","999.99","None/Other","Night","Pearl St","None","None","","VT0040100","Parking Lot","","184 Pearl St","","0000","44.480648415472096,-73.21151384876495"
"8142710","","May 4, 2026 at 7:17 AM","Burlington","Saint Paul St","SAINT PAUL ST","Property Damage Only","","","Federal Aid Urban System (Class 2 TH's and 3 TH's only)","26BU008865","Burlington PD","2","0.019","None/Other","Day","Howard St","None","None","","VT0040100","Four-way Intersection","","Saint Paul St","","0000","44.46752850784396,-73.2099153238495"
"8124188","","May 4, 2026 at 6:11 PM","Burlington","Pearl St","PEARL ST","Property Damage Only","Rear End","Clear","Federal Aid Urban System (Class 2 TH's and 3 TH's only)","26BU008921","Burlington PD","2","0.275","None/Other","Day","11 Elmwood Ave","None","None","","VT0040100","T - Intersection","None","Pearl St","Dry","0000","44.48042082462717,-73.21365317455863"
"8109289","","May 5, 2026 at 8:07 AM","Burlington","Shelburne Rd","US-7","Property Damage Only","Rear End","Cloudy","State Highway numbered route, Class 1 TH","26SB006580","So. Burlington PD.","11","0.034","None/Other","Day","Queen City Park Rd","None","None","","VT0040300","Not at a Junction","None","Shelburne Rd","Dry","0070","44.446419166317824,-73.20938230492902"
"8114710","","May 5, 2026 at 12:42 PM","Burlington","Maple St","MAPLE ST","Property Damage Only","","","Federal Aid Urban System (Class 2 TH's and 3 TH's only)","26BU008987","Burlington PD","2","0.15","None/Other","Day","Pine St","None","None","","VT0040100","Four-way Intersection","","Maple St","","0000","44.47359354205589,-73.21542054102088"
"8114291","","May 6, 2026 at 4:59 PM","Burlington","420 Pine St","PINE ST","Property Damage Only","Opp Direction Sideswipe","Clear","Federal Aid Urban System (Class 2 TH's and 3 TH's only)","26BU009095","Burlington PD","2","0.844","None/Other","Day","Howard St","None","Bicycle","","VT0040100","Not at a Junction","None","420 Pine St","Wet","0000","44.467720184370556,-73.21502569315224"
"8123828","","May 7, 2026 at 4:03 PM","Burlington","Gove Ct","US-7","Property Damage Only","","","State Highway numbered route, Class 1 TH","26BU009177","Burlington PD","11","1.149","None/Other","Day","Shelburne St","None","None","","VT0040100","Not at a Junction","","Gove Ct","","0070","44.462261010724276,-73.2079260998725"
"8117740","","May 8, 2026 at 2:17 PM","Burlington","S Willard St","US-7","Property Damage Only","","","State Highway numbered route, Class 1 TH","26BU009247","Burlington PD","11","0.671","None/Other","Day","College St","None","None","","VT0040100","Four-way Intersection","","S Willard St","","0070","44.4554903859086,-73.20856276684948"
"8128563","","May 9, 2026 at 3:48 PM","Burlington","137 Shelburne St","US-7","Property Damage Only","","","State Highway numbered route, Class 1 TH","26BU009334","Burlington PD","11","1.105","None/Other","Day","Adams Ct","None","None","","VT0040100","Not at a Junction","","137 Shelburne St","","0070","44.46163796390572,-73.20798866395641"
"8164201","","May 10, 2026 at 11:01 AM","Burlington","29 Allen St","ALLEN ST","Property Damage Only","","","Street or Town Highways in FA Urban Area","26BU009401","Burlington PD","5","999.99","None/Other","Day","Elmwood Ave","None","None","","VT0040100","Not at a Junction","","29 Allen St","","0000","44.48366161698813,-73.21465547757296"
"8164666","","May 10, 2026 at 5:13 PM","Burlington","Northgate Rd","NORTHGATE RD","Injury","Other - Explain in Narrative","Clear","Other Public Roadway (Rest Areas, Shopping Center - anything open to public)","26BU009429","Burlington PD","9","999.99","None/Other","Day","Last Driveway From Northgate Rd Into North Ave","None","Bicycle","","VT0040100","Parking Lot","None","Northgate Rd","Dry","0000","44.52056237213025,-73.26421404972166"
"8122726","","May 11, 2026 at 2:26 PM","Burlington","110 N Union St","N UNION ST","Property Damage Only","","","Federal Aid Urban System (Class 2 TH's and 3 TH's only)","26BU009505","Burlington PD","2","0.22","None/Other","Day","N Union St","None","None","","VT0040100","Not at a Junction","","110 N Union St","","0000","44.48365427960729,-73.2095252489762"
"8164146","","May 11, 2026 at 2:50 PM","Burlington","North Ave","Unknown","Injury","Single Vehicle Crash","Clear","Other Public Roadway (Rest Areas, Shopping Center - anything open to public)","26BU009509","Burlington PD","9","999.99","None/Other","Day","Cooperative Way","None","None","","VT0040100","Parking Lot","None","North Ave","Dry","0000","44.506905052347456,-73.24456815010511"
"8121866","","May 11, 2026 at 4:03 PM","Burlington","Battery St","BATTERY ST","Property Damage Only","","","Federal Aid Urban System (Class 2 TH's and 3 TH's only)","26BU009512","Burlington PD","2","0.313","None/Other","Day","College St","None","None","","VT0040100","Four-way Intersection","","Battery St","","0000","44.47690250940764,-73.21876850154037"
"8141070","","May 12, 2026 at 8:35 AM","Burlington","262-280 Manhattan Dr","MANHATTAN DR","Property Damage Only","Right Turn and Thru, Broadside ^<--","Clear","Federal Aid Urban System (Class 2 TH's and 3 TH's only)","26BU009552","Burlington PD","2","0.163","None/Other","Day","Spring St","None","Heavy Truck","","VT0040100","T - Intersection","None","262-280 Manhattan Dr","Dry","0000","44.488288084527966,-73.21488804602271"
"8117847","","May 12, 2026 at 9:28 AM","Burlington","Pine St","PINE ST","Property Damage Only","Rear End","Clear","Federal Aid Urban System (Class 2 TH's and 3 TH's only)","26BU009557","Burlington PD","2","0.39","None/Other","Day","Lakeside Ave","None","None","","VT0040100","Not at a Junction","None","Pine St","Dry","0000","44.461151490611215,-73.21455986089995"
"8115355","","May 12, 2026 at 12:33 PM","Burlington","Shelburne Rd","I-189","Property Damage Only","Rear End","Cloudy","Ramp or Spur","26SB006981","So. Burlington PD.","7","0.015","None/Other","Day","Swift St","None","None","","VT0040300","Not at a Junction","Work zone (construction / maintenance / utility)","Shelburne Rd","Dry","1890","44.44631276153658,-73.20926835582146"
"8164048","","May 12, 2026 at 7:55 PM","Burlington","47 S Winooski Ave","Unknown","Injury","Other - Explain in Narrative","Clear","Other Public Roadway (Rest Areas, Shopping Center - anything open to public)","26BU009624","Burlington PD","9","999.99","None/Other","Night","47 S Winooski Ave","None","None","","VT0040100","Parking Lot","None","47 S Winooski Ave","Dry","0000","44.4785129638917,-73.2119278371648"
"8164119","","May 13, 2026 at 1:17 PM","Burlington","590 Main St","Unknown","Property Damage Only","Opp Direction Sideswipe","Rain","Other Public Roadway (Rest Areas, Shopping Center - anything open to public)","26UV003475","UVM Police","9","999.99","None/Other","Day","UVM Davis Center","None","None","","VT0041100","Other - Explain in Narrative","None","590 Main St","Wet","0000","44.476138989276635,-73.19736143368587"
"8164432","","May 13, 2026 at 4:27 PM","Burlington","Summit St","SUMMIT ST","Property Damage Only","","","Street or Town Highways in FA Urban Area","26BU009703","Burlington PD","5","999.99","None/Other","Day","Cliff St","None","None","","VT0040100","Not at a Junction","","Summit St","","0000","44.47002525238914,-73.20194624981103"
"8145602","","May 14, 2026 at 2:00 PM","Burlington","COLLEGE ST","COLLEGE ST","Property Damage Only","","","Federal Aid Urban System (Class 2 TH's and 3 TH's only)","26BU010136","Burlington PD","2","0.157","None/Other","Day","PINE ST","None","None","","VT0040100","Not at a Junction","","COLLEGE ST","","0000","44.4769865983358,-73.21566264985925"
"8131491","","May 14, 2026 at 3:11 PM","Burlington","1548 North Ave","NORTH AVE","Property Damage Only","","","Federal Aid Urban System (Class 2 TH's and 3 TH's only)","26BU009796","Burlington PD","2","3.084","None/Other","Day","1548 North Ave","None","None","","VT0040100","Not at a Junction","","1548 North Ave","","0000","44.51550134868436,-73.25644160239503"
"8164558","","May 15, 2026 at 10:00 AM","Burlington","King St","KING ST","Property Damage Only","","","Street or Town Highways in FA Urban Area","26BU009853","Burlington PD","5","999.99","None/Other","Day","Pine St","None","None","","VT0040100","Not at a Junction","","King St","","0000","44.47470028383913,-73.2157527115297"
"8164047","","May 15, 2026 at 3:42 PM","Burlington","1127 North Ave","Unknown","Property Damage Only","","","Other Public Roadway (Rest Areas, Shopping Center - anything open to public)","26BU009877","Burlington PD","9","999.99","None/Other","Day","Hannaford Parking Lot","None","None","","VT0040100","Parking Lot","","1127 North Ave","","0000","44.50604702979809,-73.24641842670368"
"8153589","","May 16, 2026 at 10:00 AM","Burlington","Pearl St","PEARL ST","Property Damage Only","","","Federal Aid Urban System (Class 2 TH's and 3 TH's only)","26BU010135","Burlington PD","2","0.707","None/Other","Day","S Willard S","None","None","","VT0040100","Four-way Intersection","","Pearl St","","0000","44.480666152364385,-73.20536612701098"
"8124266","","May 16, 2026 at 2:41 PM","Burlington","235 College St","COLLEGE ST","Property Damage Only","","","Federal Aid Urban System (Class 2 TH's and 3 TH's only)","26BU009969","Burlington PD","2","0.413","None/Other","Day","S Winooski Ave","None","None","","VT0040100","Not at a Junction","","235 College St","","0000","44.47718431517437,-73.2106054319933"
"8164573","","May 17, 2026 at 12:35 AM","Burlington","1073 Pine St","TOWN ROAD 0008","Property Damage Only","Rear End","Clear","Street or Town Highways in FA Urban Area","26BU010026","Burlington PD","5","999.99","None/Other","Night","Baird St","None","None","","VT0040100","Not at a Junction","None","1073 Pine St","Dry","T0008","44.44920319656663,-73.21456179946813"
"8164681","","May 17, 2026 at 5:46 PM","Burlington","Leddy Beach","Unknown","Property Damage Only","","","Other Public Roadway (Rest Areas, Shopping Center - anything open to public)","26BU010083","Burlington PD","9","999.99","None/Other","Day","Leddy Beach Parking Lot","None","None","","VT0040100","Parking Lot","","Leddy Beach","","0000","44.50348029198811,-73.25219537806431"
"8132237","","May 17, 2026 at 7:06 PM","Burlington","Pine St","PINE ST","Property Damage Only","Left Turn and Thru, Angle Broadside -->v--","Clear","Federal Aid Urban System (Class 2 TH's and 3 TH's only)","26BU010089","Burlington PD","2","0.003","None/Other","Night","Flynn Ave","None","None","","VT0040100","Four-way Intersection","None","Pine St","Dry","0000","44.455484791834124,-73.21418731920936"
"8164185","","May 18, 2026 at 1:48 PM","Burlington","Shelburne St","SHELBURNE ST","Property Damage Only","","","Federal Aid Urban System (Class 2 TH's and 3 TH's only)","26BU010160","Burlington PD","2","1.203","None/Other","Day","Locust St","None","None","","VT0040100","Traffic circle / roundabout","","Shelburne St","","0000","44.46348141647386,-73.20797516152135"
"8145087","","May 18, 2026 at 2:05 PM","Burlington","East Ave","US-2","Property Damage Only","","","State Highway numbered route, Class 1 TH","26BU010163","Burlington PD","11","0.746","None/Other","Day","Main St","None","None","","VT0040100","Not at a Junction","","East Ave","","0020","44.47311746321066,-73.19147753261602"
"8141622","","May 18, 2026 at 4:09 PM","Burlington","Saint Paul St","SAINT PAUL ST","Injury","No Turns, Thru moves only, Broadside ^<","Clear","Federal Aid Urban System (Class 2 TH's and 3 TH's only)","26BU010168","Burlington PD","2","0.002","None/Other","Day","Howard St","None","None","","VT0040100","Five-point or more","None","Saint Paul St","Dry","0000","44.46732216941671,-73.20972641159987"
"8164538","","May 19, 2026 at 12:00 AM","Burlington","111 Colchester Ave","Unknown","Property Damage Only","","","Other Public Roadway (Rest Areas, Shopping Center - anything open to public)","26BU010468","Burlington PD","9","999.99","None/Other","Night","UVMMC Parking Garage Level 2","None","None","","VT0040100","Parking Lot","","111 Colchester Ave","","0000","44.480805634436,-73.19474704620814"
"8123015","","May 19, 2026 at 6:48 PM","Burlington","College St","COLLEGE ST","Property Damage Only","","","Federal Aid Urban System (Class 2 TH's and 3 TH's only)","26BU010302","Burlington PD","2","0.024","None/Other","Day","Battery St","None","None","","VT0040100","Four-way Intersection","","College St","","0000","44.47689116479367,-73.21829191687304"
"8130151","","May 19, 2026 at 8:04 PM","Burlington","Main St","US-2","Property Damage Only","","","State Highway numbered route, Class 1 TH","26BU010306","Burlington PD","11","0.74","None/Other","Night","East Ave","None","Heavy Truck","","VT0040100","Four-way Intersection","","Main St","","0020","44.473165183955906,-73.19158117052342"
"8164105","","May 20, 2026 at 9:42 PM","Burlington","Shelburne St","I-189","Property Damage Only","Left Turn and Thru, Broadside v<--","Clear","Ramp or Spur","26BU010414","Burlington PD","7","0.166","None/Other","Night","89 Off Ramp","None","None","","VT0040100","Off Ramp","None","Shelburne St","Dry","1890","44.448345434527845,-73.20923707184454"
"8164072","","May 21, 2026 at 7:04 AM","Burlington","Washington St","WASHINGTON ST","Property Damage Only","Rear End","Clear","Street or Town Highways in FA Urban Area","26BU010424","Burlington PD","5","999.99","None/Other","Day","North Ave","None","None","","VT0040100","T - Intersection","None","Washington St","Dry","0000","44.48791573286334,-73.22506656579105"
"8129882","","May 21, 2026 at 12:37 PM","Burlington","222 Riverside Ave","US-7","Property Damage Only","","","State Highway numbered route, Class 1 TH","26BU010445","Burlington PD","11","3.709","None/Other","Day","","None","None","","VT0040100","Not at a Junction","","222 Riverside Ave","","0070","44.48669591659233,-73.19310299823367"
"8131705","","May 21, 2026 at 1:31 PM","Burlington","Saint Paul St","ALTERNATE US-7","Injury","No Turns, Thru moves only, Broadside ^<","Clear","State Highway numbered route, Class 1 TH","26BU010453","Burlington PD","11","0.213","None/Other","Day","Catherine St","None","None","","VT0040100","T - Intersection","None","Saint Paul St","Dry","9993","44.466427458107766,-73.20891153056417"
"8137709","","May 21, 2026 at 3:41 PM","Burlington","217 East Ave","EAST AVE","Property Damage Only","","","Federal Aid Urban System (Class 2 TH's and 3 TH's only)","26BU010465","Burlington PD","2","0.261","None/Other","Day","217 East Ave","None","None","","VT0040100","Not at a Junction","","217 East Ave","","0000","44.47629169668655,-73.19110714615574"
"8143419","","May 21, 2026 at 6:37 PM","Burlington","N Prospect St","N PROSPECT ST","Injury","Rear End","Clear","Federal Aid Urban System (Class 2 TH's and 3 TH's only)","26BU010482","Burlington PD","2","0.571","None/Other","Day","Riverside Ave","None","None","","VT0040100","Four-way Intersection","None","N Prospect St","Dry","0000","44.48885314095197,-73.20238065977223"
"8164354","","May 22, 2026 at 5:07 PM","Burlington","163 Cherry St","CHERRY ST","Property Damage Only","Right Turn and Thru, Broadside ^<--","Clear","Street or Town Highways in FA Urban Area","26BU010545","Burlington PD","5","999.99","None/Other","Day","S Winooski Ave","None","Bicycle","","VT0040100","T - Intersection","None","163 Cherry St","Dry","0000","44.47935898922415,-73.21128143830933"
"8164425","","May 22, 2026 at 6:42 PM","Burlington","Riverside Ave","RIVERSIDE AVE","Property Damage Only","","","Street or Town Highways in FA Urban Area","26BU010558","Burlington PD","5","999.99","None/Other","Day","Hillside Ter","None","None","","VT0040100","T - Intersection","","Riverside Ave","","0000","44.488122569273955,-73.19763741461261"
"8129854","","May 22, 2026 at 11:47 PM","Burlington","Battery St","BATTERY ST","Property Damage Only","","","Federal Aid Urban System (Class 2 TH's and 3 TH's only)","26BU010584","Burlington PD","2","0.312","None/Other","Night","College St","None","None","","VT0040100","Four-way Intersection","","Battery St","","0000","44.47688833342423,-73.21876745157905"
"8164649","","May 23, 2026 at 12:08 PM","Burlington","1127 North Ave","Unknown","Property Damage Only","","","Other Public Roadway (Rest Areas, Shopping Center - anything open to public)","26BU010622","Burlington PD","9","999.99","None/Other","Day","Bagel Cafe Parking Lot","None","None","","VT0040100","Parking Lot","","1127 North Ave","","0000","44.5066399903282,-73.24519356571867"