"ObjectID","Mapped","Crash Date","City/Town","Address","AOT Route","Crash Type","Collision Direction","Weather","Road Group","Report Number","Reporting Agency","Road Group ID","AOT Actual Milepoint","Animal","Time of Day","Intersection With","Impairment","Involving","Non Reportable Address","Reporting Agency ID","Road Characteristics","Road Condition","Street Address","Surface Condition","AOT Route ID","Coordinates"
"8128653","","May 23, 2026 at 3:30 PM","Burlington","North Ave","NORTH AVE","Property Damage Only","","","Federal Aid Urban System (Class 2 TH's and 3 TH's only)","26BU010634","Burlington PD","2","2.453","None/Other","Day","Shore Rd","None","None","","VT0040100","T - Intersection","","North Ave","","0000","44.50930422957652,-73.2480677652526"
"8164331","","May 23, 2026 at 6:26 PM","Burlington","N Champlain St","N CHAMPLAIN ST","Property Damage Only","Other - Explain in Narrative","Clear","Other Public Roadway (Rest Areas, Shopping Center - anything open to public)","26BU010647","Burlington PD","9","999.99","None/Other","Day","Peru St","None","None","","VT0040100","Other - Explain in Narrative","None","N Champlain St","Dry","0000","44.48409208535733,-73.21776575915725"
"8164188","","May 23, 2026 at 6:50 PM","Burlington","79 Loomis St","LOOMIS ST","Property Damage Only","","","Street or Town Highways in FA Urban Area","26BU010649","Burlington PD","5","999.99","None/Other","Day","N Willard St","None","None","","VT0040100","Not at a Junction","","79 Loomis St","","0000","44.483235125241315,-73.20654212306418"
"8127661","","May 23, 2026 at 9:48 PM","Burlington","351 Shelburne St","US-7","Property Damage Only","","","State Highway numbered route, Class 1 TH","26BU010661","Burlington PD","11","0.663","None/Other","Night","Home Ave","None","None","","VT0040100","Not at a Junction","","351 Shelburne St","","0070","44.455377179240955,-73.20857546451784"
"8129978","","May 24, 2026 at 10:05 AM","Burlington","Maple St","MAPLE ST","Property Damage Only","Same Direction Sideswipe","Cloudy","Federal Aid Urban System (Class 2 TH's and 3 TH's only)","26BU010690","Burlington PD","2","0.221","None/Other","Day","Saint Paul St","None","None","","VT0040100","Four-way Intersection","None","Maple St","Dry","0000","44.473639324847284,-73.21395908636333"
"8132271","","May 27, 2026 at 10:51 AM","Burlington","Main St","MAIN ST","Property Damage Only","","","Federal Aid Urban System (Class 2 TH's and 3 TH's only)","26BU010965","Burlington PD","2","0.26","None/Other","Day","Saint Paul St","None","Motorcycle","","VT0040100","Four-way Intersection","","Main St","","0000","44.47588963138835,-73.21390422894886"
"8139313","","May 27, 2026 at 2:42 PM","Burlington","122 North St","NORTH ST","Injury","Rear End","Clear","Federal Aid Urban System (Class 2 TH's and 3 TH's only)","26BU010995","Burlington PD","2","0.243","None/Other","Day","N Champlain St","None","Bicycle","","VT0040100","Not at a Junction","None","122 North St","Dry","0000","44.48460909335554,-73.21746082369793"
"8164498","","May 28, 2026 at 1:38 PM","Burlington","595 Shelburne St","Unknown","Property Damage Only","Rear End","Cloudy","Other Public Roadway (Rest Areas, Shopping Center - anything open to public)","26BU011079","Burlington PD","9","999.99","None/Other","Day","595 Shelburne St","None","None","","VT0040100","Parking Lot","None","595 Shelburne St","Dry","0000","44.449201592446755,-73.21049121624964"
"8164406","","May 28, 2026 at 3:12 PM","Burlington","Riverside Ave","RIVERSIDE AVE","Property Damage Only","","","Street or Town Highways in FA Urban Area","26BU011087","Burlington PD","5","999.99","None/Other","Day","Hillside Ter","None","None","","VT0040100","Not at a Junction","","Riverside Ave","","0000","44.48810899132796,-73.19763143436613"
"8151714","","May 28, 2026 at 9:43 PM","Burlington","206 S Winooski Ave","ALTERNATE US-7","Property Damage Only","Rear End","Clear","State Highway numbered route, Class 1 TH","26BU011126","Burlington PD","11","0.792","None/Other","Night","206 S Winooski Ave","None","None","","VT0040100","Not at a Junction","None","206 S Winooski Ave","Dry","9993","44.47456970230706,-73.21078594987374"
"8139584","","May 29, 2026 at 2:46 PM","Burlington","800 Pine St","PINE ST","Property Damage Only","","","Federal Aid Urban System (Class 2 TH's and 3 TH's only)","26BU011205","Burlington PD","2","0.109","None/Other","Day","In Front Of Champlain Elementary","None","None","","VT0040100","Not at a Junction","","800 Pine St","","0000","44.45703690582953,-73.21428998744332"
"8138361","","May 29, 2026 at 4:50 PM","Burlington","N Prospect St","N PROSPECT ST","Property Damage Only","","","Federal Aid Urban System (Class 2 TH's and 3 TH's only)","26BU011216","Burlington PD","2","0.201","None/Other","Day","Loomis St","None","None","","VT0040100","Four-way Intersection","","N Prospect St","","0000","44.483617096865416,-73.2012708405979"
"8164564","","May 30, 2026 at 11:38 AM","Burlington","244 N Winooski Ave","Unknown","Property Damage Only","","","Other Public Roadway (Rest Areas, Shopping Center - anything open to public)","26BU011275","Burlington PD","9","999.99","None/Other","Day","Jake's One Market Parking Lot","None","None","","VT0040100","Parking Lot","","244 N Winooski Ave","","0000","44.48654776503311,-73.2093101228227"
"8164559","","May 31, 2026 at 12:00 AM","Burlington","38 S Winooski Ave","Unknown","Property Damage Only","","","Other Public Roadway (Rest Areas, Shopping Center - anything open to public)","26BU011885","Burlington PD","9","999.99","None/Other","Night","38 S Winooski Ave","None","None","","VT0040100","Parking Lot","","38 S Winooski Ave","","0000","44.47980898920811,-73.21039143797091"
"8143422","","June 1, 2026 at 10:07 AM","Burlington","Pearl St","PEARL ST","Property Damage Only","","","Federal Aid Urban System (Class 2 TH's and 3 TH's only)","26BU011453","Burlington PD","2","0.014","None/Other","Day","Battery St","None","None","","VT0040100","T - Intersection","","Pearl St","","0000","44.48027249825024,-73.2187351570456"
"8156259","","June 1, 2026 at 5:50 PM","Burlington","Battery St","BATTERY ST","Property Damage Only","No Turns, Thru moves only, Broadside ^<","Clear","Federal Aid Urban System (Class 2 TH's and 3 TH's only)","26BU011509","Burlington PD","2","0.312","None/Other","Day","College St","None","Bicycle","","VT0040100","Four-way Intersection","None","Battery St","Dry","0000","44.47688833342423,-73.21876745157905"
"8139153","","June 2, 2026 at 8:27 AM","Burlington","Shelburne St","US-7","Property Damage Only","","","State Highway numbered route, Class 1 TH","26BU011545","Burlington PD","11","0.2","None/Other","Day","189","None","None","","VT0040100","Off Ramp","","Shelburne St","","0070","44.44881957872854,-73.20918891285693"
"8140899","","June 2, 2026 at 8:59 AM","Burlington","246-250 College St","COLLEGE ST","Injury","Left Turn and Thru, Broadside v<--","Clear","Federal Aid Urban System (Class 2 TH's and 3 TH's only)","26BU011548","Burlington PD","2","0.461","None/Other","Day","Fletcher Free Library","None","Bicycle","","VT0040100","Not at a Junction","None","246-250 College St","Dry","0000","44.47725160193946,-73.20966434437871"
"8141862","","June 2, 2026 at 10:47 AM","Burlington","Riverside Ave","US-7","Property Damage Only","","","State Highway numbered route, Class 1 TH","26BU011565","Burlington PD","11","4.136","None/Other","Day","Colchester Ave","None","None","","VT0040100","Not at a Junction","","Riverside Ave","","0070","44.48843859642803,-73.18669054892423"
"8152912","","June 2, 2026 at 3:16 PM","Burlington","36-38 Carrigan Dr","CARRIGAN DR","Property Damage Only","","","Federal Aid Urban System (Class 2 TH's and 3 TH's only)","26UV003934","UVM Police","2","0.176","None/Other","Day","East Ave","None","None","","VT0041100","Four-way Intersection","","36-38 Carrigan Dr","","0000","44.47505825531559,-73.19079426773393"
"8151489","","June 2, 2026 at 9:47 PM","Burlington","Main St","US-2","Injury","No Turns, Thru moves only, Broadside ^<","Clear","State Highway numbered route, Class 1 TH","26BU011635","Burlington PD","11","0.001","None/Other","Night","S Willard St","None","Motorcycle","","VT0040100","Four-way Intersection","None","Main St","Dry","0020","44.47619384061831,-73.20548201734853"
"8150688","","June 3, 2026 at 10:04 AM","Burlington","College St","COLLEGE ST","Property Damage Only","","","Federal Aid Urban System (Class 2 TH's and 3 TH's only)","26BU011661","Burlington PD","2","0.037","None/Other","Day","Battery St","None","None","","VT0040100","Not at a Junction","","College St","","0000","44.47690032358041,-73.21803490033928"
"8158912","","June 3, 2026 at 12:45 PM","Burlington","North St","NORTH ST","Property Damage Only","","","Federal Aid Urban System (Class 2 TH's and 3 TH's only)","26BU011722","Burlington PD","2","0.153","None/Other","Day","Park St","None","None","","VT0040100","Four-way Intersection","","North St","","0000","44.48454039040196,-73.21923226016744"
"8136628","","June 3, 2026 at 2:12 PM","Burlington","Main St","MAIN ST","Property Damage Only","Rear End","Clear","Federal Aid Urban System (Class 2 TH's and 3 TH's only)","26BU011702","Burlington PD","2","0.718","None/Other","Day","S Willard St","None","None","","VT0040100","Four-way Intersection","None","Main St","Dry","0000","44.47619327232782,-73.20550253767293"
"8151651","","June 4, 2026 at 2:43 PM","Burlington","College St","COLLEGE ST","Property Damage Only","","","Federal Aid Urban System (Class 2 TH's and 3 TH's only)","26BU011808","Burlington PD","2","0.008","None/Other","Day","Battery St","None","None","","VT0040100","Four-way Intersection","","College St","","0000","44.47687989283722,-73.2186082448087"
"8160761","","June 5, 2026 at 10:13 AM","Burlington","235 College St","COLLEGE ST.","Property Damage Only","","","Federal Aid Urban System (Class 2 TH's and 3 TH's only)","26BU011873","Burlington PD","2","0.419","None/Other","Day","Fletcher Free Library","None","None","","VT0040100","Not at a Junction","","235 College St","","U5068","44.47719230459608,-73.21048773924593"
"8163954","","June 5, 2026 at 1:40 PM","Burlington","Heineberg Rd","HEINEBERG RD","Property Damage Only","Other - Explain in Narrative","Clear","Street or Town Highways in FA Urban Area","26BU011893","Burlington PD","5","999.99","None/Other","Day","Arlington Ct","None","Heavy Truck","","VT0040100","T - Intersection","None","Heineberg Rd","Dry","0000","44.51081899350016,-73.24638145291158"
"8137195","","June 7, 2026 at 9:52 AM","Burlington","Shelburne Rd","US-7","Property Damage Only","Same Direction Sideswipe","Rain","State Highway numbered route, Class 1 TH","26SB008407","So. Burlington PD.","11","0.226","None/Other","Day","","None","None","","VT0040300","Not at a Junction","Road Surface Condition(wet, icy, snow, slush, etc)","Shelburne Rd","Wet","0070","44.44918742672499,-73.20914630616433"
"8152250","","June 7, 2026 at 8:41 PM","Burlington","Battery St","BATTERY ST","Property Damage Only","Rear End","Clear","Federal Aid Urban System (Class 2 TH's and 3 TH's only)","26BU012139","Burlington PD","2","0.161","None/Other","Night","King St","None","None","","VT0040100","Four-way Intersection","None","Battery St","Dry","0000","44.47468553097294,-73.2186059936837"
"8151748","","June 8, 2026 at 4:06 PM","Burlington","N Winooski Ave","ALTERNATE US-7","Property Damage Only","No Turns, Thru moves only, Broadside ^<","Clear","State Highway numbered route, Class 1 TH","26BU012208","Burlington PD","11","1.788","None/Other","Day","Archibald St","None","None","","VT0040100","Four-way Intersection","None","N Winooski Ave","Dry","9993","44.48802741468796,-73.20776859025702"
"8140819","","June 8, 2026 at 6:23 PM","Burlington","East Ave","EAST AVE","Injury","Rear End","Clear","Federal Aid Urban System (Class 2 TH's and 3 TH's only)","26BU012220","Burlington PD","2","0.175","None/Other","Day","Carrigan Dr","Alcohol","None","","VT0040100","Four-way Intersection","None","East Ave","Dry","0000","44.47504417584928,-73.19079046839613"
"8141841","","June 8, 2026 at 11:48 PM","Burlington","Pearl St","PEARL ST","Property Damage Only","Left Turn and Thru, Same Direction Sideswipe/Angle Crash vv--","Clear","Federal Aid Urban System (Class 2 TH's and 3 TH's only)","26BU012251","Burlington PD","2","0.634","None/Other","Night","Hungerford Ter","None","None","","VT0040100","Not at a Junction","None","Pearl St","Dry","0000","44.480621679065145,-73.20678871768474"
"8164769","","June 9, 2026 at 12:41 PM","Burlington","Lafountain St","LAFOUNTAIN ST","Property Damage Only","Same Direction Sideswipe","Clear","Street or Town Highways in FA Urban Area","26BU012297","Burlington PD","5","999.99","None/Other","Day","Manhattan Dr","None","Heavy Truck","","VT0040100","Not at a Junction","None","Lafountain St","Dry","0000","44.487738990443816,-73.2154714406044"
"8164076","","June 9, 2026 at 1:40 PM","Burlington","King St","KING ST","Property Damage Only","Opp Direction Sideswipe","Clear","Street or Town Highways in FA Urban Area","26BU012300","Burlington PD","5","999.99","None/Other","Day","Battery St","None","Heavy Truck","","VT0040100","Not at a Junction","Unknown","King St","Dry","0000","44.474618988167364,-73.21839144056253"
"8151736","","June 10, 2026 at 11:00 AM","Burlington","Pine St","PINE ST","Property Damage Only","","","Federal Aid Urban System (Class 2 TH's and 3 TH's only)","26BU012384","Burlington PD","2","0.411","None/Other","Day","Lakeside Ave","None","None","","VT0040100","T - Intersection","","Pine St","","0000","44.46145684270826,-73.21458511481926"
"8150783","","June 10, 2026 at 10:04 PM","Burlington","Colchester Ave","COLCHESTER AVE","Injury","Left Turn and Thru, Head On ^v--","Rain","Federal Aid Urban System (Class 2 TH's and 3 TH's only)","26BU012444","Burlington PD","2","0.668","None/Other","Night","East Ave","None","None","","VT0040100","T - Intersection","None","Colchester Ave","Wet","0000","44.482188566224345,-73.1926672515602"
"8163949","","June 11, 2026 at 5:29 PM","Burlington","595 Shelburne St","Unknown","Property Damage Only","","","Other Public Roadway (Rest Areas, Shopping Center - anything open to public)","26BU012535","Burlington PD","9","999.99","None/Other","Day","TJ MAXX PARKING LOT","None","None","","VT0040100","Parking Lot","","595 Shelburne St","","0000","44.449998983396895,-73.2100614368017"
"8153036","","June 11, 2026 at 8:57 PM","Burlington","Colchester Ave","COLCHESTER AVE","Property Damage Only","","","Federal Aid Urban System (Class 2 TH's and 3 TH's only)","26BU012555","Burlington PD","2","1.008","None/Other","Night","Barrett St","None","None","","VT0040100","Four-way Intersection","","Colchester Ave","","0000","44.48803087343165,-73.18672052805671"
"8164043","","June 12, 2026 at 9:04 AM","Burlington","Austin Dr","AUSTIN DR","Injury","Single Vehicle Crash","Clear","Street or Town Highways in FA Urban Area","26BU012581","Burlington PD","5","999.99","None/Other","Day","Queen City Park Rd","None","Bicycle","","VT0040100","T - Intersection","None","Austin Dr","Dry","0000","44.45129898392396,-73.21887143815584"
"8162954","","June 12, 2026 at 11:24 AM","Burlington","East Ave","EAST AVE","Property Damage Only","","","Federal Aid Urban System (Class 2 TH's and 3 TH's only)","26BU012599","Burlington PD","2","0.17","None/Other","Day","Carrigan Dr","None","None","","VT0040100","Four-way Intersection","","East Ave","","0000","44.47497378135092,-73.19077146784073"
"8151055","","June 13, 2026 at 12:48 AM","Burlington","S Union St","S UNION ST","Property Damage Only","Rear End","Clear","Federal Aid Urban System (Class 2 TH's and 3 TH's only)","26BU012692","Burlington PD","2","0.626","None/Other","Night","Maple St","None","None","","VT0040100","Four-way Intersection","None","S Union St","Dry","0000","44.47394713166855,-73.20881974896659"
"8164171","","June 13, 2026 at 1:21 PM","Burlington","131 Elmwood Ave","ELMWOOD AVE","Property Damage Only","Same Direction Sideswipe","Clear","Street or Town Highways in FA Urban Area","26BU012736","Burlington PD","5","999.99","None/Other","Day","131 Elmwood Ave","None","None","","VT0040100","Not at a Junction","None","131 Elmwood Ave","Dry","0000","44.484494534437424,-73.21386110028996"
"8161751","","June 14, 2026 at 10:41 AM","Burlington","267 Riverside Ave","US-7","Injury","Head On","Cloudy","State Highway numbered route, Class 1 TH","26BU012820","Burlington PD","11","3.731","None/Other","Day","Salmon Run Apartments","None","None","","VT0040100","Not at a Junction","None","267 Riverside Ave","Dry","0070","44.48660284668473,-73.19267445149168"
"8151897","","June 15, 2026 at 12:00 AM","Burlington","Shelburne St","US-7","Property Damage Only","","","State Highway numbered route, Class 1 TH","26BU012976","Burlington PD","11","1.211","None/Other","Night","Locust St","None","None","","VT0040100","Traffic circle / roundabout","","Shelburne St","","0070","44.46324898657078,-73.20770310758479"
"8148765","","June 15, 2026 at 4:22 PM","Burlington","57 Maple St","MAPLE ST","Property Damage Only","","","Federal Aid Urban System (Class 2 TH's and 3 TH's only)","26BU012908","Burlington PD","2","0.03","None/Other","Day","S Champlain St","None","None","","VT0040100","Not at a Junction","","57 Maple St","","0000","44.473514744494295,-73.21789059134048"
"8161549","","June 16, 2026 at 7:54 AM","Burlington","North Ave","NORTH AVE","Property Damage Only","","","Federal Aid Urban System (Class 2 TH's and 3 TH's only)","26BU012967","Burlington PD","2","0.212","None/Other","Day","North St / COTS","None","None","","VT0040100","T - Intersection","","North Ave","","0000","44.48467592187805,-73.22252461006389"
"8147562","","June 16, 2026 at 3:55 PM","Burlington","Pine St","PINE ST","Property Damage Only","","","Federal Aid Urban System (Class 2 TH's and 3 TH's only)","26BU013020","Burlington PD","2","1.25","None/Other","Day","Maple St","None","None","","VT0040100","Four-way Intersection","","Pine St","","0000","44.47359383111585,-73.21541278141594"
"8164679","","June 17, 2026 at 6:25 PM","Burlington","595 Shelburne St","Unknown","Property Damage Only","","","Other Public Roadway (Rest Areas, Shopping Center - anything open to public)","26BU013127","Burlington PD","9","999.99","None/Other","Day","Market 32","None","None","","VT0040100","Parking Lot","","595 Shelburne St","","0000","44.44912898437923,-73.21033143580914"
"8157333","","June 17, 2026 at 7:36 PM","Burlington","469 S Willard St","US-7","Injury","Head On","Clear","State Highway numbered route, Class 1 TH","26BU013132","Burlington PD","11","1.485","None/Other","Night","469 S Willard St","None","None","","VT0040100","Not at a Junction","None","469 S Willard St","Dry","0070","44.46713844669099,-73.20603665796402"
"8162486","","June 18, 2026 at 9:37 AM","Burlington","N Prospect St","N PROSPECT ST","Property Damage Only","","","Federal Aid Urban System (Class 2 TH's and 3 TH's only)","26BU013161","Burlington PD","2","0.201","None/Other","Day","Loomis St","None","None","","VT0040100","Four-way Intersection","","N Prospect St","","0000","44.483617096865416,-73.2012708405979"
"8164328","","June 20, 2026 at 2:18 PM","Burlington","47 S Winooski Ave","Unknown","Property Damage Only","","","Other Public Roadway (Rest Areas, Shopping Center - anything open to public)","26BU013338","Burlington PD","9","999.99","None/Other","Day","","None","None","","VT0040100","Parking Lot","","47 S Winooski Ave","","0000","44.47884898959309,-73.2116214387655"
"8164362","","June 20, 2026 at 4:57 PM","Burlington","Pearl St","PEARL ST","Injury","Left Turn and Thru, Broadside v<--","","Street or Town Highways in FA Urban Area","26BU013350","Burlington PD","5","999.99","None/Other","Day","Saint Paul St","None","Bicycle","","VT0040100","T - Intersection","Work zone (construction / maintenance / utility)","Pearl St","Dry","0000","44.480428988940695,-73.21432143942762"
"8164453","","June 22, 2026 at 5:40 PM","Burlington","165 Woodbury Rd","WOODBURY RD","Property Damage Only","","","Street or Town Highways in FA Urban Area","26BU013621","Burlington PD","5","999.99","None/Other","Day","","None","None","","VT0040100","Not at a Junction","","165 Woodbury Rd","","0000","44.50868899205331,-73.25684145534488"
"8163035","","June 23, 2026 at 12:00 AM","Burlington","Shelburne St","SHELBURNE ST","Property Damage Only","","","Federal Aid Urban System (Class 2 TH's and 3 TH's only)","26BU013712","Burlington PD","2","0.28","None/Other","Night","Flynn Ave","None","None","","VT0040100","T - Intersection","","Shelburne St","","0000","44.45512545125809,-73.20860369868298"
"8164011","","June 23, 2026 at 9:08 AM","Burlington","12 Centennial Woods Way","CENTENNIAL WOODS WAY","Property Damage Only","","","Other Public Roadway (Rest Areas, Shopping Center - anything open to public)","26UV004357","UVM Police","9","999.99","None/Other","Day","Centennial Court","None","Heavy Truck","","VT0041100","Other - Explain in Narrative","","12 Centennial Woods Way","","0000","44.475158989189445,-73.189441431008"
"8164472","","June 24, 2026 at 6:04 AM","Burlington","75 Colchester Ave","Unknown","Property Damage Only","","","Other Public Roadway (Rest Areas, Shopping Center - anything open to public)","26UV004373","UVM Police","9","999.99","None/Other","Day","","None","None","","VT0041100","Parking Lot","","75 Colchester Ave","","0000","44.47831898910152,-73.19495143412236"
"8157243","","June 24, 2026 at 9:32 AM","Burlington","Shelburne St","US-7","Property Damage Only","","","State Highway numbered route, Class 1 TH","26BU013689","Burlington PD","11","0.332","None/Other","Day","Home Ave","None","None","","VT0040100","Four-way Intersection","","Shelburne St","","0070","44.45068803090101,-73.20899206793666"
"8156059","","June 24, 2026 at 11:54 AM","Burlington","Maple St","MAPLE ST","Property Damage Only","","","Federal Aid Urban System (Class 2 TH's and 3 TH's only)","26BU013705","Burlington PD","2","0.311","None/Other","Day","Church St","None","None","","VT0040100","Not at a Junction","","Maple St","","0000","44.473727588764056,-73.21210894971308"
"8164327","","June 24, 2026 at 3:19 PM","Burlington","1 S Prospect St","Unknown","Property Damage Only","","","Other Public Roadway (Rest Areas, Shopping Center - anything open to public)","26BU013732","Burlington PD","9","999.99","None/Other","Day","Urgent Care Parking Lot","None","None","","VT0040100","Parking Lot","","1 S Prospect St","","0000","44.479808989777624,-73.20129143521217"
"8152419","","June 24, 2026 at 3:57 PM","Burlington","N Willard St","N WILLARD ST","Property Damage Only","No Turns, Thru moves only, Broadside ^<","Clear","Federal Aid Urban System (Class 2 TH's and 3 TH's only)","26BU013736","Burlington PD","2","0.822","None/Other","Day","North St","None","None","","VT0040100","Four-way Intersection","None","N Willard St","Dry","0000","44.4849406392945,-73.20588016794287"
"8164137","","June 24, 2026 at 6:28 PM","Burlington","76 Pearl St","PEARL ST","Injury","No Turns, Thru moves only, Broadside ^<","Clear","Private Property (Driveways)","26BU013751","Burlington PD","8","999.99","None/Other","Day","Pine St","None","Bicycle","","VT0040100","Driveway","None","76 Pearl St","Dry","0000","44.48040898845494,-73.21604144001819"
"8160987","","June 26, 2026 at 1:37 PM","Burlington","S Prospect St","S PROSPECT ST","Injury","Rear End","Clear","Federal Aid Urban System (Class 2 TH's and 3 TH's only)","26BU013901","Burlington PD","2","1.329","None/Other","Day","Main St","None","None","","VT0040100","Four-way Intersection","None","S Prospect St","Dry","0000","44.47620553010748,-73.20068623247631"
"8164035","","June 27, 2026 at 8:28 AM","Burlington","117 Lakeview Ter","LAKEVIEW TER","Property Damage Only","Rear End","","Street or Town Highways in FA Urban Area","26BU013995","Burlington PD","5","999.99","None/Other","Day","Berry St","None","None","","VT0040100","Not at a Junction","None","117 Lakeview Ter","Dry","0000","44.48682898986464,-73.22536144337016"
"8164708","","June 28, 2026 at 12:00 AM","Burlington","North Beach Park","Unknown","Property Damage Only","","","Other Public Roadway (Rest Areas, Shopping Center - anything open to public)","26BU014314","Burlington PD","9","999.99","None/Other","Night","Parking Lot","None","None","","VT0040100","Parking Lot","","North Beach Park","","0000","44.49320898975856,-73.2403214506529"
"8164748","","June 28, 2026 at 9:14 AM","Burlington","North Ave","NORTH AVE","Property Damage Only","","","Federal Aid Urban System (Class 2 TH's and 3 TH's only)","26BU014094","Burlington PD","2","0.469","None/Other","Day","Berry St","None","None","","VT0040100","T - Intersection","","North Ave","","0000","44.487790602060784,-73.22499377500823"
"8163064","","June 28, 2026 at 4:35 PM","Burlington","Main St","US-2","Property Damage Only","Left Turn and Thru, Broadside v<--","Clear","State Highway numbered route, Class 1 TH","26BU014121","Burlington PD","11","0.748","None/Other","Day","East Ave","None","None","","VT0040100","Four-way Intersection","None","Main St","Dry","0020","44.47310155627042,-73.1914429873388"
"8158331","","June 29, 2026 at 2:57 PM","Burlington","183-267 East Ave","EAST AVE","Property Damage Only","","","Federal Aid Urban System (Class 2 TH's and 3 TH's only)","26UV004472","UVM Police","2","0.178","None/Other","Day","Carigan Drive","None","None","","VT0041100","Four-way Intersection","","183-267 East Ave","","0000","44.475087338269226,-73.19080114085058"
"8164170","","June 30, 2026 at 8:34 AM","Burlington","70 S Williams St","S WILLIAMS ST","Property Damage Only","Head On","Clear","Private Property (Driveways)","26BU014283","Burlington PD","8","999.99","None/Other","Day","70 S Williams St","None","None","","VT0040100","Driveway","None","70 S Williams St","Dry","0000","44.47879898950273,-73.20316143525312"
"8162739","","July 1, 2026 at 4:14 PM","Burlington","Grant","ALTERNATE US-7","Property Damage Only","","","State Highway numbered route, Class 1 TH","26BU014438","Burlington PD","11","1.327","None/Other","Day","N Winooski Ave","None","None","","VT0040100","Not at a Junction","","Grant","","9993","44.48231744720604,-73.21131660148114"
"8158477","","July 3, 2026 at 10:10 AM","Burlington","Pearl St","PEARL ST","Property Damage Only","Rear End","Clear","Federal Aid Urban System (Class 2 TH's and 3 TH's only)","26BU014647","Burlington PD","2","0.46","None/Other","Day","Orchard Ter","None","None","","VT0040100","Not at a Junction","None","Pearl St","Dry","0000","44.4805253475004,-73.2101157970941"
"8164665","","July 3, 2026 at 12:47 PM","Burlington","Shore Rd","SHORE RD","Property Damage Only","","","Street or Town Highways in FA Urban Area","26BU014660","Burlington PD","5","999.99","None/Other","Day","Glenwood Ln","None","Motorcycle","","VT0040100","T - Intersection","","Shore Rd","","0000","44.506628991937085,-73.2535014547691"
"8164795","","July 4, 2026 at 4:34 PM","Burlington","15052 S Prospect St","S PROSPECT ST","Injury","No Turns, Thru moves only, Broadside ^<","Clear","Federal Aid Urban System (Class 2 TH's and 3 TH's only)","26BU014804","Burlington PD","2","0.915","None/Other","Day","College St","None","Pedestrian","","VT0040100","Not at a Junction","None","15052 S Prospect St","Dry","0000","44.477754243650764,-73.20069034351235"
"8159280","","July 5, 2026 at 6:24 PM","Burlington","Riverside Ave","US-7","Property Damage Only","","","State Highway numbered route, Class 1 TH","26BU014904","Burlington PD","11","3.211","None/Other","Day","Intervale Rd","None","None","","VT0040100","Four-way Intersection","","Riverside Ave","","0070","44.48902990209735,-73.20257279936072"
"8164510","","July 6, 2026 at 10:36 AM","Burlington","Center St","TOWN ROAD 0149","Property Damage Only","","","Street or Town Highways in FA Urban Area","26BU014959","Burlington PD","5","999.99","None/Other","Day","College St","None","None","","VT0040100","T - Intersection","","Center St","","T0149","44.47727898809847,-73.21150143855861"
"8163785","","July 7, 2026 at 1:24 PM","Burlington","S Winooski Ave","ALTERNATE US-7","Injury","Left Turn and Thru, Angle Broadside -->v--","Clear","State Highway numbered route, Class 1 TH","26BU015072","Burlington PD","11","0.97","None/Other","Day","College St","None","Bicycle","","VT0040100","Four-way Intersection","None","S Winooski Ave","Dry","9993","44.477144649771716,-73.21105621590986"
"8157599","","July 7, 2026 at 4:25 PM","Burlington","182-266 East Ave","EAST AVE","Property Damage Only","Same Direction Sideswipe","Clear","Federal Aid Urban System (Class 2 TH's and 3 TH's only)","26UV004634","UVM Police","2","0.177","None/Other","Day","East Ave// Carrogam Dr","None","None","","VT0041100","Four-way Intersection","None","182-266 East Ave","Dry","0000","44.47507279678655,-73.19079770527327"
"8158817","","July 9, 2026 at 12:56 PM","Burlington","235 College St","COLLEGE ST","Property Damage Only","","","Federal Aid Urban System (Class 2 TH's and 3 TH's only)","26BU015288","Burlington PD","2","0.409","None/Other","Day","235 College St","None","None","","VT0040100","Not at a Junction","","235 College St","","0000","44.47717898976741,-73.21068389316297"
"8159261","","July 9, 2026 at 3:35 PM","Burlington","Pearl St","PEARL ST","Property Damage Only","","","Federal Aid Urban System (Class 2 TH's and 3 TH's only)","26BU015311","Burlington PD","2","0.16","None/Other","Day","Pine St","None","Heavy Truck","","VT0040100","T - Intersection","","Pearl St","","0000","44.48034736371833,-73.21587828973594"
"8164691","","July 12, 2026 at 12:28 PM","Burlington","89 Beaumont Ave","Unknown","Property Damage Only","","","Other Public Roadway (Rest Areas, Shopping Center - anything open to public)","26UV004725","UVM Police","9","999.99","None/Other","Day","","None","None","","VT0041100","Parking Lot","","89 Beaumont Ave","","0000","44.47603898876962,-73.19309143270986"
"8160967","","July 13, 2026 at 12:53 PM","Burlington","Main St","US-2","Property Damage Only","Left Turn and Thru, Same Direction Sideswipe/Angle Crash vv--","Clear","State Highway numbered route, Class 1 TH","26UV004749","UVM Police","11","0.538","None/Other","Day","Main St / University Hgts","None","None","","VT0041100","T - Intersection","None","Main St","Dry","0020","44.47474275822567,-73.19509605466713"
"8164016","","July 15, 2026 at 4:13 PM","Burlington","150 Bank St","TOWN ROAD 0113","Property Damage Only","","","Street or Town Highways in FA Urban Area","26BU015954","Burlington PD","5","999.99","None/Other","Day","150 Bank St","None","None","","VT0040100","Not at a Junction","","150 Bank St","","T0113","44.478178988646484,-73.21383143980039"
"8164205","","July 15, 2026 at 9:45 PM","Burlington","Maple St","MAPLE ST","Property Damage Only","","","Federal Aid Urban System (Class 2 TH's and 3 TH's only)","26BU015979","Burlington PD","2","0.074","None/Other","Night","S Champlain St","None","None","","VT0040100","Four-way Intersection","","Maple St","","0000","44.47353854283097,-73.21698459226754"